2026-05-20 00:02:46,341 [INFO] 已抓 0 天, 范围 2026-05-19 → 2026-05-19
2026-05-20 00:02:46,680 [INFO] === 2026-05-19 ===
2026-05-20 00:02:46,772 [INFO]   #1 OCR=rozx
2026-05-20 00:02:46,925 [INFO]     第 1 页 20 条 (2026/05/19 23:59:59 → 2026/05/19 22:53:24)
2026-05-20 00:02:47,058 [INFO]     第 2 页 20 条 (2026/05/19 23:59:59 → 2026/05/19 22:53:24)
2026-05-20 00:02:47,058 [WARNING]     分页参数似乎无效, 停止翻页
2026-05-20 00:02:47,059 [INFO]   ✓ 2026-05-19 22:53:24 折算价=683.75
2026-05-20 09:28:20,369 [INFO] 已抓 1 天 | 范围 2025-06-01 → 2025-06-01
2026-05-20 09:28:20,747 [INFO] === 2025-06-01 ===
2026-05-20 09:28:20,886 [INFO]   #1 OCR=pcj
2026-05-20 09:28:20,948 [INFO]   #1 验证码错误, 重试
2026-05-20 09:28:21,016 [INFO]   #2 OCR=EHcQ
2026-05-20 09:28:21,086 [INFO]   #2 验证码错误, 重试
2026-05-20 09:28:21,152 [INFO]   #3 OCR=sd49
2026-05-20 09:28:21,302 [INFO]     第 1 页 6 条 (2025/06/01 10:30:00 → 2025/06/01 00:00:05)  共 1 页
2026-05-20 09:28:21,302 [INFO]   ✓ 2025-06-01 10:30:00  折算价=718.48
2026-05-20 09:28:22,638 [INFO] == 全部完成 ==
2026-05-20 09:31:42,865 [INFO] 已抓 2 天 | 范围 2025-06-04 → 2025-06-04
2026-05-20 09:31:43,244 [INFO] === 2025-06-04 ===
2026-05-20 09:31:43,326 [INFO]   #1 OCR=eegl
2026-05-20 09:31:43,511 [INFO]     第 1 页 20 条 (2025/06/04 23:54:27 → 2025/06/04 20:16:54)  共 10 页
2026-05-20 09:31:43,651 [INFO]     第 2 页 20 条 (2025/06/04 20:16:36 → 2025/06/04 16:31:34)
2026-05-20 09:31:44,347 [INFO]     第 3 页 20 条 (2025/06/04 16:30:55 → 2025/06/04 15:27:22)
2026-05-20 09:31:45,176 [INFO]     第 4 页 20 条 (2025/06/04 15:24:52 → 2025/06/04 14:28:27)
2026-05-20 09:31:45,666 [INFO]     第 5 页 20 条 (2025/06/04 14:26:50 → 2025/06/04 13:53:47)
2026-05-20 09:31:46,384 [INFO]     第 6 页 20 条 (2025/06/04 13:51:12 → 2025/06/04 11:27:23)
2026-05-20 09:31:46,897 [INFO]     第 7 页 20 条 (2025/06/04 11:25:05 → 2025/06/04 10:11:25)
2026-05-20 09:31:47,449 [INFO]     第 8 页 20 条 (2025/06/04 10:10:21 → 2025/06/04 09:39:37)
2026-05-20 09:31:47,455 [INFO]   ✓ 2025-06-04 10:00:14  折算价=718.86
2026-05-20 09:31:48,298 [INFO] == 全部完成 ==
2026-05-20 09:34:24,242 [INFO] 已抓 0 天 | 范围 2025-01-01 → 2026-05-20
2026-05-20 09:34:24,963 [INFO] === 2025-01-01 ===
2026-05-20 09:34:25,119 [INFO]   #1 OCR=ocTt
2026-05-20 09:34:25,361 [INFO]     第 1 页 12 条 (2025/01/01 10:30:00 → 2025/01/01 00:00:05)  共 1 页
2026-05-20 09:34:25,361 [INFO]   ✓ 2025-01-01 10:30:00  折算价=718.84
2026-05-20 09:34:26,852 [INFO] === 2025-01-02 ===
2026-05-20 09:34:32,592 [INFO]   #1 OCR=EsjD
2026-05-20 09:34:32,815 [INFO]     第 1 页 20 条 (2025/01/02 23:59:46 → 2025/01/02 18:38:44)  共 4 页
2026-05-20 09:34:32,953 [INFO]     第 2 页 20 条 (2025/01/02 17:57:36 → 2025/01/02 10:30:00)
2026-05-20 09:34:33,448 [INFO]     第 3 页 20 条 (2025/01/02 10:30:00 → 2025/01/02 07:31:44)
2026-05-20 09:34:33,453 [INFO]   ✓ 2025-01-02 10:10:17  折算价=718.79
2026-05-20 09:34:34,711 [INFO] === 2025-01-03 ===
2026-05-20 09:34:34,792 [INFO]   #1 OCR=cR6j
2026-05-20 09:34:35,002 [INFO]     第 1 页 20 条 (2025/01/03 23:50:49 → 2025/01/03 16:52:09)  共 5 页
2026-05-20 09:34:35,136 [INFO]     第 2 页 20 条 (2025/01/03 16:51:45 → 2025/01/03 15:27:21)
2026-05-20 09:34:35,868 [INFO]     第 3 页 20 条 (2025/01/03 15:25:23 → 2025/01/03 10:44:20)
2026-05-20 09:34:36,345 [INFO]     第 4 页 20 条 (2025/01/03 10:30:00 → 2025/01/03 02:52:02)
2026-05-20 09:34:36,350 [INFO]   ✓ 2025-01-03 10:00:37  折算价=718.78
2026-05-20 09:34:37,549 [INFO] === 2025-01-04 ===
2026-05-20 09:34:37,626 [INFO]   #1 OCR=S7s
2026-05-20 09:34:37,774 [INFO]   #1 验证码错误, 重试
2026-05-20 09:34:37,884 [INFO]   #2 OCR=nur
2026-05-20 09:34:38,006 [INFO]   #2 验证码错误, 重试
2026-05-20 09:34:38,080 [INFO]   #3 OCR=cyuR
2026-05-20 09:34:38,199 [INFO]   #3 验证码错误, 重试
2026-05-20 09:34:38,272 [INFO]   #4 OCR=uuBM
2026-05-20 09:34:38,458 [INFO]     第 1 页 15 条 (2025/01/04 10:30:00 → 2025/01/04 00:00:05)  共 1 页
2026-05-20 09:34:38,459 [INFO]   ✓ 2025-01-04 10:30:00  折算价=718.78
2026-05-20 09:34:39,913 [INFO] === 2025-01-05 ===
2026-05-20 09:34:39,984 [INFO]   #1 OCR=1ips
2026-05-20 09:34:40,105 [INFO]   #1 验证码错误, 重试
2026-05-20 09:34:40,176 [INFO]   #2 OCR=snot
2026-05-20 09:34:40,292 [INFO]   #2 验证码错误, 重试
2026-05-20 09:34:40,364 [INFO]   #3 OCR=wzqq
2026-05-20 09:34:40,556 [INFO]     第 1 页 6 条 (2025/01/05 10:30:00 → 2025/01/05 00:00:05)  共 1 页
2026-05-20 09:34:40,556 [INFO]   ✓ 2025-01-05 10:30:00  折算价=718.78
2026-05-20 09:34:41,788 [INFO] === 2025-01-06 ===
2026-05-20 09:34:41,860 [INFO]   #1 OCR=cw1c
2026-05-20 09:34:42,004 [INFO]     第 1 页 20 条 (2025/01/06 23:46:04 → 2025/01/06 21:47:36)  共 7 页
2026-05-20 09:34:42,137 [INFO]     第 2 页 20 条 (2025/01/06 21:38:40 → 2025/01/06 20:02:30)
2026-05-20 09:34:42,722 [INFO]     第 3 页 20 条 (2025/01/06 20:02:07 → 2025/01/06 17:12:12)
2026-05-20 09:34:43,556 [INFO]     第 4 页 20 条 (2025/01/06 17:05:42 → 2025/01/06 11:24:08)
2026-05-20 09:34:44,159 [INFO]     第 5 页 20 条 (2025/01/06 11:14:52 → 2025/01/06 09:49:32)
2026-05-20 09:34:44,165 [INFO]   ✓ 2025-01-06 10:01:33  折算价=718.76
2026-05-20 09:34:45,381 [INFO] === 2025-01-07 ===
2026-05-20 09:34:45,455 [INFO]   #1 OCR=Jcxy
2026-05-20 09:34:45,803 [INFO]     第 1 页 20 条 (2025/01/07 23:55:16 → 2025/01/07 19:11:03)  共 7 页
2026-05-20 09:34:46,006 [INFO]     第 2 页 20 条 (2025/01/07 18:29:45 → 2025/01/07 15:27:20)
2026-05-20 09:34:46,657 [INFO]     第 3 页 20 条 (2025/01/07 15:24:30 → 2025/01/07 14:13:26)
2026-05-20 09:34:47,450 [INFO]     第 4 页 20 条 (2025/01/07 14:12:27 → 2025/01/07 13:37:57)
2026-05-20 09:34:48,259 [INFO]     第 5 页 20 条 (2025/01/07 13:37:38 → 2025/01/07 09:33:12)
2026-05-20 09:34:48,264 [INFO]   ✓ 2025-01-07 10:00:22  折算价=718.79
2026-05-20 09:34:49,383 [INFO] === 2025-01-08 ===
2026-05-20 09:34:49,563 [INFO]   #1 OCR=I4cd
2026-05-20 09:34:49,811 [INFO]     第 1 页 20 条 (2025/01/08 23:20:39 → 2025/01/08 19:11:37)  共 4 页
2026-05-20 09:34:49,949 [INFO]     第 2 页 20 条 (2025/01/08 18:36:57 → 2025/01/08 13:47:19)
2026-05-20 09:34:50,666 [INFO]     第 3 页 20 条 (2025/01/08 12:58:48 → 2025/01/08 07:36:48)
2026-05-20 09:34:50,671 [INFO]   ✓ 2025-01-08 10:10:02  折算价=718.87
2026-05-20 09:34:52,000 [INFO] === 2025-01-09 ===
2026-05-20 09:34:52,072 [INFO]   #1 OCR=xBoa
2026-05-20 09:34:52,241 [INFO]     第 1 页 20 条 (2025/01/09 23:45:26 → 2025/01/09 15:37:33)  共 4 页
2026-05-20 09:34:52,364 [INFO]     第 2 页 20 条 (2025/01/09 15:35:26 → 2025/01/09 10:12:23)
2026-05-20 09:34:52,809 [INFO]     第 3 页 20 条 (2025/01/09 10:11:56 → 2025/01/09 02:50:32)
2026-05-20 09:34:52,814 [INFO]   ✓ 2025-01-09 10:07:13  折算价=718.86
2026-05-20 09:34:54,112 [INFO] === 2025-01-10 ===
2026-05-20 09:34:54,189 [INFO]   #1 OCR=6dqx
2026-05-20 09:34:54,409 [INFO]     第 1 页 20 条 (2025/01/10 23:53:49 → 2025/01/10 21:30:41)  共 4 页
2026-05-20 09:34:54,584 [INFO]     第 2 页 20 条 (2025/01/10 21:29:34 → 2025/01/10 13:59:58)
2026-05-20 09:34:55,376 [INFO]     第 3 页 20 条 (2025/01/10 13:51:56 → 2025/01/10 05:30:00)
2026-05-20 09:34:55,381 [INFO]   ✓ 2025-01-10 10:10:21  折算价=718.91
2026-05-20 09:34:56,215 [INFO] === 2025-01-11 ===
2026-05-20 09:34:56,285 [INFO]   #1 OCR=btyj
2026-05-20 09:34:56,460 [INFO]     第 1 页 16 条 (2025/01/11 10:30:00 → 2025/01/11 00:00:05)  共 1 页
2026-05-20 09:34:56,460 [INFO]   ✓ 2025-01-11 10:30:00  折算价=718.91
2026-05-20 09:34:57,374 [INFO] === 2025-01-12 ===
2026-05-20 09:34:57,450 [INFO]   #1 OCR=gg7f
2026-05-20 09:34:57,628 [INFO]     第 1 页 6 条 (2025/01/12 10:30:00 → 2025/01/12 00:00:05)  共 1 页
2026-05-20 09:34:57,629 [INFO]   ✓ 2025-01-12 10:30:00  折算价=718.91
2026-05-20 09:34:58,923 [INFO] === 2025-01-13 ===
2026-05-20 09:34:58,994 [INFO]   #1 OCR=vssw
2026-05-20 09:34:59,164 [INFO]     第 1 页 20 条 (2025/01/13 23:21:34 → 2025/01/13 16:41:46)  共 4 页
2026-05-20 09:34:59,293 [INFO]     第 2 页 20 条 (2025/01/13 16:34:56 → 2025/01/13 11:19:59)
2026-05-20 09:34:59,924 [INFO]     第 3 页 20 条 (2025/01/13 11:03:20 → 2025/01/13 09:16:17)
2026-05-20 09:34:59,933 [INFO]   ✓ 2025-01-13 10:02:48  折算价=718.85
2026-05-20 09:35:01,119 [INFO] === 2025-01-14 ===
2026-05-20 09:35:01,191 [INFO]   #1 OCR=5Jsk
2026-05-20 09:35:01,399 [INFO]     第 1 页 20 条 (2025/01/14 23:48:30 → 2025/01/14 16:44:35)  共 4 页
2026-05-20 09:35:01,534 [INFO]     第 2 页 20 条 (2025/01/14 16:16:28 → 2025/01/14 10:30:00)
2026-05-20 09:35:02,238 [INFO]     第 3 页 20 条 (2025/01/14 10:19:09 → 2025/01/14 09:25:48)
2026-05-20 09:35:02,243 [INFO]   ✓ 2025-01-14 10:02:41  折算价=718.78
2026-05-20 09:35:03,228 [INFO] === 2025-01-15 ===
2026-05-20 09:35:03,301 [INFO]   #1 OCR=wzbf
2026-05-20 09:35:03,431 [INFO]   #1 验证码错误, 重试
2026-05-20 09:35:03,501 [INFO]   #2 OCR=a7y2
2026-05-20 09:35:03,697 [INFO]     第 1 页 20 条 (2025/01/15 23:53:25 → 2025/01/15 21:31:29)  共 5 页
2026-05-20 09:35:03,846 [INFO]     第 2 页 20 条 (2025/01/15 21:30:48 → 2025/01/15 15:55:04)
2026-05-20 09:35:04,393 [INFO]     第 3 页 20 条 (2025/01/15 15:50:56 → 2025/01/15 10:21:02)
2026-05-20 09:35:05,188 [INFO]     第 4 页 20 条 (2025/01/15 10:18:12 → 2025/01/15 00:11:02)
2026-05-20 09:35:05,193 [INFO]   ✓ 2025-01-15 10:03:41  折算价=718.83
2026-05-20 09:35:06,022 [INFO] === 2025-01-16 ===
2026-05-20 09:35:06,104 [INFO]   #1 OCR=51g
2026-05-20 09:35:06,251 [INFO]   #1 验证码错误, 重试
2026-05-20 09:35:06,324 [INFO]   #2 OCR=5tk
2026-05-20 09:35:06,470 [INFO]   #2 验证码错误, 重试
2026-05-20 09:35:06,543 [INFO]   #3 OCR=xp3y
2026-05-20 09:35:06,755 [INFO]     第 1 页 20 条 (2025/01/16 23:39:24 → 2025/01/16 18:37:38)  共 4 页
2026-05-20 09:35:06,892 [INFO]     第 2 页 20 条 (2025/01/16 17:35:44 → 2025/01/16 10:24:14)
2026-05-20 09:35:07,654 [INFO]     第 3 页 20 条 (2025/01/16 10:18:54 → 2025/01/16 05:30:00)
2026-05-20 09:35:07,661 [INFO]   ✓ 2025-01-16 10:00:00  折算价=718.81
2026-05-20 09:35:08,581 [INFO] === 2025-01-17 ===
2026-05-20 09:35:08,656 [INFO]   #1 OCR='4C' 长度异常, 跳过
2026-05-20 09:35:08,780 [INFO]   #2 OCR=9z00
2026-05-20 09:35:08,907 [INFO]   #2 验证码错误, 重试
2026-05-20 09:35:08,976 [INFO]   #3 OCR=aZ6z
2026-05-20 09:35:09,179 [INFO]     第 1 页 20 条 (2025/01/17 23:47:25 → 2025/01/17 18:04:20)  共 6 页
2026-05-20 09:35:09,327 [INFO]     第 2 页 20 条 (2025/01/17 17:56:03 → 2025/01/17 11:35:01)
2026-05-20 09:35:09,967 [INFO]     第 3 页 20 条 (2025/01/17 11:29:14 → 2025/01/17 10:03:57)
2026-05-20 09:35:10,795 [INFO]     第 4 页 20 条 (2025/01/17 10:03:30 → 2025/01/17 09:38:26)
2026-05-20 09:35:10,801 [INFO]   ✓ 2025-01-17 10:00:31  折算价=718.89
2026-05-20 09:35:12,074 [INFO] === 2025-01-18 ===
2026-05-20 09:35:12,151 [INFO]   #1 OCR=ueok
2026-05-20 09:35:12,306 [WARNING]   #1 第 1 页无数据, 可能验证码失败或日期无效
2026-05-20 09:35:12,376 [INFO]   #2 OCR=skIo
2026-05-20 09:35:12,578 [INFO]     第 1 页 16 条 (2025/01/18 10:30:00 → 2025/01/18 00:00:05)  共 1 页
2026-05-20 09:35:12,578 [INFO]   ✓ 2025-01-18 10:30:00  折算价=718.89
2026-05-20 09:35:13,879 [INFO] === 2025-01-19 ===
2026-05-20 09:35:13,954 [INFO]   #1 OCR=vDPP
2026-05-20 09:35:14,153 [INFO]     第 1 页 6 条 (2025/01/19 10:30:00 → 2025/01/19 00:00:05)  共 1 页
2026-05-20 09:35:14,153 [INFO]   ✓ 2025-01-19 10:30:00  折算价=718.89
2026-05-20 09:35:15,486 [INFO] === 2025-01-20 ===
2026-05-20 09:35:15,560 [INFO]   #1 OCR=xvuo
2026-05-20 09:35:15,683 [WARNING]   #1 第 1 页无数据, 可能验证码失败或日期无效
2026-05-20 09:35:15,754 [INFO]   #2 OCR=rhoo
2026-05-20 09:35:15,877 [INFO]   #2 验证码错误, 重试
2026-05-20 09:35:15,950 [INFO]   #3 OCR=bb2g
2026-05-20 09:35:16,151 [INFO]     第 1 页 20 条 (2025/01/20 23:58:49 → 2025/01/20 22:41:56)  共 9 页
2026-05-20 09:35:16,282 [INFO]     第 2 页 20 条 (2025/01/20 22:40:55 → 2025/01/20 21:52:11)
2026-05-20 09:35:16,846 [INFO]     第 3 页 20 条 (2025/01/20 21:50:57 → 2025/01/20 18:47:42)
2026-05-20 09:35:17,595 [INFO]     第 4 页 20 条 (2025/01/20 18:47:40 → 2025/01/20 15:44:18)
2026-05-20 09:35:18,028 [WARNING]     第 5 页无数据, 停止
2026-05-20 09:35:18,029 [INFO]   ✓ 2025-01-20 15:44:18  折算价=718.86
2026-05-20 09:35:19,008 [INFO] === 2025-01-21 ===
2026-05-20 09:35:19,087 [INFO]   #1 OCR=GoTE
2026-05-20 09:35:19,303 [INFO]     第 1 页 20 条 (2025/01/21 23:39:16 → 2025/01/21 19:27:52)  共 8 页
2026-05-20 09:35:19,436 [INFO]     第 2 页 20 条 (2025/01/21 19:27:33 → 2025/01/21 16:17:15)
2026-05-20 09:35:19,849 [WARNING]     第 3 页无数据, 停止
2026-05-20 09:35:19,850 [INFO]   ✓ 2025-01-21 16:17:15  折算价=717.03
2026-05-20 09:35:20,833 [INFO] === 2025-01-22 ===
2026-05-20 09:35:20,910 [INFO]   #1 OCR=xqxy
2026-05-20 09:35:21,123 [INFO]     第 1 页 20 条 (2025/01/22 23:43:36 → 2025/01/22 18:03:10)  共 6 页
2026-05-20 09:35:21,265 [INFO]     第 2 页 20 条 (2025/01/22 17:59:42 → 2025/01/22 14:43:44)
2026-05-20 09:35:21,745 [INFO]     第 3 页 20 条 (2025/01/22 14:33:57 → 2025/01/22 11:08:06)
2026-05-20 09:35:22,133 [WARNING]     第 4 页无数据, 停止
2026-05-20 09:35:22,134 [INFO]   ✓ 2025-01-22 11:08:06  折算价=716.96
2026-05-20 09:35:23,000 [INFO] === 2025-01-23 ===
2026-05-20 09:35:23,074 [INFO]   #1 OCR=Qt2a
2026-05-20 09:35:23,274 [INFO]     第 1 页 20 条 (2025/01/23 23:59:22 → 2025/01/23 16:29:12)  共 6 页
2026-05-20 09:35:23,416 [INFO]     第 2 页 20 条 (2025/01/23 16:22:24 → 2025/01/23 14:19:52)
2026-05-20 09:35:23,945 [INFO]     第 3 页 20 条 (2025/01/23 14:03:35 → 2025/01/23 10:59:33)
2026-05-20 09:35:24,506 [WARNING]     第 4 页无数据, 停止
2026-05-20 09:35:24,507 [INFO]   ✓ 2025-01-23 10:59:33  折算价=717.08
2026-05-20 09:35:25,440 [INFO] === 2025-01-24 ===
2026-05-20 09:35:25,517 [INFO]   #1 OCR=buft
2026-05-20 09:35:30,451 [WARNING]   #1 第 1 页无数据, 可能验证码失败或日期无效
2026-05-20 09:35:30,531 [INFO]   #2 OCR=P8c2
2026-05-20 09:35:30,665 [INFO]     第 1 页 20 条 (2025/01/24 23:58:54 → 2025/01/24 18:24:20)  共 9 页
2026-05-20 09:35:31,444 [INFO]     第 2 页 20 条 (2025/01/24 18:08:01 → 2025/01/24 16:13:18)
2026-05-20 09:35:32,217 [INFO]     第 3 页 20 条 (2025/01/24 16:09:22 → 2025/01/24 14:51:43)
2026-05-20 09:35:32,607 [WARNING]     第 4 页无数据, 停止
2026-05-20 09:35:32,608 [INFO]   ✓ 2025-01-24 14:51:43  折算价=717.05
2026-05-20 09:35:33,623 [INFO] === 2025-01-25 ===
2026-05-20 09:35:33,696 [INFO]   #1 OCR=tug6
2026-05-20 09:35:33,834 [INFO]   #1 验证码错误, 重试
2026-05-20 09:35:33,908 [INFO]   #2 OCR=howk
2026-05-20 09:35:34,051 [INFO]   #2 验证码错误, 重试
2026-05-20 09:35:34,119 [INFO]   #3 OCR=xaxu
2026-05-20 09:35:34,337 [INFO]     第 1 页 14 条 (2025/01/25 10:30:00 → 2025/01/25 00:00:05)  共 1 页
2026-05-20 09:35:34,338 [INFO]   ✓ 2025-01-25 10:30:00  折算价=717.05
2026-05-20 09:35:35,428 [INFO] === 2025-01-26 ===
2026-05-20 09:35:35,501 [INFO]   #1 OCR=ziRz
2026-05-20 09:35:35,634 [INFO]   #1 验证码错误, 重试
2026-05-20 09:35:35,703 [INFO]   #2 OCR=Psy7
2026-05-20 09:35:35,883 [INFO]     第 1 页 6 条 (2025/01/26 10:30:00 → 2025/01/26 00:00:05)  共 1 页
2026-05-20 09:35:35,884 [INFO]   ✓ 2025-01-26 10:30:00  折算价=717.05
2026-05-20 09:35:36,792 [INFO] === 2025-01-27 ===
2026-05-20 09:35:36,870 [INFO]   #1 OCR=hD7d
2026-05-20 09:35:37,059 [INFO]     第 1 页 20 条 (2025/01/27 23:58:32 → 2025/01/27 19:10:03)  共 7 页
2026-05-20 09:35:37,207 [INFO]     第 2 页 20 条 (2025/01/27 19:03:41 → 2025/01/27 17:06:47)
2026-05-20 09:35:37,784 [INFO]     第 3 页 20 条 (2025/01/27 17:04:30 → 2025/01/27 14:25:52)
2026-05-20 09:35:38,226 [WARNING]     第 4 页无数据, 停止
2026-05-20 09:35:38,226 [INFO]   ✓ 2025-01-27 14:25:52  折算价=716.98
2026-05-20 09:35:39,062 [INFO] === 2025-01-28 ===
2026-05-20 09:35:39,176 [INFO]   #1 OCR=ykrv
2026-05-20 09:35:39,411 [INFO]     第 1 页 20 条 (2025/01/28 15:32:48 → 2025/01/28 02:24:04)  共 2 页
2026-05-20 09:35:39,411 [INFO]   ✓ 2025-01-28 10:03:14  折算价=716.98
2026-05-20 09:35:40,307 [INFO] === 2025-01-29 ===
2026-05-20 09:35:40,386 [INFO]   #1 OCR=jPjx
2026-05-20 09:35:40,572 [INFO]     第 1 页 19 条 (2025/01/29 15:16:00 → 2025/01/29 00:00:05)  共 1 页
2026-05-20 09:35:40,572 [INFO]   ✓ 2025-01-29 10:30:00  折算价=716.98
2026-05-20 09:35:41,906 [INFO] === 2025-01-30 ===
2026-05-20 09:35:41,985 [INFO]   #1 OCR=325e
2026-05-20 09:35:42,133 [INFO]   #1 验证码错误, 重试
2026-05-20 09:35:42,204 [INFO]   #2 OCR=go5v
2026-05-20 09:35:42,424 [INFO]     第 1 页 13 条 (2025/01/30 15:08:50 → 2025/01/30 00:00:05)  共 1 页
2026-05-20 09:35:42,424 [INFO]   ✓ 2025-01-30 10:30:00  折算价=716.98
2026-05-20 09:35:43,908 [INFO] === 2025-01-31 ===
2026-05-20 09:35:43,979 [INFO]   #1 OCR=uoo1
2026-05-20 09:35:44,126 [INFO]   #1 验证码错误, 重试
2026-05-20 09:35:44,208 [INFO]   #2 OCR=ok3I
2026-05-20 09:35:44,402 [INFO]     第 1 页 20 条 (2025/01/31 17:18:52 → 2025/01/31 06:43:07)  共 2 页
2026-05-20 09:35:44,403 [INFO]   ✓ 2025-01-31 10:30:00  折算价=716.98
2026-05-20 09:35:45,858 [INFO] === 2025-02-01 ===
2026-05-20 09:35:45,927 [INFO]   #1 OCR=owy
2026-05-20 09:35:46,044 [INFO]   #1 验证码错误, 重试
2026-05-20 09:35:46,115 [INFO]   #2 OCR=os57
2026-05-20 09:35:46,314 [INFO]     第 1 页 8 条 (2025/02/01 10:30:00 → 2025/02/01 00:00:05)  共 1 页
2026-05-20 09:35:46,314 [INFO]   ✓ 2025-02-01 10:30:00  折算价=716.98
2026-05-20 09:35:47,739 [INFO] === 2025-02-02 ===
2026-05-20 09:35:47,809 [INFO]   #1 OCR=yezq
2026-05-20 09:35:48,000 [INFO]     第 1 页 6 条 (2025/02/02 10:30:00 → 2025/02/02 00:00:05)  共 1 页
2026-05-20 09:35:48,001 [INFO]   ✓ 2025-02-02 10:30:00  折算价=716.98
2026-05-20 09:35:49,165 [INFO] === 2025-02-03 ===
2026-05-20 09:35:49,243 [INFO]   #1 OCR=d4yo
2026-05-20 09:35:49,479 [INFO]     第 1 页 20 条 (2025/02/03 16:32:44 → 2025/02/03 09:56:29)  共 2 页
2026-05-20 09:35:49,479 [INFO]   ✓ 2025-02-03 10:05:46  折算价=716.98
2026-05-20 09:35:50,435 [INFO] === 2025-02-04 ===
2026-05-20 09:35:50,514 [INFO]   #1 OCR=Pawa
2026-05-20 09:35:50,712 [INFO]     第 1 页 20 条 (2025/02/04 16:33:52 → 2025/02/04 10:30:00)  共 2 页
2026-05-20 09:35:50,842 [INFO]     第 2 页 13 条 (2025/02/04 10:30:00 → 2025/02/04 00:00:05)
2026-05-20 09:35:50,846 [INFO]   ✓ 2025-02-04 10:11:22  折算价=716.98
2026-05-20 09:35:52,258 [INFO] === 2025-02-05 ===
2026-05-20 09:35:52,335 [INFO]   #1 OCR=Dwwu
2026-05-20 09:35:52,538 [INFO]     第 1 页 20 条 (2025/02/05 23:31:45 → 2025/02/05 16:53:17)  共 5 页
2026-05-20 09:35:52,660 [INFO]     第 2 页 20 条 (2025/02/05 16:48:20 → 2025/02/05 15:19:56)
2026-05-20 09:35:53,103 [INFO]     第 3 页 20 条 (2025/02/05 15:11:57 → 2025/02/05 10:30:00)
2026-05-20 09:35:53,743 [INFO]     第 4 页 20 条 (2025/02/05 10:21:43 → 2025/02/05 08:38:19)
2026-05-20 09:35:53,748 [INFO]   ✓ 2025-02-05 10:01:13  折算价=716.93
2026-05-20 09:35:55,170 [INFO] === 2025-02-06 ===
2026-05-20 09:35:55,242 [INFO]   #1 OCR=ctsz
2026-05-20 09:35:55,468 [INFO]     第 1 页 20 条 (2025/02/06 23:57:52 → 2025/02/06 17:55:14)  共 6 页
2026-05-20 09:35:55,674 [INFO]     第 2 页 20 条 (2025/02/06 17:33:34 → 2025/02/06 15:25:55)
2026-05-20 09:35:56,308 [INFO]     第 3 页 20 条 (2025/02/06 15:24:45 → 2025/02/06 14:04:00)
2026-05-20 09:35:56,782 [INFO]     第 4 页 20 条 (2025/02/06 13:58:21 → 2025/02/06 10:25:02)
2026-05-20 09:35:57,427 [INFO]     第 5 页 20 条 (2025/02/06 10:22:43 → 2025/02/06 09:30:53)
2026-05-20 09:35:57,433 [INFO]   ✓ 2025-02-06 10:04:45  折算价=716.91
2026-05-20 09:35:58,480 [INFO] === 2025-02-07 ===
2026-05-20 09:35:58,557 [INFO]   #1 OCR=Iog
2026-05-20 09:35:58,678 [INFO]   #1 验证码错误, 重试
2026-05-20 09:35:58,745 [INFO]   #2 OCR=HpTF
2026-05-20 09:35:58,932 [INFO]     第 1 页 20 条 (2025/02/07 00:00:01 → 2025/02/07 20:38:21)  共 5 页
2026-05-20 09:35:59,062 [INFO]     第 2 页 20 条 (2025/02/07 20:10:26 → 2025/02/07 14:14:10)
2026-05-20 09:35:59,700 [INFO]     第 3 页 20 条 (2025/02/07 14:08:29 → 2025/02/07 10:15:41)
2026-05-20 09:36:00,179 [INFO]     第 4 页 20 条 (2025/02/07 10:11:12 → 2025/02/07 05:30:00)
2026-05-20 09:36:00,184 [INFO]   ✓ 2025-02-07 10:09:25  折算价=716.99
2026-05-20 09:36:01,549 [INFO] === 2025-02-08 ===
2026-05-20 09:36:01,621 [INFO]   #1 OCR=ff5
2026-05-20 09:36:01,738 [INFO]   #1 验证码错误, 重试
2026-05-20 09:36:01,807 [INFO]   #2 OCR=eyf7
2026-05-20 09:36:02,009 [INFO]     第 1 页 20 条 (2025/02/08 14:09:29 → 2025/02/08 00:56:23)  共 2 页
2026-05-20 09:36:02,010 [INFO]   ✓ 2025-02-08 10:30:00  折算价=716.99
2026-05-20 09:36:03,403 [INFO] === 2025-02-09 ===
2026-05-20 09:36:03,479 [INFO]   #1 OCR=G6nc
2026-05-20 09:36:03,728 [INFO]     第 1 页 6 条 (2025/02/09 10:30:00 → 2025/02/09 00:00:05)  共 1 页
2026-05-20 09:36:03,728 [INFO]   ✓ 2025-02-09 10:30:00  折算价=716.99
2026-05-20 09:36:05,023 [INFO] === 2025-02-10 ===
2026-05-20 09:36:05,097 [INFO]   #1 OCR=iBcy
2026-05-20 09:36:05,302 [INFO]     第 1 页 20 条 (2025/02/10 23:13:38 → 2025/02/10 17:01:34)  共 5 页
2026-05-20 09:36:05,503 [INFO]     第 2 页 20 条 (2025/02/10 16:53:38 → 2025/02/10 14:48:30)
2026-05-20 09:36:06,089 [INFO]     第 3 页 20 条 (2025/02/10 14:44:47 → 2025/02/10 10:30:00)
2026-05-20 09:36:06,748 [INFO]     第 4 页 20 条 (2025/02/10 10:28:06 → 2025/02/10 09:16:17)
2026-05-20 09:36:06,754 [INFO]   ✓ 2025-02-10 10:01:58  折算价=717.07
2026-05-20 09:36:07,958 [INFO] === 2025-02-11 ===
2026-05-20 09:36:08,034 [INFO]   #1 OCR=kphj
2026-05-20 09:36:08,250 [INFO]     第 1 页 20 条 (2025/02/11 23:50:07 → 2025/02/11 16:41:27)  共 5 页
2026-05-20 09:36:08,385 [INFO]     第 2 页 20 条 (2025/02/11 16:34:45 → 2025/02/11 14:29:16)
2026-05-20 09:36:09,009 [INFO]     第 3 页 20 条 (2025/02/11 14:29:14 → 2025/02/11 10:17:34)
2026-05-20 09:36:09,457 [INFO]     第 4 页 20 条 (2025/02/11 10:15:56 → 2025/02/11 05:30:00)
2026-05-20 09:36:09,462 [INFO]   ✓ 2025-02-11 10:01:09  折算价=717.16
2026-05-20 09:36:10,895 [INFO] === 2025-02-12 ===
2026-05-20 09:36:10,965 [INFO]   #1 OCR=F77h
2026-05-20 09:36:11,194 [INFO]     第 1 页 20 条 (2025/02/12 23:53:28 → 2025/02/12 19:41:51)  共 5 页
2026-05-20 09:36:11,334 [INFO]     第 2 页 20 条 (2025/02/12 19:03:57 → 2025/02/12 15:51:11)
2026-05-20 09:36:11,845 [INFO]     第 3 页 20 条 (2025/02/12 15:36:27 → 2025/02/12 12:38:09)
2026-05-20 09:36:12,455 [INFO]     第 4 页 20 条 (2025/02/12 11:59:33 → 2025/02/12 09:43:36)
2026-05-20 09:36:12,461 [INFO]   ✓ 2025-02-12 10:00:21  折算价=717.1
2026-05-20 09:36:13,659 [INFO] === 2025-02-13 ===
2026-05-20 09:36:13,735 [INFO]   #1 OCR=sorE
2026-05-20 09:36:13,989 [INFO]     第 1 页 20 条 (2025/02/13 23:47:00 → 2025/02/13 21:31:22)  共 11 页
2026-05-20 09:36:14,118 [INFO]     第 2 页 20 条 (2025/02/13 20:53:49 → 2025/02/13 16:14:50)
2026-05-20 09:36:14,599 [INFO]     第 3 页 20 条 (2025/02/13 16:12:17 → 2025/02/13 15:16:38)
2026-05-20 09:36:15,045 [INFO]     第 4 页 20 条 (2025/02/13 15:12:10 → 2025/02/13 14:30:59)
2026-05-20 09:36:15,584 [INFO]     第 5 页 20 条 (2025/02/13 14:26:38 → 2025/02/13 12:38:27)
2026-05-20 09:36:16,043 [INFO]     第 6 页 20 条 (2025/02/13 12:12:14 → 2025/02/13 11:40:06)
2026-05-20 09:36:16,872 [INFO]     第 7 页 20 条 (2025/02/13 11:39:55 → 2025/02/13 11:13:02)
2026-05-20 09:36:17,666 [INFO]     第 8 页 20 条 (2025/02/13 11:12:19 → 2025/02/13 10:30:00)
2026-05-20 09:36:18,466 [INFO]     第 9 页 20 条 (2025/02/13 10:30:00 → 2025/02/13 09:42:05)
2026-05-20 09:36:18,482 [INFO]   ✓ 2025-02-13 10:02:11  折算价=717.19
2026-05-20 09:36:19,597 [INFO] === 2025-02-14 ===
2026-05-20 09:36:19,673 [INFO]   #1 OCR=pKF2
2026-05-20 09:36:19,850 [INFO]     第 1 页 20 条 (2025/02/14 23:56:02 → 2025/02/14 19:04:59)  共 12 页
2026-05-20 09:36:19,988 [INFO]     第 2 页 20 条 (2025/02/14 18:42:05 → 2025/02/14 16:37:51)
2026-05-20 09:36:20,653 [INFO]     第 3 页 20 条 (2025/02/14 16:36:44 → 2025/02/14 16:01:02)
2026-05-20 09:36:21,478 [INFO]     第 4 页 20 条 (2025/02/14 16:00:31 → 2025/02/14 15:24:15)
2026-05-20 09:36:22,254 [INFO]     第 5 页 20 条 (2025/02/14 15:22:11 → 2025/02/14 14:57:28)
2026-05-20 09:36:23,055 [INFO]     第 6 页 20 条 (2025/02/14 14:56:10 → 2025/02/14 14:26:12)
2026-05-20 09:36:23,821 [INFO]     第 7 页 20 条 (2025/02/14 14:24:50 → 2025/02/14 13:42:04)
2026-05-20 09:49:18,898 [INFO] 已抓 0 天 | 范围 2025-01-27 → 2025-01-27
2026-05-20 09:49:19,321 [INFO] === 2025-01-27 ===
2026-05-20 09:49:19,423 [INFO]   #1 OCR=LcPf
2026-05-20 09:49:19,628 [INFO]     第 1 页 20 条 (2025/01/27 23:58:32 → 2025/01/27 19:10:03)  共 7 页
2026-05-20 09:49:19,796 [INFO]     第 2 页 20 条 (2025/01/27 19:03:41 → 2025/01/27 17:06:47)
2026-05-20 09:49:20,647 [INFO]     第 3 页 20 条 (2025/01/27 17:04:30 → 2025/01/27 14:25:52)
2026-05-20 09:49:21,349 [INFO]     第 4 页 20 条 (2025/01/27 14:08:34 → 2025/01/27 10:59:21)
2026-05-20 09:49:21,809 [INFO]     第 5 页 20 条 (2025/01/27 10:48:42 → 2025/01/27 09:52:20)
2026-05-20 09:49:21,810 [INFO]   ✓ 2025-01-27 10:10:16  折算价=716.98
2026-05-20 09:49:23,185 [INFO] == 全部完成 ==
2026-05-20 09:57:40,884 [INFO] 总范围: 2025-01-01 → 2026-05-20 | 已抓: 0 天 | 待抓: 505 天
2026-05-20 09:57:41,373 [INFO] === 2025-01-01 ===
2026-05-20 09:57:41,464 [INFO]   #1 OCR=tu7A
2026-05-20 09:57:41,608 [INFO]     第 1 页 12 条 (2025/01/01 10:30:00 → 2025/01/01 00:00:05)  共 1 页
2026-05-20 09:57:41,609 [INFO]   ✓ 2025-01-01 10:30:00  折算价=718.84
2026-05-20 09:57:42,757 [INFO] === 2025-01-02 ===
2026-05-20 09:57:42,838 [INFO]   #1 OCR=gh0i
2026-05-20 09:57:42,961 [INFO]   #1 验证码/服务端错误
2026-05-20 09:57:43,040 [INFO]   #2 OCR=24si
2026-05-20 09:57:43,247 [INFO]     第 1 页 20 条 (2025/01/02 23:59:46 → 2025/01/02 18:38:44)  共 4 页
2026-05-20 09:57:43,413 [INFO]     第 2 页 20 条 (2025/01/02 17:57:36 → 2025/01/02 10:30:00)
2026-05-20 09:57:43,970 [INFO]     第 3 页 20 条 (2025/01/02 10:30:00 → 2025/01/02 07:31:44)
2026-05-20 09:57:43,971 [INFO]   ✓ 2025-01-02 10:10:17  折算价=718.79
2026-05-20 09:57:44,884 [INFO] === 2025-01-03 ===
2026-05-20 09:57:44,951 [INFO]   #1 OCR=metz
2026-05-20 09:57:45,157 [INFO]     第 1 页 20 条 (2025/01/03 23:50:49 → 2025/01/03 16:52:09)  共 5 页
2026-05-20 09:57:45,345 [INFO]     第 2 页 20 条 (2025/01/03 16:51:45 → 2025/01/03 15:27:21)
2026-05-20 09:57:45,899 [INFO]     第 3 页 20 条 (2025/01/03 15:25:23 → 2025/01/03 10:44:20)
2026-05-20 09:57:46,707 [INFO]     第 4 页 20 条 (2025/01/03 10:30:00 → 2025/01/03 02:52:02)
2026-05-20 09:57:46,708 [INFO]   ✓ 2025-01-03 10:00:37  折算价=718.78
2026-05-20 09:57:47,638 [INFO] === 2025-01-04 ===
2026-05-20 09:57:47,713 [INFO]   #1 OCR=LaEt
2026-05-20 09:57:47,865 [INFO]   #1 验证码/服务端错误
2026-05-20 09:57:47,949 [INFO]   #2 OCR=x8rD
2026-05-20 09:57:48,167 [INFO]     第 1 页 15 条 (2025/01/04 10:30:00 → 2025/01/04 00:00:05)  共 1 页
2026-05-20 09:57:48,167 [INFO]   ✓ 2025-01-04 10:30:00  折算价=718.78
2026-05-20 09:57:49,569 [INFO] === 2025-01-05 ===
2026-05-20 09:57:49,639 [INFO]   #1 OCR=ysLu
2026-05-20 09:57:49,854 [INFO]     第 1 页 6 条 (2025/01/05 10:30:00 → 2025/01/05 00:00:05)  共 1 页
2026-05-20 09:57:49,855 [INFO]   ✓ 2025-01-05 10:30:00  折算价=718.78
2026-05-20 09:57:51,035 [INFO] === 2025-01-06 ===
2026-05-20 09:57:51,103 [INFO]   #1 OCR=rJ5
2026-05-20 09:57:51,236 [INFO]   #1 验证码/服务端错误
2026-05-20 09:57:51,306 [INFO]   #2 OCR=gt28
2026-05-20 09:57:51,425 [INFO]   #2 验证码/服务端错误
2026-05-20 09:57:51,496 [INFO]   #3 OCR=viws
2026-05-20 09:57:51,683 [INFO]     第 1 页 20 条 (2025/01/06 23:46:04 → 2025/01/06 21:47:36)  共 7 页
2026-05-20 09:57:51,838 [INFO]     第 2 页 20 条 (2025/01/06 21:38:40 → 2025/01/06 20:02:30)
2026-05-20 09:57:52,333 [INFO]     第 3 页 20 条 (2025/01/06 20:02:07 → 2025/01/06 17:12:12)
2026-05-20 09:57:53,074 [INFO]     第 4 页 20 条 (2025/01/06 17:05:42 → 2025/01/06 11:24:08)
2026-05-20 09:57:53,586 [INFO]     第 5 页 20 条 (2025/01/06 11:14:52 → 2025/01/06 09:49:32)
2026-05-20 09:57:53,587 [INFO]   ✓ 2025-01-06 10:01:33  折算价=718.76
2026-05-20 09:57:55,087 [INFO] === 2025-01-07 ===
2026-05-20 09:57:55,156 [INFO]   #1 OCR=zGRr
2026-05-20 09:57:55,403 [INFO]     第 1 页 20 条 (2025/01/07 23:55:16 → 2025/01/07 19:11:03)  共 7 页
2026-05-20 09:57:55,556 [INFO]     第 2 页 20 条 (2025/01/07 18:29:45 → 2025/01/07 15:27:20)
2026-05-20 09:57:56,338 [INFO]     第 3 页 20 条 (2025/01/07 15:24:30 → 2025/01/07 14:13:26)
2026-05-20 09:57:56,818 [INFO]     第 4 页 20 条 (2025/01/07 14:12:27 → 2025/01/07 13:37:57)
2026-05-20 09:57:57,627 [INFO]     第 5 页 20 条 (2025/01/07 13:37:38 → 2025/01/07 09:33:12)
2026-05-20 09:57:57,628 [INFO]   ✓ 2025-01-07 10:00:22  折算价=718.79
2026-05-20 09:57:58,972 [INFO] === 2025-01-08 ===
2026-05-20 09:57:59,055 [INFO]   #1 OCR=vnpd
2026-05-20 09:57:59,253 [INFO]     第 1 页 20 条 (2025/01/08 23:20:39 → 2025/01/08 19:11:37)  共 4 页
2026-05-20 09:57:59,405 [INFO]     第 2 页 20 条 (2025/01/08 18:36:57 → 2025/01/08 13:47:19)
2026-05-20 09:58:00,063 [INFO]     第 3 页 20 条 (2025/01/08 12:58:48 → 2025/01/08 07:36:48)
2026-05-20 09:58:00,064 [INFO]   ✓ 2025-01-08 10:10:02  折算价=718.87
2026-05-20 09:58:01,300 [INFO] === 2025-01-09 ===
2026-05-20 09:58:01,370 [INFO]   #1 OCR=aLhy
2026-05-20 09:58:01,576 [INFO]     第 1 页 20 条 (2025/01/09 23:45:26 → 2025/01/09 15:37:33)  共 4 页
2026-05-20 09:58:01,712 [INFO]     第 2 页 20 条 (2025/01/09 15:35:26 → 2025/01/09 10:12:23)
2026-05-20 09:58:02,535 [INFO]     第 3 页 20 条 (2025/01/09 10:11:56 → 2025/01/09 02:50:32)
2026-05-20 09:58:02,536 [INFO]   ✓ 2025-01-09 10:07:13  折算价=718.86
2026-05-20 09:58:03,859 [INFO] === 2025-01-10 ===
2026-05-20 09:58:03,935 [INFO]   #1 OCR=uiok
2026-05-20 09:58:04,156 [INFO]     第 1 页 20 条 (2025/01/10 23:53:49 → 2025/01/10 21:30:41)  共 4 页
2026-05-20 09:58:04,304 [INFO]     第 2 页 20 条 (2025/01/10 21:29:34 → 2025/01/10 13:59:58)
2026-05-20 09:58:05,007 [INFO]     第 3 页 20 条 (2025/01/10 13:51:56 → 2025/01/10 05:30:00)
2026-05-20 09:58:05,008 [INFO]   ✓ 2025-01-10 10:10:21  折算价=718.91
2026-05-20 09:58:05,010 [INFO] >>> 进度: 10/505 (2.0%) <<<
2026-05-20 09:58:06,097 [INFO] === 2025-01-11 ===
2026-05-20 09:58:06,188 [INFO]   #1 OCR=evfd
2026-05-20 09:58:06,400 [INFO]     第 1 页 16 条 (2025/01/11 10:30:00 → 2025/01/11 00:00:05)  共 1 页
2026-05-20 09:58:06,401 [INFO]   ✓ 2025-01-11 10:30:00  折算价=718.91
2026-05-20 09:58:07,417 [INFO] === 2025-01-12 ===
2026-05-20 09:58:07,508 [INFO]   #1 OCR=D9Bo
2026-05-20 09:58:07,700 [INFO]     第 1 页 6 条 (2025/01/12 10:30:00 → 2025/01/12 00:00:05)  共 1 页
2026-05-20 09:58:07,701 [INFO]   ✓ 2025-01-12 10:30:00  折算价=718.91
2026-05-20 09:58:09,129 [INFO] === 2025-01-13 ===
2026-05-20 09:58:09,219 [INFO]   #1 OCR=yurb
2026-05-20 09:58:09,359 [INFO]   #1 验证码/服务端错误
2026-05-20 09:58:09,436 [INFO]   #2 OCR=rvr3
2026-05-20 09:58:09,599 [INFO]   #2 验证码/服务端错误
2026-05-20 09:58:09,688 [INFO]   #3 OCR=yx3a
2026-05-20 09:58:09,942 [INFO]     第 1 页 20 条 (2025/01/13 23:21:34 → 2025/01/13 16:41:46)  共 4 页
2026-05-20 09:58:10,108 [INFO]     第 2 页 20 条 (2025/01/13 16:34:56 → 2025/01/13 11:19:59)
2026-05-20 09:58:10,702 [INFO]     第 3 页 20 条 (2025/01/13 11:03:20 → 2025/01/13 09:16:17)
2026-05-20 09:58:10,702 [INFO]   ✓ 2025-01-13 10:02:48  折算价=718.85
2026-05-20 09:58:11,667 [INFO] === 2025-01-14 ===
2026-05-20 09:58:11,733 [INFO]   #1 OCR=wELc
2026-05-20 09:58:11,946 [INFO]     第 1 页 20 条 (2025/01/14 23:48:30 → 2025/01/14 16:44:35)  共 4 页
2026-05-20 09:58:12,078 [INFO]     第 2 页 20 条 (2025/01/14 16:16:28 → 2025/01/14 10:30:00)
2026-05-20 09:58:12,914 [INFO]     第 3 页 20 条 (2025/01/14 10:19:09 → 2025/01/14 09:25:48)
2026-05-20 09:58:12,914 [INFO]   ✓ 2025-01-14 10:02:41  折算价=718.78
2026-05-20 09:58:14,256 [INFO] === 2025-01-15 ===
2026-05-20 09:58:14,326 [INFO]   #1 OCR=w2zb
2026-05-20 09:58:14,514 [INFO]     第 1 页 20 条 (2025/01/15 23:53:25 → 2025/01/15 21:31:29)  共 5 页
2026-05-20 09:58:14,668 [INFO]     第 2 页 20 条 (2025/01/15 21:30:48 → 2025/01/15 15:55:04)
2026-05-20 09:58:15,623 [INFO]     第 3 页 20 条 (2025/01/15 15:50:56 → 2025/01/15 10:21:02)
2026-05-20 09:58:16,088 [INFO]     第 4 页 20 条 (2025/01/15 10:18:12 → 2025/01/15 00:11:02)
2026-05-20 09:58:16,089 [INFO]   ✓ 2025-01-15 10:03:41  折算价=718.83
2026-05-20 09:58:17,451 [INFO] === 2025-01-16 ===
2026-05-20 09:58:17,521 [INFO]   #1 OCR=rj2r
2026-05-20 09:58:17,709 [INFO]     第 1 页 20 条 (2025/01/16 23:39:24 → 2025/01/16 18:37:38)  共 4 页
2026-05-20 09:58:17,865 [INFO]     第 2 页 20 条 (2025/01/16 17:35:44 → 2025/01/16 10:24:14)
2026-05-20 09:58:18,633 [INFO]     第 3 页 20 条 (2025/01/16 10:18:54 → 2025/01/16 05:30:00)
2026-05-20 09:58:18,634 [INFO]   ✓ 2025-01-16 10:00:00  折算价=718.81
2026-05-20 09:58:19,937 [INFO] === 2025-01-17 ===
2026-05-20 09:58:20,008 [INFO]   #1 OCR=cy8g
2026-05-20 09:58:20,156 [INFO]     第 1 页 20 条 (2025/01/17 23:47:25 → 2025/01/17 18:04:20)  共 6 页
2026-05-20 09:58:20,283 [INFO]     第 2 页 20 条 (2025/01/17 17:56:03 → 2025/01/17 11:35:01)
2026-05-20 09:58:20,776 [INFO]     第 3 页 20 条 (2025/01/17 11:29:14 → 2025/01/17 10:03:57)
2026-05-20 09:58:21,382 [INFO]     第 4 页 20 条 (2025/01/17 10:03:30 → 2025/01/17 09:38:26)
2026-05-20 09:58:21,383 [INFO]   ✓ 2025-01-17 10:00:31  折算价=718.89
2026-05-20 09:58:22,474 [INFO] === 2025-01-18 ===
2026-05-20 09:58:22,544 [INFO]   #1 OCR=ugeu
2026-05-20 09:58:22,663 [INFO]   #1 验证码/服务端错误
2026-05-20 09:58:22,730 [INFO]   #2 OCR=ow1w
2026-05-20 09:58:22,857 [INFO]   #2 验证码/服务端错误
2026-05-20 09:58:22,928 [INFO]   #3 OCR=njGd
2026-05-20 09:58:23,063 [INFO]   #3 验证码/服务端错误
2026-05-20 09:58:23,132 [INFO]   #4 OCR=wbtc
2026-05-20 09:58:23,360 [INFO]     第 1 页 16 条 (2025/01/18 10:30:00 → 2025/01/18 00:00:05)  共 1 页
2026-05-20 09:58:23,360 [INFO]   ✓ 2025-01-18 10:30:00  折算价=718.89
2026-05-20 09:58:24,256 [INFO] === 2025-01-19 ===
2026-05-20 09:58:24,326 [INFO]   #1 OCR=43gn
2026-05-20 09:58:24,519 [INFO]     第 1 页 6 条 (2025/01/19 10:30:00 → 2025/01/19 00:00:05)  共 1 页
2026-05-20 09:58:24,520 [INFO]   ✓ 2025-01-19 10:30:00  折算价=718.89
2026-05-20 09:58:25,790 [INFO] === 2025-01-20 ===
2026-05-20 09:58:25,889 [INFO]   #1 OCR=a55v
2026-05-20 09:58:26,112 [INFO]     第 1 页 20 条 (2025/01/20 23:58:49 → 2025/01/20 22:41:56)  共 9 页
2026-05-20 09:58:31,108 [INFO]     第 2 页 20 条 (2025/01/20 22:40:55 → 2025/01/20 21:52:11)
2026-05-20 09:58:32,033 [INFO]     第 3 页 20 条 (2025/01/20 21:50:57 → 2025/01/20 18:47:42)
2026-05-20 09:58:32,730 [INFO]     第 4 页 20 条 (2025/01/20 18:47:40 → 2025/01/20 15:44:18)
2026-05-20 09:58:33,613 [INFO]     第 5 页 20 条 (2025/01/20 15:40:47 → 2025/01/20 13:52:56)
2026-05-20 09:58:34,398 [WARNING]     第6页第1次服务端错误提示, 等待重试
2026-05-20 09:58:36,070 [INFO]     第 6 页 20 条 (2025/01/20 13:48:04 → 2025/01/20 10:13:58)
2026-05-20 09:58:36,784 [INFO]     第 7 页 20 条 (2025/01/20 10:10:38 → 2025/01/20 09:45:35)
2026-05-20 09:58:36,785 [INFO]   ✓ 2025-01-20 10:03:43  折算价=718.86
2026-05-20 09:58:36,788 [INFO] >>> 进度: 20/505 (4.0%) <<<
2026-05-20 09:58:38,152 [INFO] === 2025-01-21 ===
2026-05-20 09:58:38,223 [INFO]   #1 OCR=vssc
2026-05-20 09:58:38,428 [INFO]     第 1 页 20 条 (2025/01/21 23:39:16 → 2025/01/21 19:27:52)  共 8 页
2026-05-20 09:58:38,504 [WARNING]     第2页第1次服务端错误提示, 等待重试
2026-05-20 09:58:40,462 [WARNING]     第2页第2次服务端错误提示, 等待重试
2026-05-20 09:58:43,833 [INFO]     第 2 页 20 条 (2025/01/21 19:27:33 → 2025/01/21 16:17:15)
2026-05-20 09:58:44,692 [INFO]     第 3 页 20 条 (2025/01/21 16:11:24 → 2025/01/21 14:47:17)
2026-05-20 09:58:45,373 [INFO]     第 4 页 20 条 (2025/01/21 14:39:38 → 2025/01/21 12:18:07)
2026-05-20 09:58:46,138 [INFO]     第 5 页 20 条 (2025/01/21 12:17:53 → 2025/01/21 10:30:00)
2026-05-20 09:58:46,896 [INFO]     第 6 页 20 条 (2025/01/21 10:30:00 → 2025/01/21 09:34:50)
2026-05-20 09:58:46,897 [INFO]   ✓ 2025-01-21 10:00:12  折算价=717.03
2026-05-20 09:58:47,953 [INFO] === 2025-01-22 ===
2026-05-20 09:58:48,021 [INFO]   #1 OCR=enps
2026-05-20 09:58:48,091 [INFO]   #1 验证码/服务端错误
2026-05-20 09:58:48,165 [INFO]   #2 OCR=s4aq
2026-05-20 09:58:48,305 [INFO]     第 1 页 20 条 (2025/01/22 23:43:36 → 2025/01/22 18:03:10)  共 6 页
2026-05-20 09:58:48,490 [INFO]     第 2 页 20 条 (2025/01/22 17:59:42 → 2025/01/22 14:43:44)
2026-05-20 09:58:49,184 [INFO]     第 3 页 20 条 (2025/01/22 14:33:57 → 2025/01/22 11:08:06)
2026-05-20 09:58:50,014 [INFO]     第 4 页 20 条 (2025/01/22 11:03:09 → 2025/01/22 09:38:59)
2026-05-20 09:58:50,014 [INFO]   ✓ 2025-01-22 10:04:33  折算价=716.96
2026-05-20 09:58:50,895 [INFO] === 2025-01-23 ===
2026-05-20 09:58:50,962 [INFO]   #1 OCR=wrad
2026-05-20 09:58:51,118 [INFO]     第 1 页 20 条 (2025/01/23 23:59:22 → 2025/01/23 16:29:12)  共 6 页
2026-05-20 09:58:51,303 [INFO]     第 2 页 20 条 (2025/01/23 16:22:24 → 2025/01/23 14:19:52)
2026-05-20 09:58:51,982 [INFO]     第 3 页 20 条 (2025/01/23 14:03:35 → 2025/01/23 10:59:33)
2026-05-20 09:58:53,206 [INFO]     第 4 页 20 条 (2025/01/23 10:56:27 → 2025/01/23 09:53:45)
2026-05-20 09:58:53,206 [INFO]   ✓ 2025-01-23 10:05:25  折算价=717.08
2026-05-20 09:58:54,411 [INFO] === 2025-01-24 ===
2026-05-20 09:58:54,484 [INFO]   #1 OCR=e8uw
2026-05-20 09:58:54,803 [INFO]     第 1 页 20 条 (2025/01/24 23:58:54 → 2025/01/24 18:24:20)  共 9 页
2026-05-20 09:58:55,008 [INFO]     第 2 页 20 条 (2025/01/24 18:08:01 → 2025/01/24 16:13:18)
2026-05-20 09:58:55,821 [INFO]     第 3 页 20 条 (2025/01/24 16:09:22 → 2025/01/24 14:51:43)
2026-05-20 09:58:56,587 [INFO]     第 4 页 20 条 (2025/01/24 14:49:59 → 2025/01/24 13:44:18)
2026-05-20 09:58:57,288 [INFO]     第 5 页 20 条 (2025/01/24 13:32:18 → 2025/01/24 11:24:35)
2026-05-20 09:58:58,110 [INFO]     第 6 页 20 条 (2025/01/24 11:19:40 → 2025/01/24 10:38:38)
2026-05-20 09:58:58,672 [INFO]     第 7 页 20 条 (2025/01/24 10:36:57 → 2025/01/24 10:14:50)
2026-05-20 09:58:59,638 [INFO]     第 8 页 20 条 (2025/01/24 10:14:43 → 2025/01/24 06:50:07)
2026-05-20 09:58:59,639 [INFO]   ✓ 2025-01-24 10:00:51  折算价=717.05
2026-05-20 09:59:00,887 [INFO] === 2025-01-25 ===
2026-05-20 09:59:00,956 [INFO]   #1 OCR=jiwwy
2026-05-20 09:59:01,072 [INFO]   #1 验证码/服务端错误
2026-05-20 09:59:01,137 [INFO]   #2 OCR=cp77
2026-05-20 09:59:01,346 [INFO]     第 1 页 14 条 (2025/01/25 10:30:00 → 2025/01/25 00:00:05)  共 1 页
2026-05-20 09:59:01,346 [INFO]   ✓ 2025-01-25 10:30:00  折算价=717.05
2026-05-20 09:59:02,303 [INFO] === 2025-01-26 ===
2026-05-20 09:59:02,378 [INFO]   #1 OCR=yneo
2026-05-20 09:59:02,565 [INFO]     第 1 页 6 条 (2025/01/26 10:30:00 → 2025/01/26 00:00:05)  共 1 页
2026-05-20 09:59:02,566 [INFO]   ✓ 2025-01-26 10:30:00  折算价=717.05
2026-05-20 09:59:03,435 [INFO] === 2025-01-27 ===
2026-05-20 09:59:03,504 [INFO]   #1 OCR=RtBo
2026-05-20 09:59:03,643 [INFO]   #1 验证码/服务端错误
2026-05-20 09:59:03,709 [INFO]   #2 OCR=oQ7u
2026-05-20 09:59:03,942 [INFO]     第 1 页 20 条 (2025/01/27 23:58:32 → 2025/01/27 19:10:03)  共 7 页
2026-05-20 09:59:04,088 [INFO]     第 2 页 20 条 (2025/01/27 19:03:41 → 2025/01/27 17:06:47)
2026-05-20 09:59:04,633 [INFO]     第 3 页 20 条 (2025/01/27 17:04:30 → 2025/01/27 14:25:52)
2026-05-20 09:59:05,522 [INFO]     第 4 页 20 条 (2025/01/27 14:08:34 → 2025/01/27 10:59:21)
2026-05-20 09:59:06,130 [INFO]     第 5 页 20 条 (2025/01/27 10:48:42 → 2025/01/27 09:52:20)
2026-05-20 09:59:06,131 [INFO]   ✓ 2025-01-27 10:10:16  折算价=716.98
2026-05-20 09:59:07,439 [INFO] === 2025-01-28 ===
2026-05-20 09:59:07,510 [INFO]   #1 OCR=413e
2026-05-20 09:59:07,700 [INFO]     第 1 页 20 条 (2025/01/28 15:32:48 → 2025/01/28 02:24:04)  共 2 页
2026-05-20 09:59:07,700 [INFO]   ✓ 2025-01-28 10:03:14  折算价=716.98
2026-05-20 09:59:08,782 [INFO] === 2025-01-29 ===
2026-05-20 09:59:08,854 [INFO]   #1 OCR=xgte
2026-05-20 09:59:08,979 [INFO]   #1 验证码/服务端错误
2026-05-20 09:59:09,048 [INFO]   #2 OCR=Dxqs
2026-05-20 09:59:09,248 [INFO]     第 1 页 19 条 (2025/01/29 15:16:00 → 2025/01/29 00:00:05)  共 1 页
2026-05-20 09:59:09,248 [INFO]   ✓ 2025-01-29 10:30:00  折算价=716.98
2026-05-20 09:59:10,694 [INFO] === 2025-01-30 ===
2026-05-20 09:59:10,772 [INFO]   #1 OCR=owqi
2026-05-20 09:59:10,983 [INFO]     第 1 页 13 条 (2025/01/30 15:08:50 → 2025/01/30 00:00:05)  共 1 页
2026-05-20 09:59:10,984 [INFO]   ✓ 2025-01-30 10:30:00  折算价=716.98
2026-05-20 09:59:10,986 [INFO] >>> 进度: 30/505 (5.9%) <<<
2026-05-20 09:59:11,930 [INFO] === 2025-01-31 ===
2026-05-20 09:59:12,003 [INFO]   #1 OCR=hoao
2026-05-20 09:59:12,144 [INFO]   #1 验证码/服务端错误
2026-05-20 09:59:12,213 [INFO]   #2 OCR=5bs
2026-05-20 09:59:12,374 [INFO]   #2 验证码/服务端错误
2026-05-20 09:59:12,454 [INFO]   #3 OCR=kzqt
2026-05-20 09:59:12,688 [INFO]     第 1 页 20 条 (2025/01/31 17:18:52 → 2025/01/31 06:43:07)  共 2 页
2026-05-20 09:59:12,688 [INFO]   ✓ 2025-01-31 10:30:00  折算价=716.98
2026-05-20 09:59:13,573 [INFO] === 2025-02-01 ===
2026-05-20 09:59:13,657 [INFO]   #1 OCR=c8i2
2026-05-20 09:59:13,947 [INFO]     第 1 页 8 条 (2025/02/01 10:30:00 → 2025/02/01 00:00:05)  共 1 页
2026-05-20 09:59:13,947 [INFO]   ✓ 2025-02-01 10:30:00  折算价=716.98
2026-05-20 09:59:15,136 [INFO] === 2025-02-02 ===
2026-05-20 09:59:15,207 [INFO]   #1 OCR=yucw
2026-05-20 09:59:15,355 [INFO]     第 1 页 6 条 (2025/02/02 10:30:00 → 2025/02/02 00:00:05)  共 1 页
2026-05-20 09:59:15,355 [INFO]   ✓ 2025-02-02 10:30:00  折算价=716.98
2026-05-20 09:59:16,229 [INFO] === 2025-02-03 ===
2026-05-20 09:59:16,301 [INFO]   #1 OCR=qnNi
2026-05-20 09:59:16,368 [INFO]   #1 验证码/服务端错误
2026-05-20 09:59:16,441 [INFO]   #2 OCR=rfu9
2026-05-20 09:59:16,579 [INFO]     第 1 页 20 条 (2025/02/03 16:32:44 → 2025/02/03 09:56:29)  共 2 页
2026-05-20 09:59:16,579 [INFO]   ✓ 2025-02-03 10:05:46  折算价=716.98
2026-05-20 09:59:18,079 [INFO] === 2025-02-04 ===
2026-05-20 09:59:18,146 [INFO]   #1 OCR=4wr
2026-05-20 09:59:18,269 [INFO]   #1 验证码/服务端错误
2026-05-20 09:59:18,340 [INFO]   #2 OCR=qs5a
2026-05-20 09:59:18,542 [INFO]     第 1 页 20 条 (2025/02/04 16:33:52 → 2025/02/04 10:30:00)  共 2 页
2026-05-20 09:59:18,675 [INFO]     第 2 页 13 条 (2025/02/04 10:30:00 → 2025/02/04 00:00:05)
2026-05-20 09:59:18,676 [INFO]   ✓ 2025-02-04 10:11:22  折算价=716.98
2026-05-20 09:59:19,771 [INFO] === 2025-02-05 ===
2026-05-20 09:59:19,841 [INFO]   #1 OCR=9pi
2026-05-20 09:59:19,989 [INFO]   #1 验证码/服务端错误
2026-05-20 09:59:20,080 [INFO]   #2 OCR=ztor
2026-05-20 09:59:20,234 [INFO]   #2 验证码/服务端错误
2026-05-20 09:59:20,327 [INFO]   #3 OCR=ovom
2026-05-20 09:59:20,547 [INFO]     第 1 页 20 条 (2025/02/05 23:31:45 → 2025/02/05 16:53:17)  共 5 页
2026-05-20 09:59:20,685 [INFO]     第 2 页 20 条 (2025/02/05 16:48:20 → 2025/02/05 15:19:56)
2026-05-20 09:59:21,245 [INFO]     第 3 页 20 条 (2025/02/05 15:11:57 → 2025/02/05 10:30:00)
2026-05-20 09:59:22,114 [INFO]     第 4 页 20 条 (2025/02/05 10:21:43 → 2025/02/05 08:38:19)
2026-05-20 09:59:22,115 [INFO]   ✓ 2025-02-05 10:01:13  折算价=716.93
2026-05-20 09:59:23,466 [INFO] === 2025-02-06 ===
2026-05-20 09:59:23,536 [INFO]   #1 OCR=aPoP
2026-05-20 09:59:23,726 [INFO]     第 1 页 20 条 (2025/02/06 23:57:52 → 2025/02/06 17:55:14)  共 6 页
2026-05-20 09:59:23,865 [INFO]     第 2 页 20 条 (2025/02/06 17:33:34 → 2025/02/06 15:25:55)
2026-05-20 09:59:24,797 [INFO]     第 3 页 20 条 (2025/02/06 15:24:45 → 2025/02/06 14:04:00)
2026-05-20 09:59:25,671 [INFO]     第 4 页 20 条 (2025/02/06 13:58:21 → 2025/02/06 10:25:02)
2026-05-20 09:59:31,200 [INFO]     第 5 页 20 条 (2025/02/06 10:22:43 → 2025/02/06 09:30:53)
2026-05-20 09:59:31,201 [INFO]   ✓ 2025-02-06 10:04:45  折算价=716.91
2026-05-20 09:59:32,461 [INFO] === 2025-02-07 ===
2026-05-20 09:59:32,531 [INFO]   #1 OCR=9pcf
2026-05-20 09:59:32,767 [INFO]     第 1 页 20 条 (2025/02/07 00:00:01 → 2025/02/07 20:38:21)  共 5 页
2026-05-20 09:59:32,917 [INFO]     第 2 页 20 条 (2025/02/07 20:10:26 → 2025/02/07 14:14:10)
2026-05-20 09:59:33,728 [INFO]     第 3 页 20 条 (2025/02/07 14:08:29 → 2025/02/07 10:15:41)
2026-05-20 09:59:34,567 [INFO]     第 4 页 20 条 (2025/02/07 10:11:12 → 2025/02/07 05:30:00)
2026-05-20 09:59:34,568 [INFO]   ✓ 2025-02-07 10:09:25  折算价=716.99
2026-05-20 09:59:35,812 [INFO] === 2025-02-08 ===
2026-05-20 09:59:35,930 [INFO]   #1 OCR=wdys
2026-05-20 09:59:36,185 [INFO]     第 1 页 20 条 (2025/02/08 14:09:29 → 2025/02/08 00:56:23)  共 2 页
2026-05-20 09:59:36,186 [INFO]   ✓ 2025-02-08 10:30:00  折算价=716.99
2026-05-20 09:59:37,654 [INFO] === 2025-02-09 ===
2026-05-20 09:59:37,726 [INFO]   #1 OCR=ot8b
2026-05-20 09:59:37,946 [INFO]     第 1 页 6 条 (2025/02/09 10:30:00 → 2025/02/09 00:00:05)  共 1 页
2026-05-20 09:59:37,947 [INFO]   ✓ 2025-02-09 10:30:00  折算价=716.99
2026-05-20 09:59:37,949 [INFO] >>> 进度: 40/505 (7.9%) <<<
2026-05-20 09:59:38,760 [INFO] === 2025-02-10 ===
2026-05-20 09:59:38,838 [INFO]   #1 OCR=3vR6
2026-05-20 09:59:39,052 [INFO]     第 1 页 20 条 (2025/02/10 23:13:38 → 2025/02/10 17:01:34)  共 5 页
2026-05-20 09:59:39,213 [INFO]     第 2 页 20 条 (2025/02/10 16:53:38 → 2025/02/10 14:48:30)
2026-05-20 09:59:39,780 [INFO]     第 3 页 20 条 (2025/02/10 14:44:47 → 2025/02/10 10:30:00)
2026-05-20 09:59:40,440 [INFO]     第 4 页 20 条 (2025/02/10 10:28:06 → 2025/02/10 09:16:17)
2026-05-20 09:59:40,440 [INFO]   ✓ 2025-02-10 10:01:58  折算价=717.07
2026-05-20 09:59:41,466 [INFO] === 2025-02-11 ===
2026-05-20 09:59:41,539 [INFO]   #1 OCR=sczx
2026-05-20 09:59:41,783 [INFO]     第 1 页 20 条 (2025/02/11 23:50:07 → 2025/02/11 16:41:27)  共 5 页
2026-05-20 09:59:41,879 [WARNING]     第2页第1次服务端错误提示, 等待重试
2026-05-20 09:59:43,545 [INFO]     第 2 页 20 条 (2025/02/11 16:34:45 → 2025/02/11 14:29:16)
2026-05-20 09:59:44,185 [INFO]     第 3 页 20 条 (2025/02/11 14:29:14 → 2025/02/11 10:17:34)
2026-05-20 09:59:44,732 [INFO]     第 4 页 20 条 (2025/02/11 10:15:56 → 2025/02/11 05:30:00)
2026-05-20 09:59:44,733 [INFO]   ✓ 2025-02-11 10:01:09  折算价=717.16
2026-05-20 09:59:45,759 [INFO] === 2025-02-12 ===
2026-05-20 09:59:45,856 [INFO]   #1 OCR=hpb
2026-05-20 09:59:46,015 [INFO]   #1 验证码/服务端错误
2026-05-20 09:59:46,109 [INFO]   #2 OCR=voq7
2026-05-20 09:59:46,246 [INFO]   #2 验证码/服务端错误
2026-05-20 09:59:46,338 [INFO]   #3 OCR=w4cq
2026-05-20 09:59:46,489 [INFO]   #3 验证码/服务端错误
2026-05-20 09:59:46,577 [INFO]   #4 OCR=rcQz
2026-05-20 09:59:46,715 [INFO]   #4 验证码/服务端错误
2026-05-20 09:59:46,787 [INFO]   #5 OCR=Mdc1
2026-05-20 09:59:47,026 [INFO]     第 1 页 20 条 (2025/02/12 23:53:28 → 2025/02/12 19:41:51)  共 5 页
2026-05-20 09:59:47,185 [INFO]     第 2 页 20 条 (2025/02/12 19:03:57 → 2025/02/12 15:51:11)
2026-05-20 09:59:47,951 [INFO]     第 3 页 20 条 (2025/02/12 15:36:27 → 2025/02/12 12:38:09)
2026-05-20 09:59:48,551 [WARNING]     第4页第1次服务端错误提示, 等待重试
2026-05-20 09:59:50,144 [WARNING]     第4页第2次服务端错误提示, 等待重试
2026-05-20 09:59:53,314 [INFO]     第 4 页 20 条 (2025/02/12 11:59:33 → 2025/02/12 09:43:36)
2026-05-20 09:59:53,315 [INFO]   ✓ 2025-02-12 10:00:21  折算价=717.1
2026-05-20 09:59:54,293 [INFO] === 2025-02-13 ===
2026-05-20 09:59:54,364 [INFO]   #1 OCR=bicu
2026-05-20 09:59:54,496 [INFO]   #1 验证码/服务端错误
2026-05-20 09:59:54,563 [INFO]   #2 OCR=Iwzg
2026-05-20 09:59:54,790 [INFO]     第 1 页 20 条 (2025/02/13 23:47:00 → 2025/02/13 21:31:22)  共 11 页
2026-05-20 09:59:54,862 [WARNING]     第2页第1次服务端错误提示, 等待重试
2026-05-20 09:59:56,491 [INFO]     第 2 页 20 条 (2025/02/13 20:53:49 → 2025/02/13 16:14:50)
2026-05-20 09:59:56,998 [INFO]     第 3 页 20 条 (2025/02/13 16:12:17 → 2025/02/13 15:16:38)
2026-05-20 09:59:57,830 [INFO]     第 4 页 20 条 (2025/02/13 15:12:10 → 2025/02/13 14:30:59)
2026-05-20 09:59:58,296 [INFO]     第 5 页 20 条 (2025/02/13 14:26:38 → 2025/02/13 12:38:27)
2026-05-20 09:59:59,072 [INFO]     第 6 页 20 条 (2025/02/13 12:12:14 → 2025/02/13 11:40:06)
2026-05-20 09:59:59,791 [INFO]     第 7 页 20 条 (2025/02/13 11:39:55 → 2025/02/13 11:13:02)
2026-05-20 10:00:00,702 [INFO]     第 8 页 20 条 (2025/02/13 11:12:19 → 2025/02/13 10:30:00)
2026-05-20 10:00:01,558 [INFO]     第 9 页 20 条 (2025/02/13 10:30:00 → 2025/02/13 09:42:05)
2026-05-20 10:00:01,560 [INFO]   ✓ 2025-02-13 10:02:11  折算价=717.19
2026-05-20 10:00:02,818 [INFO] === 2025-02-14 ===
2026-05-20 10:00:02,905 [INFO]   #1 OCR=jE7i
2026-05-20 10:00:03,070 [INFO]     第 1 页 20 条 (2025/02/14 23:56:02 → 2025/02/14 19:04:59)  共 12 页
2026-05-20 10:00:03,223 [INFO]     第 2 页 20 条 (2025/02/14 18:42:05 → 2025/02/14 16:37:51)
2026-05-20 10:00:04,044 [INFO]     第 3 页 20 条 (2025/02/14 16:36:44 → 2025/02/14 16:01:02)
2026-05-20 10:00:04,777 [INFO]     第 4 页 20 条 (2025/02/14 16:00:31 → 2025/02/14 15:24:15)
2026-05-20 10:00:05,521 [INFO]     第 5 页 20 条 (2025/02/14 15:22:11 → 2025/02/14 14:57:28)
2026-05-20 10:00:06,440 [INFO]     第 6 页 20 条 (2025/02/14 14:56:10 → 2025/02/14 14:26:12)
2026-05-20 10:00:07,314 [INFO]     第 7 页 20 条 (2025/02/14 14:24:50 → 2025/02/14 13:42:04)
2026-05-20 10:00:08,116 [INFO]     第 8 页 20 条 (2025/02/14 13:39:29 → 2025/02/14 10:39:37)
2026-05-20 10:00:09,186 [INFO]     第 9 页 20 条 (2025/02/14 10:36:06 → 2025/02/14 09:54:57)
2026-05-20 10:00:09,188 [INFO]   ✓ 2025-02-14 10:06:27  折算价=717.06
2026-05-20 10:00:10,450 [INFO] === 2025-02-15 ===
2026-05-20 10:00:10,877 [INFO]   #1 OCR=Fyqu
2026-05-20 10:00:11,373 [INFO]     第 1 页 15 条 (2025/02/15 10:30:00 → 2025/02/15 00:00:05)  共 1 页
2026-05-20 10:00:11,374 [INFO]   ✓ 2025-02-15 10:30:00  折算价=717.06
2026-05-20 10:00:12,430 [INFO] === 2025-02-16 ===
2026-05-20 10:00:12,525 [INFO]   #1 OCR=Bh8v
2026-05-20 10:00:12,770 [INFO]   #1 验证码/服务端错误
2026-05-20 10:00:12,864 [INFO]   #2 OCR=Hik7
2026-05-20 10:00:13,032 [INFO]   #2 验证码/服务端错误
2026-05-20 10:00:13,139 [INFO]   #3 OCR=Ybzp
2026-05-20 10:00:13,457 [INFO]     第 1 页 6 条 (2025/02/16 10:30:00 → 2025/02/16 00:00:05)  共 1 页
2026-05-20 10:00:13,458 [INFO]   ✓ 2025-02-16 10:30:00  折算价=717.06
2026-05-20 10:00:14,415 [INFO] === 2025-02-17 ===
2026-05-20 10:00:14,481 [INFO]   #1 OCR=e54s
2026-05-20 10:00:14,617 [INFO]   #1 验证码/服务端错误
2026-05-20 10:00:14,689 [INFO]   #2 OCR=rkdt
2026-05-20 10:00:14,910 [INFO]     第 1 页 20 条 (2025/02/17 23:13:09 → 2025/02/17 16:45:13)  共 10 页
2026-05-20 10:00:15,067 [INFO]     第 2 页 20 条 (2025/02/17 16:33:54 → 2025/02/17 15:24:57)
2026-05-20 10:00:15,611 [INFO]     第 3 页 20 条 (2025/02/17 15:24:28 → 2025/02/17 14:03:36)
2026-05-20 10:00:16,383 [INFO]     第 4 页 20 条 (2025/02/17 14:01:08 → 2025/02/17 13:06:37)
2026-05-20 10:00:17,225 [INFO]     第 5 页 20 条 (2025/02/17 13:04:42 → 2025/02/17 11:27:53)
2026-05-20 10:00:17,709 [INFO]     第 6 页 20 条 (2025/02/17 11:27:14 → 2025/02/17 10:42:59)
2026-05-20 10:00:18,442 [INFO]     第 7 页 20 条 (2025/02/17 10:38:45 → 2025/02/17 10:10:33)
2026-05-20 10:00:18,998 [INFO]     第 8 页 20 条 (2025/02/17 10:10:22 → 2025/02/17 09:46:25)
2026-05-20 10:00:19,000 [INFO]   ✓ 2025-02-17 10:00:05  折算价=717.02
2026-05-20 10:00:20,016 [INFO] === 2025-02-18 ===
2026-05-20 10:00:20,090 [INFO]   #1 OCR=wfhc
2026-05-20 10:00:20,339 [INFO]     第 1 页 20 条 (2025/02/18 23:58:02 → 2025/02/18 17:45:05)  共 8 页
2026-05-20 10:00:20,506 [INFO]     第 2 页 20 条 (2025/02/18 17:42:15 → 2025/02/18 15:18:27)
2026-05-20 10:00:21,471 [INFO]     第 3 页 20 条 (2025/02/18 15:13:48 → 2025/02/18 14:10:31)
2026-05-20 10:00:22,215 [INFO]     第 4 页 20 条 (2025/02/18 14:08:04 → 2025/02/18 13:14:22)
2026-05-20 10:00:22,840 [INFO]     第 5 页 20 条 (2025/02/18 12:47:07 → 2025/02/18 10:39:16)
2026-05-20 10:00:23,524 [INFO]     第 6 页 20 条 (2025/02/18 10:38:07 → 2025/02/18 10:04:26)
2026-05-20 10:00:24,292 [INFO]     第 7 页 20 条 (2025/02/18 09:55:15 → 2025/02/18 00:00:05)
2026-05-20 10:00:24,293 [INFO]   ✓ 2025-02-18 10:04:26  折算价=716.97
2026-05-20 10:00:25,374 [INFO] === 2025-02-19 ===
2026-05-20 10:00:25,454 [INFO]   #1 OCR=z2wg
2026-05-20 10:00:25,597 [INFO]   #1 验证码/服务端错误
2026-05-20 10:00:25,681 [INFO]   #2 OCR=6yaA
2026-05-20 10:00:25,999 [INFO]     第 1 页 20 条 (2025/02/19 23:56:24 → 2025/02/19 17:17:45)  共 7 页
2026-05-20 10:00:29,446 [INFO]     第 2 页 20 条 (2025/02/19 17:04:45 → 2025/02/19 15:42:31)
2026-05-20 10:00:30,485 [INFO]     第 3 页 20 条 (2025/02/19 15:38:22 → 2025/02/19 14:17:55)
2026-05-20 10:00:31,233 [INFO]     第 4 页 20 条 (2025/02/19 14:12:21 → 2025/02/19 11:05:52)
2026-05-20 10:00:32,163 [INFO]     第 5 页 20 条 (2025/02/19 10:59:52 → 2025/02/19 09:48:14)
2026-05-20 10:00:32,164 [INFO]   ✓ 2025-02-19 10:00:37  折算价=717.05
2026-05-20 10:00:32,166 [INFO] >>> 进度: 50/505 (9.9%) <<<
2026-05-20 10:00:33,255 [INFO] === 2025-02-20 ===
2026-05-20 10:00:35,756 [INFO]   #1 OCR=ATq
2026-05-20 10:00:35,922 [INFO]   #1 验证码/服务端错误
2026-05-20 10:00:35,992 [INFO]   #2 OCR=ku5t
2026-05-20 10:00:36,201 [INFO]     第 1 页 20 条 (2025/02/20 23:53:26 → 2025/02/20 21:09:49)  共 10 页
2026-05-20 10:00:36,357 [INFO]     第 2 页 20 条 (2025/02/20 21:09:34 → 2025/02/20 17:17:51)
2026-05-20 10:00:36,879 [INFO]     第 3 页 20 条 (2025/02/20 17:13:51 → 2025/02/20 16:09:46)
2026-05-20 10:00:37,349 [INFO]     第 4 页 20 条 (2025/02/20 16:09:35 → 2025/02/20 15:20:44)
2026-05-20 10:00:38,058 [INFO]     第 5 页 20 条 (2025/02/20 15:19:41 → 2025/02/20 14:41:11)
2026-05-20 10:00:38,772 [INFO]     第 6 页 20 条 (2025/02/20 14:33:57 → 2025/02/20 13:24:32)
2026-05-20 10:00:39,356 [INFO]     第 7 页 20 条 (2025/02/20 13:23:13 → 2025/02/20 11:03:07)
2026-05-20 10:00:40,233 [INFO]     第 8 页 20 条 (2025/02/20 10:58:01 → 2025/02/20 10:30:00)
2026-05-20 10:00:41,016 [INFO]     第 9 页 20 条 (2025/02/20 10:26:16 → 2025/02/20 09:18:55)
2026-05-20 10:00:41,018 [INFO]   ✓ 2025-02-20 10:07:05  折算价=717.12
2026-05-20 10:00:42,226 [INFO] === 2025-02-21 ===
2026-05-20 10:00:42,301 [INFO]   #1 OCR=r37u
2026-05-20 10:00:42,441 [INFO]     第 1 页 20 条 (2025/02/21 23:23:01 → 2025/02/21 16:56:01)  共 8 页
2026-05-20 10:00:42,572 [INFO]     第 2 页 20 条 (2025/02/21 16:47:35 → 2025/02/21 15:30:02)
2026-05-20 10:00:43,432 [INFO]     第 3 页 20 条 (2025/02/21 15:28:12 → 2025/02/21 13:55:38)
2026-05-20 10:00:44,143 [INFO]     第 4 页 20 条 (2025/02/21 13:54:30 → 2025/02/21 11:31:16)
2026-05-20 10:00:45,024 [INFO]     第 5 页 20 条 (2025/02/21 11:27:40 → 2025/02/21 10:47:17)
2026-05-20 10:00:45,858 [INFO]     第 6 页 20 条 (2025/02/21 10:46:27 → 2025/02/21 10:10:47)
2026-05-20 10:00:46,640 [INFO]     第 7 页 20 条 (2025/02/21 10:10:13 → 2025/02/21 09:20:13)
2026-05-20 10:00:46,641 [INFO]   ✓ 2025-02-21 10:00:17  折算价=716.96
2026-05-20 10:00:48,004 [INFO] === 2025-02-22 ===
2026-05-20 10:00:48,076 [INFO]   #1 OCR=7sc8
2026-05-20 10:00:48,283 [INFO]     第 1 页 17 条 (2025/02/22 10:30:00 → 2025/02/22 00:00:05)  共 1 页
2026-05-20 10:00:48,283 [INFO]   ✓ 2025-02-22 10:30:00  折算价=716.96
2026-05-20 10:00:49,183 [INFO] === 2025-02-23 ===
2026-05-20 10:00:49,250 [INFO]   #1 OCR=ruri
2026-05-20 10:00:49,367 [INFO]   #1 验证码/服务端错误
2026-05-20 10:00:49,433 [INFO]   #2 OCR=0D8q
2026-05-20 10:00:49,551 [INFO]   #2 验证码/服务端错误
2026-05-20 10:00:49,617 [INFO]   #3 OCR=pBnz
2026-05-20 10:00:49,807 [INFO]     第 1 页 6 条 (2025/02/23 10:30:00 → 2025/02/23 00:00:05)  共 1 页
2026-05-20 10:00:49,807 [INFO]   ✓ 2025-02-23 10:30:00  折算价=716.96
2026-05-20 10:00:50,866 [INFO] === 2025-02-24 ===
2026-05-20 10:00:50,948 [INFO]   #1 OCR=AxBn
2026-05-20 10:00:51,149 [INFO]     第 1 页 20 条 (2025/02/24 23:45:07 → 2025/02/24 17:58:59)  共 11 页
2026-05-20 10:00:51,282 [INFO]     第 2 页 20 条 (2025/02/24 17:54:00 → 2025/02/24 16:18:08)
2026-05-20 10:00:51,874 [WARNING]     第3页第1次服务端错误提示, 等待重试
2026-05-20 10:00:53,512 [INFO]     第 3 页 20 条 (2025/02/24 16:16:07 → 2025/02/24 15:15:53)
2026-05-20 10:00:54,085 [INFO]     第 4 页 20 条 (2025/02/24 15:14:18 → 2025/02/24 14:24:35)
2026-05-20 10:00:54,995 [INFO]     第 5 页 20 条 (2025/02/24 14:24:01 → 2025/02/24 13:52:31)
2026-05-20 10:00:55,869 [WARNING]     第6页第1次服务端错误提示, 等待重试
2026-05-20 10:00:57,559 [INFO]     第 6 页 20 条 (2025/02/24 13:50:04 → 2025/02/24 11:40:25)
2026-05-20 10:00:58,165 [INFO]     第 7 页 20 条 (2025/02/24 11:38:00 → 2025/02/24 11:11:40)
2026-05-20 10:00:59,062 [INFO]     第 8 页 20 条 (2025/02/24 11:10:29 → 2025/02/24 10:39:02)
2026-05-20 10:00:59,671 [INFO]     第 9 页 20 条 (2025/02/24 10:38:06 → 2025/02/24 10:10:01)
2026-05-20 10:01:00,184 [INFO]     第 10 页 20 条 (2025/02/24 10:09:30 → 2025/02/24 09:40:01)
2026-05-20 10:01:00,185 [INFO]   ✓ 2025-02-24 10:02:01  折算价=717.17
2026-05-20 10:01:01,281 [INFO] === 2025-02-25 ===
2026-05-20 10:01:01,367 [INFO]   #1 OCR=fH9a
2026-05-20 10:01:01,522 [INFO]     第 1 页 20 条 (2025/02/25 23:53:41 → 2025/02/25 21:35:57)  共 10 页
2026-05-20 10:01:01,766 [INFO]     第 2 页 20 条 (2025/02/25 21:35:38 → 2025/02/25 16:31:37)
2026-05-20 10:01:02,476 [INFO]     第 3 页 20 条 (2025/02/25 16:31:01 → 2025/02/25 15:27:48)
2026-05-20 10:01:03,140 [WARNING]     第4页第1次服务端错误提示, 等待重试
2026-05-20 10:01:04,788 [INFO]     第 4 页 20 条 (2025/02/25 15:03:35 → 2025/02/25 13:54:21)
2026-05-20 10:01:05,717 [INFO]     第 5 页 20 条 (2025/02/25 13:51:33 → 2025/02/25 11:27:30)
2026-05-20 10:01:06,369 [INFO]     第 6 页 20 条 (2025/02/25 11:25:47 → 2025/02/25 10:36:12)
2026-05-20 10:01:06,932 [INFO]     第 7 页 20 条 (2025/02/25 10:33:26 → 2025/02/25 10:16:17)
2026-05-20 10:01:07,629 [INFO]     第 8 页 20 条 (2025/02/25 10:16:07 → 2025/02/25 09:40:52)
2026-05-20 10:01:07,631 [INFO]   ✓ 2025-02-25 10:01:30  折算价=717.26
2026-05-20 10:01:08,872 [INFO] === 2025-02-26 ===
2026-05-20 10:01:08,939 [INFO]   #1 OCR=vpfx
2026-05-20 10:01:09,163 [INFO]     第 1 页 20 条 (2025/02/26 23:54:14 → 2025/02/26 18:09:52)  共 7 页
2026-05-20 10:01:09,225 [WARNING]     第2页第1次服务端错误提示, 等待重试
2026-05-20 10:01:10,860 [INFO]     第 2 页 20 条 (2025/02/26 18:09:15 → 2025/02/26 15:54:15)
2026-05-20 10:01:11,692 [INFO]     第 3 页 20 条 (2025/02/26 15:48:51 → 2025/02/26 14:42:14)
2026-05-20 10:01:12,484 [INFO]     第 4 页 20 条 (2025/02/26 14:32:40 → 2025/02/26 11:08:16)
2026-05-20 10:01:13,390 [INFO]     第 5 页 20 条 (2025/02/26 11:05:31 → 2025/02/26 10:10:19)
2026-05-20 10:01:13,856 [INFO]     第 6 页 20 条 (2025/02/26 10:08:21 → 2025/02/26 07:44:09)
2026-05-20 10:01:13,857 [INFO]   ✓ 2025-02-26 10:06:14  折算价=717.32
2026-05-20 10:01:15,248 [INFO] === 2025-02-27 ===
2026-05-20 10:01:15,352 [INFO]   #1 OCR=trwx
2026-05-20 10:01:15,573 [INFO]     第 1 页 20 条 (2025/02/27 23:32:08 → 2025/02/27 21:50:45)  共 8 页
2026-05-20 10:01:15,634 [WARNING]     第2页第1次服务端错误提示, 等待重试
2026-05-20 10:01:17,291 [INFO]     第 2 页 20 条 (2025/02/27 21:48:25 → 2025/02/27 17:45:20)
2026-05-20 10:01:18,121 [INFO]     第 3 页 20 条 (2025/02/27 17:38:53 → 2025/02/27 15:51:22)
2026-05-20 10:01:18,901 [INFO]     第 4 页 20 条 (2025/02/27 15:40:47 → 2025/02/27 14:01:13)
2026-05-20 10:01:19,561 [INFO]     第 5 页 20 条 (2025/02/27 13:43:42 → 2025/02/27 10:37:53)
2026-05-20 10:01:20,153 [INFO]     第 6 页 20 条 (2025/02/27 10:35:34 → 2025/02/27 10:05:55)
2026-05-20 10:01:21,048 [INFO]     第 7 页 20 条 (2025/02/27 09:56:42 → 2025/02/27 06:40:22)
2026-05-20 10:01:21,049 [INFO]   ✓ 2025-02-27 10:05:55  折算价=717.4
2026-05-20 10:01:22,197 [INFO] === 2025-02-28 ===
2026-05-20 10:01:22,273 [INFO]   #1 OCR=5xau
2026-05-20 10:01:22,480 [INFO]     第 1 页 20 条 (2025/02/28 23:57:58 → 2025/02/28 18:49:05)  共 7 页
2026-05-20 10:01:22,686 [INFO]     第 2 页 20 条 (2025/02/28 18:30:45 → 2025/02/28 15:55:54)
2026-05-20 10:01:23,470 [INFO]     第 3 页 20 条 (2025/02/28 15:55:19 → 2025/02/28 14:06:09)
2026-05-20 10:01:24,031 [INFO]     第 4 页 20 条 (2025/02/28 13:53:24 → 2025/02/28 10:54:30)
2026-05-20 10:01:24,673 [INFO]     第 5 页 20 条 (2025/02/28 10:50:24 → 2025/02/28 09:54:40)
2026-05-20 10:01:24,674 [INFO]   ✓ 2025-02-28 10:03:56  折算价=717.38
2026-05-20 10:01:25,479 [INFO] === 2025-03-01 ===
2026-05-20 10:01:25,551 [INFO]   #1 OCR=cq2o
2026-05-20 10:01:25,772 [INFO]     第 1 页 20 条 (2025/03/01 10:30:00 → 2025/03/01 00:07:47)  共 2 页
2026-05-20 10:01:25,772 [INFO]   ✓ 2025-03-01 10:30:00  折算价=717.38
2026-05-20 10:01:25,774 [INFO] >>> 进度: 60/505 (11.9%) <<<
2026-05-20 10:01:26,844 [INFO] === 2025-03-02 ===
2026-05-20 10:01:32,453 [INFO]   #1 OCR=b2um
2026-05-20 10:01:32,594 [INFO]     第 1 页 6 条 (2025/03/02 10:30:00 → 2025/03/02 00:00:05)  共 1 页
2026-05-20 10:01:32,595 [INFO]   ✓ 2025-03-02 10:30:00  折算价=717.38
2026-05-20 10:01:33,558 [INFO] === 2025-03-03 ===
2026-05-20 10:01:33,650 [INFO]   #1 OCR=kJUw
2026-05-20 10:01:33,775 [INFO]   #1 验证码/服务端错误
2026-05-20 10:01:33,871 [INFO]   #2 OCR=2c13
2026-05-20 10:01:33,994 [INFO]   #2 验证码/服务端错误
2026-05-20 10:01:34,082 [INFO]   #3 OCR=loso
2026-05-20 10:01:34,234 [INFO]     第 1 页 20 条 (2025/03/03 23:55:38 → 2025/03/03 18:16:48)  共 7 页
2026-05-20 10:01:34,392 [INFO]     第 2 页 20 条 (2025/03/03 18:03:59 → 2025/03/03 16:16:07)
2026-05-20 10:01:35,201 [INFO]     第 3 页 20 条 (2025/03/03 16:09:04 → 2025/03/03 14:04:46)
2026-05-20 10:01:35,876 [INFO]     第 4 页 20 条 (2025/03/03 14:01:36 → 2025/03/03 11:12:21)
2026-05-20 10:01:36,596 [INFO]     第 5 页 20 条 (2025/03/03 11:10:54 → 2025/03/03 10:10:21)
2026-05-20 10:01:37,225 [INFO]     第 6 页 20 条 (2025/03/03 10:07:18 → 2025/03/03 00:00:05)
2026-05-20 10:01:37,226 [INFO]   ✓ 2025-03-03 10:07:18  折算价=717.45
2026-05-20 10:01:38,554 [INFO] === 2025-03-04 ===
2026-05-20 10:01:38,621 [INFO]   #1 OCR=wye1
2026-05-20 10:01:38,837 [INFO]     第 1 页 20 条 (2025/03/04 23:56:27 → 2025/03/04 19:53:25)  共 10 页
2026-05-20 10:01:38,974 [INFO]     第 2 页 20 条 (2025/03/04 19:37:21 → 2025/03/04 17:45:57)
2026-05-20 10:01:39,744 [INFO]     第 3 页 20 条 (2025/03/04 17:45:20 → 2025/03/04 16:33:21)
2026-05-20 10:01:40,332 [WARNING]     第4页第1次服务端错误提示, 等待重试
2026-05-20 10:01:41,981 [INFO]     第 4 页 20 条 (2025/03/04 16:25:54 → 2025/03/04 15:36:52)
2026-05-20 10:01:42,667 [INFO]     第 5 页 20 条 (2025/03/04 15:35:23 → 2025/03/04 14:10:10)
2026-05-20 10:01:43,392 [WARNING]     第6页第1次服务端错误提示, 等待重试
2026-05-20 10:01:45,030 [INFO]     第 6 页 20 条 (2025/03/04 14:00:14 → 2025/03/04 11:52:03)
2026-05-20 10:01:45,478 [INFO]     第 7 页 20 条 (2025/03/04 11:48:39 → 2025/03/04 10:32:23)
2026-05-20 10:01:46,106 [INFO]     第 8 页 20 条 (2025/03/04 10:31:09 → 2025/03/04 09:49:46)
2026-05-20 10:01:46,107 [INFO]   ✓ 2025-03-04 10:01:32  折算价=717.39
2026-05-20 10:01:47,301 [INFO] === 2025-03-05 ===
2026-05-20 10:01:47,379 [INFO]   #1 OCR=TkT1
2026-05-20 10:01:47,613 [INFO]     第 1 页 20 条 (2025/03/05 23:50:34 → 2025/03/05 22:25:07)  共 13 页
2026-05-20 10:01:47,784 [INFO]     第 2 页 20 条 (2025/03/05 22:16:03 → 2025/03/05 19:18:29)
2026-05-20 10:01:48,172 [WARNING]     第3页第1次服务端错误提示, 等待重试
2026-05-20 10:01:49,825 [INFO]     第 3 页 20 条 (2025/03/05 19:03:49 → 2025/03/05 17:38:06)
2026-05-20 10:01:50,576 [INFO]     第 4 页 20 条 (2025/03/05 17:34:21 → 2025/03/05 16:40:29)
2026-05-20 10:01:51,194 [INFO]     第 5 页 20 条 (2025/03/05 16:40:26 → 2025/03/05 15:55:26)
2026-05-20 10:01:51,781 [WARNING]     第6页第1次服务端错误提示, 等待重试
2026-05-20 10:01:53,463 [INFO]     第 6 页 20 条 (2025/03/05 15:53:30 → 2025/03/05 14:44:46)
2026-05-20 10:01:53,997 [INFO]     第 7 页 20 条 (2025/03/05 14:43:26 → 2025/03/05 14:01:36)
2026-05-20 10:01:54,876 [INFO]     第 8 页 20 条 (2025/03/05 14:00:41 → 2025/03/05 12:29:59)
2026-05-20 10:01:55,531 [INFO]     第 9 页 20 条 (2025/03/05 12:22:21 → 2025/03/05 11:11:27)
2026-05-20 10:01:56,437 [INFO]     第 10 页 20 条 (2025/03/05 11:10:44 → 2025/03/05 10:24:37)
2026-05-20 10:01:57,174 [INFO]     第 11 页 20 条 (2025/03/05 10:23:41 → 2025/03/05 09:50:09)
2026-05-20 10:01:57,176 [INFO]   ✓ 2025-03-05 10:00:56  折算价=717.14
2026-05-20 10:01:58,149 [INFO] === 2025-03-06 ===
2026-05-20 10:01:58,229 [INFO]   #1 OCR=gwwp
2026-05-20 10:01:58,433 [INFO]     第 1 页 20 条 (2025/03/06 23:54:56 → 2025/03/06 20:43:30)  共 10 页
2026-05-20 10:01:58,577 [INFO]     第 2 页 20 条 (2025/03/06 20:35:39 → 2025/03/06 16:24:25)
2026-05-20 10:01:59,561 [INFO]     第 3 页 20 条 (2025/03/06 16:22:27 → 2025/03/06 15:22:20)
2026-05-20 10:02:00,346 [INFO]     第 4 页 20 条 (2025/03/06 15:19:52 → 2025/03/06 14:31:04)
2026-05-20 10:02:01,380 [INFO]     第 5 页 20 条 (2025/03/06 14:22:01 → 2025/03/06 11:41:55)
2026-05-20 10:02:02,405 [INFO]     第 6 页 20 条 (2025/03/06 11:40:30 → 2025/03/06 10:32:54)
2026-05-20 10:02:03,022 [INFO]     第 7 页 20 条 (2025/03/06 10:31:01 → 2025/03/06 10:01:38)
2026-05-20 10:02:03,817 [INFO]     第 8 页 20 条 (2025/03/06 10:00:42 → 2025/03/06 09:33:31)
2026-05-20 10:02:03,818 [INFO]   ✓ 2025-03-06 10:00:42  折算价=716.92
2026-05-20 10:02:05,166 [INFO] === 2025-03-07 ===
2026-05-20 10:02:05,249 [INFO]   #1 OCR=A2z3
2026-05-20 10:02:05,462 [INFO]     第 1 页 20 条 (2025/03/07 23:51:07 → 2025/03/07 21:33:53)  共 9 页
2026-05-20 10:02:05,624 [INFO]     第 2 页 20 条 (2025/03/07 21:33:10 → 2025/03/07 17:17:15)
2026-05-20 10:02:06,249 [INFO]     第 3 页 20 条 (2025/03/07 17:16:53 → 2025/03/07 16:01:08)
2026-05-20 10:02:07,039 [INFO]     第 4 页 20 条 (2025/03/07 15:57:52 → 2025/03/07 14:15:57)
2026-05-20 10:02:07,858 [INFO]     第 5 页 20 条 (2025/03/07 14:10:36 → 2025/03/07 12:50:58)
2026-05-20 10:02:08,503 [INFO]     第 6 页 20 条 (2025/03/07 12:41:09 → 2025/03/07 10:51:16)
2026-05-20 10:02:09,201 [INFO]     第 7 页 20 条 (2025/03/07 10:50:03 → 2025/03/07 09:52:34)
2026-05-20 10:02:09,202 [INFO]   ✓ 2025-03-07 10:02:56  折算价=717.05
2026-05-20 10:02:10,224 [INFO] === 2025-03-08 ===
2026-05-20 10:02:10,303 [INFO]   #1 OCR=rchs
2026-05-20 10:02:10,520 [INFO]     第 1 页 20 条 (2025/03/08 10:30:00 → 2025/03/08 00:04:11)  共 2 页
2026-05-20 10:02:10,521 [INFO]   ✓ 2025-03-08 10:30:00  折算价=717.05
2026-05-20 10:02:11,571 [INFO] === 2025-03-09 ===
2026-05-20 10:02:11,648 [INFO]   #1 OCR=w89u
2026-05-20 10:02:11,838 [INFO]     第 1 页 6 条 (2025/03/09 10:30:00 → 2025/03/09 00:00:05)  共 1 页
2026-05-20 10:02:11,838 [INFO]   ✓ 2025-03-09 10:30:00  折算价=717.05
2026-05-20 10:02:13,017 [INFO] === 2025-03-10 ===
2026-05-20 10:02:13,113 [INFO]   #1 OCR=w8hn
2026-05-20 10:02:13,361 [INFO]     第 1 页 20 条 (2025/03/10 23:49:18 → 2025/03/10 19:04:40)  共 8 页
2026-05-20 10:02:13,506 [INFO]     第 2 页 20 条 (2025/03/10 18:29:51 → 2025/03/10 16:40:47)
2026-05-20 10:02:14,327 [INFO]     第 3 页 20 条 (2025/03/10 16:31:39 → 2025/03/10 15:32:37)
2026-05-20 10:02:14,888 [INFO]     第 4 页 20 条 (2025/03/10 15:30:43 → 2025/03/10 14:10:57)
2026-05-20 10:02:15,512 [INFO]     第 5 页 20 条 (2025/03/10 14:00:36 → 2025/03/10 11:03:19)
2026-05-20 10:02:16,107 [INFO]     第 6 页 20 条 (2025/03/10 10:59:36 → 2025/03/10 10:10:17)
2026-05-20 10:02:16,951 [INFO]     第 7 页 20 条 (2025/03/10 10:07:44 → 2025/03/10 09:33:59)
2026-05-20 10:02:16,953 [INFO]   ✓ 2025-03-10 10:03:06  折算价=717.33
2026-05-20 10:02:18,181 [INFO] === 2025-03-11 ===
2026-05-20 10:02:18,374 [INFO]   #1 OCR=EiCi
2026-05-20 10:02:18,795 [INFO]     第 1 页 20 条 (2025/03/11 23:34:05 → 2025/03/11 21:08:05)  共 12 页
2026-05-20 10:02:18,952 [INFO]     第 2 页 20 条 (2025/03/11 20:59:38 → 2025/03/11 17:34:54)
2026-05-20 10:02:19,819 [INFO]     第 3 页 20 条 (2025/03/11 17:19:45 → 2025/03/11 16:10:09)
2026-05-20 10:02:20,850 [INFO]     第 4 页 20 条 (2025/03/11 16:08:00 → 2025/03/11 15:41:17)
2026-05-20 10:02:21,454 [INFO]     第 5 页 20 条 (2025/03/11 15:40:02 → 2025/03/11 14:36:08)
2026-05-20 10:02:22,076 [INFO]     第 6 页 20 条 (2025/03/11 14:35:00 → 2025/03/11 13:50:20)
2026-05-20 10:02:23,075 [INFO]     第 7 页 20 条 (2025/03/11 13:48:31 → 2025/03/11 11:26:34)
2026-05-20 10:02:23,956 [INFO]     第 8 页 20 条 (2025/03/11 11:24:44 → 2025/03/11 10:46:51)
2026-05-20 10:02:25,010 [INFO]     第 9 页 20 条 (2025/03/11 10:45:23 → 2025/03/11 10:15:27)
2026-05-20 10:02:25,968 [INFO]     第 10 页 20 条 (2025/03/11 10:14:56 → 2025/03/11 09:42:26)
2026-05-20 10:02:25,969 [INFO]   ✓ 2025-03-11 10:01:58  折算价=717.41
2026-05-20 10:02:25,971 [INFO] >>> 进度: 70/505 (13.9%) <<<
2026-05-20 10:02:26,870 [INFO] === 2025-03-12 ===
2026-05-20 10:02:30,278 [INFO]   #1 OCR=uepr
2026-05-20 10:02:31,964 [INFO]     第 1 页 20 条 (2025/03/12 23:17:44 → 2025/03/12 19:29:58)  共 9 页
2026-05-20 10:02:32,126 [INFO]     第 2 页 20 条 (2025/03/12 18:28:26 → 2025/03/12 15:59:20)
2026-05-20 10:02:32,633 [INFO]     第 3 页 20 条 (2025/03/12 15:56:54 → 2025/03/12 14:56:39)
2026-05-20 10:02:33,214 [INFO]     第 4 页 20 条 (2025/03/12 14:54:44 → 2025/03/12 14:09:13)
2026-05-20 10:02:34,107 [INFO]     第 5 页 20 条 (2025/03/12 14:04:17 → 2025/03/12 11:22:55)
2026-05-20 10:02:34,651 [INFO]     第 6 页 20 条 (2025/03/12 11:20:25 → 2025/03/12 10:02:30)
2026-05-20 10:02:35,607 [INFO]     第 7 页 20 条 (2025/03/12 10:00:27 → 2025/03/12 09:33:25)
2026-05-20 10:02:35,608 [INFO]   ✓ 2025-03-12 10:00:27  折算价=716.96
2026-05-20 10:02:36,460 [INFO] === 2025-03-13 ===
2026-05-20 10:02:36,548 [INFO]   #1 OCR=wucd
2026-05-20 10:02:36,862 [INFO]     第 1 页 20 条 (2025/03/13 23:13:27 → 2025/03/13 17:58:56)  共 9 页
2026-05-20 10:02:37,448 [INFO]     第 2 页 20 条 (2025/03/13 17:56:06 → 2025/03/13 16:10:03)
2026-05-20 10:02:38,730 [INFO]     第 3 页 20 条 (2025/03/13 15:56:40 → 2025/03/13 14:39:55)
2026-05-20 10:02:39,945 [INFO]     第 4 页 20 条 (2025/03/13 14:39:30 → 2025/03/13 13:46:41)
2026-05-20 10:02:41,136 [INFO]     第 5 页 20 条 (2025/03/13 13:46:18 → 2025/03/13 10:58:36)
2026-05-20 10:02:42,125 [INFO]     第 6 页 20 条 (2025/03/13 10:56:19 → 2025/03/13 10:15:28)
2026-05-20 10:02:42,969 [INFO]     第 7 页 20 条 (2025/03/13 10:13:18 → 2025/03/13 09:37:14)
2026-05-20 10:02:42,970 [INFO]   ✓ 2025-03-13 10:00:03  折算价=717.28
2026-05-20 10:02:44,163 [INFO] === 2025-03-14 ===
2026-05-20 10:02:44,269 [INFO]   #1 OCR=drd6
2026-05-20 10:02:44,431 [INFO]   #1 验证码/服务端错误
2026-05-20 10:02:44,522 [INFO]   #2 OCR=9Fh
2026-05-20 10:02:44,686 [INFO]   #2 验证码/服务端错误
2026-05-20 10:02:44,780 [INFO]   #3 OCR=Lxch
2026-05-20 10:02:45,011 [INFO]     第 1 页 20 条 (2025/03/14 23:51:55 → 2025/03/14 17:38:28)  共 9 页
2026-05-20 10:02:45,174 [INFO]     第 2 页 20 条 (2025/03/14 17:33:05 → 2025/03/14 16:35:43)
2026-05-20 10:02:46,355 [INFO]     第 3 页 20 条 (2025/03/14 16:33:41 → 2025/03/14 15:38:17)
2026-05-20 10:02:47,674 [INFO]     第 4 页 20 条 (2025/03/14 15:36:23 → 2025/03/14 14:18:56)
2026-05-20 10:02:48,387 [INFO]     第 5 页 20 条 (2025/03/14 14:16:24 → 2025/03/14 11:41:34)
2026-05-20 10:02:49,774 [INFO]     第 6 页 20 条 (2025/03/14 11:39:25 → 2025/03/14 11:00:18)
2026-05-20 10:02:50,634 [INFO]     第 7 页 20 条 (2025/03/14 10:57:54 → 2025/03/14 09:59:21)
2026-05-20 10:02:50,635 [INFO]   ✓ 2025-03-14 10:00:49  折算价=717.38
2026-05-20 10:02:52,017 [INFO] === 2025-03-15 ===
2026-05-20 10:02:52,112 [INFO]   #1 OCR=qaih
2026-05-20 10:02:52,334 [INFO]   #1 验证码/服务端错误
2026-05-20 10:02:52,431 [INFO]   #2 OCR=vyN3
2026-05-20 10:02:52,668 [INFO]   #2 验证码/服务端错误
2026-05-20 10:02:52,760 [INFO]   #3 OCR=pn15
2026-05-20 10:02:53,068 [INFO]     第 1 页 13 条 (2025/03/15 10:30:00 → 2025/03/15 00:00:05)  共 1 页
2026-05-20 10:02:53,068 [INFO]   ✓ 2025-03-15 10:30:00  折算价=717.38
2026-05-20 10:02:54,218 [INFO] === 2025-03-16 ===
2026-05-20 10:02:54,311 [INFO]   #1 OCR=cHbQ
2026-05-20 10:02:54,620 [INFO]     第 1 页 6 条 (2025/03/16 10:30:00 → 2025/03/16 00:00:05)  共 1 页
2026-05-20 10:02:54,620 [INFO]   ✓ 2025-03-16 10:30:00  折算价=717.38
2026-05-20 10:02:55,521 [INFO] === 2025-03-17 ===
2026-05-20 10:02:55,615 [INFO]   #1 OCR=eLkb
2026-05-20 10:02:56,397 [INFO]     第 1 页 20 条 (2025/03/17 23:26:45 → 2025/03/17 18:24:49)  共 9 页
2026-05-20 10:02:56,709 [INFO]     第 2 页 20 条 (2025/03/17 18:18:46 → 2025/03/17 16:28:18)
2026-05-20 10:02:57,264 [WARNING]     第3页第1次服务端错误提示, 等待重试
2026-05-20 10:02:59,003 [INFO]     第 3 页 20 条 (2025/03/17 16:17:11 → 2025/03/17 14:59:37)
2026-05-20 10:03:00,578 [WARNING]     第4页第1次服务端错误提示, 等待重试
2026-05-20 10:03:02,578 [INFO]     第 4 页 20 条 (2025/03/17 14:58:09 → 2025/03/17 13:40:27)
2026-05-20 10:03:03,982 [INFO]     第 5 页 20 条 (2025/03/17 13:33:11 → 2025/03/17 11:20:09)
2026-05-20 10:03:06,621 [INFO]     第 6 页 20 条 (2025/03/17 11:13:44 → 2025/03/17 10:19:37)
2026-05-20 10:03:07,779 [INFO]     第 7 页 20 条 (2025/03/17 10:19:14 → 2025/03/17 09:55:01)
2026-05-20 10:03:07,780 [INFO]   ✓ 2025-03-17 10:00:59  折算价=716.88
2026-05-20 10:03:09,274 [INFO] === 2025-03-18 ===
2026-05-20 10:03:09,370 [INFO]   #1 OCR=B9B8
2026-05-20 10:03:09,743 [INFO]     第 1 页 20 条 (2025/03/18 23:40:20 → 2025/03/18 18:17:47)  共 9 页
2026-05-20 10:03:10,467 [INFO]     第 2 页 20 条 (2025/03/18 18:04:40 → 2025/03/18 16:32:20)
2026-05-20 10:03:11,651 [INFO]     第 3 页 20 条 (2025/03/18 16:31:19 → 2025/03/18 15:59:12)
2026-05-20 10:03:12,735 [INFO]     第 4 页 20 条 (2025/03/18 15:57:24 → 2025/03/18 15:04:18)
2026-05-20 10:03:13,623 [INFO]     第 5 页 20 条 (2025/03/18 15:02:43 → 2025/03/18 13:04:20)
2026-05-20 10:03:14,645 [INFO]     第 6 页 20 条 (2025/03/18 11:48:53 → 2025/03/18 10:19:59)
2026-05-20 10:03:15,886 [INFO]     第 7 页 20 条 (2025/03/18 10:18:37 → 2025/03/18 09:49:11)
2026-05-20 10:03:15,887 [INFO]   ✓ 2025-03-18 10:04:43  折算价=717.33
2026-05-20 10:03:17,141 [INFO] === 2025-03-19 ===
2026-05-20 10:03:17,234 [INFO]   #1 OCR=orzu
2026-05-20 10:03:17,614 [INFO]     第 1 页 20 条 (2025/03/19 23:55:11 → 2025/03/19 17:24:55)  共 8 页
2026-05-20 10:03:17,873 [INFO]     第 2 页 20 条 (2025/03/19 17:22:40 → 2025/03/19 16:04:11)
2026-05-20 10:03:18,524 [INFO]     第 3 页 20 条 (2025/03/19 16:04:01 → 2025/03/19 15:18:22)
2026-05-20 10:03:19,261 [INFO]     第 4 页 20 条 (2025/03/19 15:15:56 → 2025/03/19 13:56:55)
2026-05-20 10:03:20,178 [INFO]     第 5 页 20 条 (2025/03/19 13:54:02 → 2025/03/19 10:40:12)
2026-05-20 10:03:21,883 [INFO]     第 6 页 20 条 (2025/03/19 10:34:25 → 2025/03/19 09:56:04)
2026-05-20 10:03:21,884 [INFO]   ✓ 2025-03-19 10:01:55  折算价=716.97
2026-05-20 10:03:22,939 [INFO] === 2025-03-20 ===
2026-05-20 10:03:23,037 [INFO]   #1 OCR=8bcc
2026-05-20 10:03:23,770 [INFO]     第 1 页 20 条 (2025/03/20 23:53:23 → 2025/03/20 18:12:34)  共 9 页
2026-05-20 10:03:24,642 [INFO]     第 2 页 20 条 (2025/03/20 18:09:45 → 2025/03/20 16:21:41)
2026-05-20 10:03:25,873 [INFO]     第 3 页 20 条 (2025/03/20 16:16:46 → 2025/03/20 15:17:34)
2026-05-20 10:03:31,304 [INFO]     第 4 页 20 条 (2025/03/20 15:13:06 → 2025/03/20 13:56:08)
2026-05-20 10:03:32,018 [INFO]     第 5 页 20 条 (2025/03/20 13:53:44 → 2025/03/20 10:40:01)
2026-05-20 10:03:33,024 [INFO]     第 6 页 20 条 (2025/03/20 10:39:07 → 2025/03/20 09:52:17)
2026-05-20 10:03:33,025 [INFO]   ✓ 2025-03-20 10:01:25  折算价=717.54
2026-05-20 10:03:33,948 [INFO] === 2025-03-21 ===
2026-05-20 10:03:34,051 [INFO]   #1 OCR=6a0q
2026-05-20 10:03:34,195 [INFO]   #1 验证码/服务端错误
2026-05-20 10:03:34,282 [INFO]   #2 OCR=2p2
2026-05-20 10:03:34,432 [INFO]   #2 验证码/服务端错误
2026-05-20 10:03:34,519 [INFO]   #3 OCR=uqes
2026-05-20 10:03:34,754 [INFO]     第 1 页 20 条 (2025/03/21 23:59:14 → 2025/03/21 18:39:43)  共 8 页
2026-05-20 10:03:34,911 [INFO]     第 2 页 20 条 (2025/03/21 18:02:52 → 2025/03/21 16:03:19)
2026-05-20 10:03:36,250 [INFO]     第 3 页 20 条 (2025/03/21 16:01:02 → 2025/03/21 14:57:44)
2026-05-20 10:03:37,325 [INFO]     第 4 页 20 条 (2025/03/21 14:56:05 → 2025/03/21 13:55:17)
2026-05-20 10:03:38,517 [INFO]     第 5 页 20 条 (2025/03/21 13:54:41 → 2025/03/21 10:48:24)
2026-05-20 10:03:39,655 [INFO]     第 6 页 20 条 (2025/03/21 10:43:17 → 2025/03/21 10:05:26)
2026-05-20 10:03:40,489 [INFO]     第 7 页 20 条 (2025/03/21 10:03:52 → 2025/03/21 05:30:00)
2026-05-20 10:03:40,490 [INFO]   ✓ 2025-03-21 10:00:44  折算价=717.6
2026-05-20 10:03:40,491 [INFO] >>> 进度: 80/505 (15.8%) <<<
2026-05-20 10:03:41,973 [INFO] === 2025-03-22 ===
2026-05-20 10:03:42,062 [INFO]   #1 OCR=p3xI
2026-05-20 10:03:42,354 [INFO]     第 1 页 14 条 (2025/03/22 10:30:00 → 2025/03/22 00:00:05)  共 1 页
2026-05-20 10:03:42,354 [INFO]   ✓ 2025-03-22 10:30:00  折算价=717.6
2026-05-20 10:03:43,708 [INFO] === 2025-03-23 ===
2026-05-20 10:03:43,808 [INFO]   #1 OCR=9fi3
2026-05-20 10:03:44,036 [INFO]     第 1 页 14 条 (2025/03/23 10:56:50 → 2025/03/23 00:00:52)  共 1 页
2026-05-20 10:03:44,037 [INFO]   ✓ 2025-03-23 10:30:00  折算价=717.6
2026-05-20 10:03:45,163 [INFO] === 2025-03-24 ===
2026-05-20 10:03:45,262 [INFO]   #1 OCR=ib6F
2026-05-20 10:03:45,480 [INFO]     第 1 页 20 条 (2025/03/24 23:34:35 → 2025/03/24 18:20:26)  共 7 页
2026-05-20 10:03:46,302 [INFO]     第 2 页 20 条 (2025/03/24 18:17:29 → 2025/03/24 16:24:26)
2026-05-20 10:03:48,249 [INFO]     第 3 页 20 条 (2025/03/24 16:23:03 → 2025/03/24 14:37:24)
2026-05-20 10:03:50,029 [INFO]     第 4 页 20 条 (2025/03/24 14:34:22 → 2025/03/24 11:18:42)
2026-05-20 10:03:51,373 [INFO]     第 5 页 20 条 (2025/03/24 11:03:26 → 2025/03/24 10:03:55)
2026-05-20 10:03:52,096 [INFO]     第 6 页 20 条 (2025/03/24 10:03:22 → 2025/03/24 09:30:21)
2026-05-20 10:03:52,097 [INFO]   ✓ 2025-03-24 10:03:22  折算价=717.8
2026-05-20 10:03:52,906 [INFO] === 2025-03-25 ===
2026-05-20 10:03:53,009 [INFO]   #1 OCR=u44e
2026-05-20 10:03:54,422 [INFO]     第 1 页 20 条 (2025/03/25 23:49:01 → 2025/03/25 18:19:48)  共 7 页
2026-05-20 10:03:55,743 [INFO]     第 2 页 20 条 (2025/03/25 18:15:44 → 2025/03/25 16:14:34)
2026-05-20 10:03:56,823 [INFO]     第 3 页 20 条 (2025/03/25 16:07:47 → 2025/03/25 14:23:26)
2026-05-20 10:03:57,920 [INFO]     第 4 页 20 条 (2025/03/25 14:22:47 → 2025/03/25 11:24:54)
2026-05-20 10:03:58,947 [INFO]     第 5 页 20 条 (2025/03/25 11:22:08 → 2025/03/25 10:10:17)
2026-05-20 10:03:59,483 [INFO]     第 6 页 20 条 (2025/03/25 10:09:41 → 2025/03/25 05:30:00)
2026-05-20 10:03:59,484 [INFO]   ✓ 2025-03-25 10:00:55  折算价=717.88
2026-05-20 10:04:00,705 [INFO] === 2025-03-26 ===
2026-05-20 10:04:00,806 [INFO]   #1 OCR=wnaL
2026-05-20 10:04:01,019 [INFO]     第 1 页 20 条 (2025/03/26 23:55:13 → 2025/03/26 17:58:30)  共 6 页
2026-05-20 10:04:01,202 [INFO]     第 2 页 20 条 (2025/03/26 17:54:58 → 2025/03/26 15:27:12)
2026-05-20 10:04:01,753 [INFO]     第 3 页 20 条 (2025/03/26 15:20:26 → 2025/03/26 11:30:28)
2026-05-20 10:04:02,666 [INFO]     第 4 页 20 条 (2025/03/26 11:18:25 → 2025/03/26 10:10:23)
2026-05-20 10:04:03,420 [WARNING]     第5页第1次服务端错误提示, 等待重试
2026-05-20 10:04:06,340 [INFO]     第 5 页 20 条 (2025/03/26 10:09:19 → 2025/03/26 05:30:00)
2026-05-20 10:04:06,341 [INFO]   ✓ 2025-03-26 10:00:31  折算价=717.54
2026-05-20 10:04:07,655 [INFO] === 2025-03-27 ===
2026-05-20 10:04:07,755 [INFO]   #1 OCR=rkB6
2026-05-20 10:04:08,167 [INFO]     第 1 页 20 条 (2025/03/27 23:56:05 → 2025/03/27 18:52:00)  共 7 页
2026-05-20 10:04:08,465 [INFO]     第 2 页 20 条 (2025/03/27 18:00:31 → 2025/03/27 15:39:15)
2026-05-20 10:04:09,273 [WARNING]     第3页第1次服务端错误提示, 等待重试
2026-05-20 10:04:11,092 [INFO]     第 3 页 20 条 (2025/03/27 15:35:52 → 2025/03/27 13:47:34)
2026-05-20 10:04:11,697 [INFO]     第 4 页 20 条 (2025/03/27 13:39:53 → 2025/03/27 10:53:00)
2026-05-20 10:04:12,246 [INFO]     第 5 页 20 条 (2025/03/27 10:51:46 → 2025/03/27 10:19:46)
2026-05-20 10:04:13,218 [INFO]     第 6 页 20 条 (2025/03/27 10:14:59 → 2025/03/27 09:27:15)
2026-05-20 10:04:13,219 [INFO]   ✓ 2025-03-27 10:01:37  折算价=717.63
2026-05-20 10:04:14,255 [INFO] === 2025-03-28 ===
2026-05-20 10:04:14,336 [INFO]   #1 OCR=puZ
2026-05-20 10:04:14,449 [INFO]   #1 验证码/服务端错误
2026-05-20 10:04:14,524 [INFO]   #2 OCR=ombt
2026-05-20 10:04:14,649 [INFO]   #2 验证码/服务端错误
2026-05-20 10:04:14,736 [INFO]   #3 OCR=eTh3
2026-05-20 10:04:14,940 [INFO]     第 1 页 20 条 (2025/03/28 23:52:44 → 2025/03/28 17:39:27)  共 6 页
2026-05-20 10:04:15,138 [INFO]     第 2 页 20 条 (2025/03/28 17:19:00 → 2025/03/28 15:20:26)
2026-05-20 10:04:15,863 [INFO]     第 3 页 20 条 (2025/03/28 15:16:24 → 2025/03/28 11:07:11)
2026-05-20 10:04:16,601 [INFO]     第 4 页 20 条 (2025/03/28 11:03:16 → 2025/03/28 10:08:05)
2026-05-20 10:04:17,132 [INFO]     第 5 页 20 条 (2025/03/28 09:59:37 → 2025/03/28 02:26:17)
2026-05-20 10:04:17,133 [INFO]   ✓ 2025-03-28 10:08:05  折算价=717.52
2026-05-20 10:04:18,166 [INFO] === 2025-03-29 ===
2026-05-20 10:04:18,262 [INFO]   #1 OCR=8ss6
2026-05-20 10:04:18,465 [INFO]     第 1 页 15 条 (2025/03/29 10:30:00 → 2025/03/29 00:00:05)  共 1 页
2026-05-20 10:04:18,466 [INFO]   ✓ 2025-03-29 10:30:00  折算价=717.52
2026-05-20 10:04:19,535 [INFO] === 2025-03-30 ===
2026-05-20 10:04:19,628 [INFO]   #1 OCR=x9wt
2026-05-20 10:04:19,766 [INFO]   #1 验证码/服务端错误
2026-05-20 10:04:19,866 [INFO]   #2 OCR=oLjo
2026-05-20 10:04:20,010 [INFO]   #2 验证码/服务端错误
2026-05-20 10:04:20,089 [INFO]   #3 OCR=xkg
2026-05-20 10:04:20,221 [INFO]   #3 验证码/服务端错误
2026-05-20 10:04:20,306 [INFO]   #4 OCR=ogrJ
2026-05-20 10:04:20,436 [INFO]   #4 验证码/服务端错误
2026-05-20 10:04:20,519 [INFO]   #5 OCR=iho
2026-05-20 10:04:20,645 [INFO]   #5 验证码/服务端错误
2026-05-20 10:04:20,719 [INFO]   #6 OCR=oyR5
2026-05-20 10:04:20,860 [INFO]   #6 验证码/服务端错误
2026-05-20 10:04:20,942 [INFO]   #7 OCR=wgtk
2026-05-20 10:04:21,069 [INFO]   #7 验证码/服务端错误
2026-05-20 10:04:21,155 [INFO]   #8 OCR=rmB
2026-05-20 10:04:21,294 [INFO]   #8 验证码/服务端错误
2026-05-20 10:04:21,295 [ERROR]   ✗ 2025-03-30 已重试 8 次, 跳过
2026-05-20 10:04:22,264 [INFO] === 2025-03-31 ===
2026-05-20 10:04:22,344 [INFO]   #1 OCR=dfuz
2026-05-20 10:04:22,572 [INFO]     第 1 页 20 条 (2025/03/31 23:37:57 → 2025/03/31 19:04:34)  共 8 页
2026-05-20 10:04:22,719 [INFO]     第 2 页 20 条 (2025/03/31 18:47:41 → 2025/03/31 16:34:33)
2026-05-20 10:04:23,602 [INFO]     第 3 页 20 条 (2025/03/31 16:33:17 → 2025/03/31 15:19:58)
2026-05-20 10:04:24,348 [INFO]     第 4 页 20 条 (2025/03/31 15:17:51 → 2025/03/31 13:52:26)
2026-05-20 10:04:25,170 [INFO]     第 5 页 20 条 (2025/03/31 13:45:48 → 2025/03/31 10:36:26)
2026-05-20 10:04:25,630 [INFO]     第 6 页 20 条 (2025/03/31 10:34:10 → 2025/03/31 09:47:55)
2026-05-20 10:04:25,631 [INFO]   ✓ 2025-03-31 10:02:08  折算价=717.82
2026-05-20 10:04:25,633 [INFO] >>> 进度: 90/505 (17.8%) <<<
2026-05-20 10:04:27,119 [INFO] === 2025-04-01 ===
2026-05-20 10:04:30,186 [INFO]   #1 OCR=T9ke
2026-05-20 10:04:30,867 [INFO]     第 1 页 20 条 (2025/04/01 23:31:43 → 2025/04/01 18:05:06)  共 6 页
2026-05-20 10:04:31,517 [INFO]     第 2 页 20 条 (2025/04/01 17:55:58 → 2025/04/01 14:29:57)
2026-05-20 10:04:32,333 [INFO]     第 3 页 20 条 (2025/04/01 14:26:15 → 2025/04/01 11:04:44)
2026-05-20 10:04:33,219 [INFO]     第 4 页 20 条 (2025/04/01 11:01:54 → 2025/04/01 09:53:18)
2026-05-20 10:04:33,219 [INFO]   ✓ 2025-04-01 10:01:36  折算价=717.75
2026-05-20 10:04:34,295 [INFO] === 2025-04-02 ===
2026-05-20 10:04:34,384 [INFO]   #1 OCR=bfnn
2026-05-20 10:04:34,532 [INFO]     第 1 页 20 条 (2025/04/02 23:45:59 → 2025/04/02 18:13:30)  共 6 页
2026-05-20 10:04:34,672 [INFO]     第 2 页 20 条 (2025/04/02 18:03:04 → 2025/04/02 15:25:34)
2026-05-20 10:04:35,286 [INFO]     第 3 页 20 条 (2025/04/02 15:20:13 → 2025/04/02 10:48:08)
2026-05-20 10:04:36,213 [INFO]     第 4 页 20 条 (2025/04/02 10:37:26 → 2025/04/02 09:51:52)
2026-05-20 10:04:36,214 [INFO]   ✓ 2025-04-02 10:00:12  折算价=717.93
2026-05-20 10:04:37,262 [INFO] === 2025-04-03 ===
2026-05-20 10:04:37,336 [INFO]   #1 OCR=7DT2
2026-05-20 10:04:37,523 [INFO]     第 1 页 20 条 (2025/04/03 23:51:14 → 2025/04/03 21:30:50)  共 11 页
2026-05-20 10:04:37,661 [INFO]     第 2 页 20 条 (2025/04/03 21:30:33 → 2025/04/03 19:30:34)
2026-05-20 10:04:38,517 [INFO]     第 3 页 20 条 (2025/04/03 19:29:59 → 2025/04/03 17:00:59)
2026-05-20 10:04:39,351 [INFO]     第 4 页 20 条 (2025/04/03 17:00:30 → 2025/04/03 15:25:55)
2026-05-20 10:04:40,136 [INFO]     第 5 页 20 条 (2025/04/03 15:23:47 → 2025/04/03 14:25:30)
2026-05-20 10:04:40,767 [INFO]     第 6 页 20 条 (2025/04/03 14:21:05 → 2025/04/03 13:29:48)
2026-05-20 10:04:41,457 [INFO]     第 7 页 20 条 (2025/04/03 13:28:47 → 2025/04/03 11:17:43)
2026-05-20 10:04:41,981 [INFO]     第 8 页 20 条 (2025/04/03 11:16:54 → 2025/04/03 10:32:33)
2026-05-20 10:04:42,618 [INFO]     第 9 页 20 条 (2025/04/03 10:30:54 → 2025/04/03 09:39:08)
2026-05-20 10:04:42,619 [INFO]   ✓ 2025-04-03 10:02:11  折算价=718.89
2026-05-20 10:04:44,035 [INFO] === 2025-04-04 ===
2026-05-20 10:04:44,101 [INFO]   #1 OCR=9ple
2026-05-20 10:04:44,286 [INFO]     第 1 页 20 条 (2025/04/04 22:16:53 → 2025/04/04 09:42:49)  共 2 页
2026-05-20 10:04:44,286 [INFO]   ✓ 2025-04-04 10:00:17  折算价=718.89
2026-05-20 10:04:45,779 [INFO] === 2025-04-05 ===
2026-05-20 10:04:45,871 [INFO]   #1 OCR=mtpD
2026-05-20 10:04:46,075 [INFO]     第 1 页 8 条 (2025/04/05 10:30:00 → 2025/04/05 00:00:05)  共 1 页
2026-05-20 10:04:46,075 [INFO]   ✓ 2025-04-05 10:30:00  折算价=718.89
2026-05-20 10:04:47,533 [INFO] === 2025-04-06 ===
2026-05-20 10:04:47,611 [INFO]   #1 OCR=okxh
2026-05-20 10:04:47,801 [INFO]     第 1 页 6 条 (2025/04/06 10:30:00 → 2025/04/06 00:00:06)  共 1 页
2026-05-20 10:04:47,802 [INFO]   ✓ 2025-04-06 10:30:00  折算价=718.89
2026-05-20 10:04:48,903 [INFO] === 2025-04-07 ===
2026-05-20 10:04:48,982 [INFO]   #1 OCR=1moz
2026-05-20 10:04:49,185 [INFO]     第 1 页 20 条 (2025/04/07 23:56:56 → 2025/04/07 22:54:53)  共 12 页
2026-05-20 10:04:49,346 [INFO]     第 2 页 20 条 (2025/04/07 22:47:02 → 2025/04/07 22:13:45)
2026-05-20 10:04:49,845 [INFO]     第 3 页 20 条 (2025/04/07 22:12:12 → 2025/04/07 20:42:03)
2026-05-20 10:04:50,747 [INFO]     第 4 页 20 条 (2025/04/07 20:34:50 → 2025/04/07 17:51:55)
2026-05-20 10:04:51,316 [INFO]     第 5 页 20 条 (2025/04/07 17:49:43 → 2025/04/07 16:28:23)
2026-05-20 10:04:51,971 [INFO]     第 6 页 20 条 (2025/04/07 16:26:20 → 2025/04/07 15:07:40)
2026-05-20 10:04:52,448 [INFO]     第 7 页 20 条 (2025/04/07 15:06:23 → 2025/04/07 14:01:07)
2026-05-20 10:04:53,285 [INFO]     第 8 页 20 条 (2025/04/07 13:59:52 → 2025/04/07 12:18:40)
2026-05-20 10:04:54,076 [INFO]     第 9 页 20 条 (2025/04/07 12:17:05 → 2025/04/07 10:19:55)
2026-05-20 10:04:54,656 [INFO]     第 10 页 20 条 (2025/04/07 10:18:55 → 2025/04/07 09:41:19)
2026-05-20 10:04:54,657 [INFO]   ✓ 2025-04-07 10:00:23  折算价=719.8
2026-05-20 10:04:55,882 [INFO] === 2025-04-08 ===
2026-05-20 10:04:55,953 [INFO]   #1 OCR=amJw
2026-05-20 10:04:56,141 [INFO]     第 1 页 20 条 (2025/04/08 23:50:38 → 2025/04/08 20:33:50)  共 9 页
2026-05-20 10:04:56,292 [INFO]     第 2 页 20 条 (2025/04/08 20:05:15 → 2025/04/08 16:27:31)
2026-05-20 10:04:56,820 [INFO]     第 3 页 20 条 (2025/04/08 16:24:38 → 2025/04/08 14:19:13)
2026-05-20 10:04:57,648 [INFO]     第 4 页 20 条 (2025/04/08 14:14:19 → 2025/04/08 12:21:32)
2026-05-20 10:04:58,183 [INFO]     第 5 页 20 条 (2025/04/08 12:16:36 → 2025/04/08 10:46:18)
2026-05-20 10:04:59,104 [INFO]     第 6 页 20 条 (2025/04/08 10:45:49 → 2025/04/08 09:52:42)
2026-05-20 10:04:59,105 [INFO]   ✓ 2025-04-08 10:00:32  折算价=720.38
2026-05-20 10:05:00,228 [INFO] === 2025-04-09 ===
2026-05-20 10:05:00,332 [INFO]   #1 OCR=93Ih
2026-05-20 10:05:00,521 [INFO]     第 1 页 20 条 (2025/04/09 23:51:21 → 2025/04/09 20:15:03)  共 9 页
2026-05-20 10:05:00,657 [INFO]     第 2 页 20 条 (2025/04/09 20:09:29 → 2025/04/09 18:43:08)
2026-05-20 10:05:01,430 [WARNING]     第3页第1次服务端错误提示, 等待重试
2026-05-20 10:05:03,000 [WARNING]     第3页第2次服务端错误提示, 等待重试
2026-05-20 10:05:06,156 [INFO]     第 3 页 20 条 (2025/04/09 18:20:49 → 2025/04/09 15:53:35)
2026-05-20 10:05:06,948 [INFO]     第 4 页 20 条 (2025/04/09 15:51:16 → 2025/04/09 14:34:17)
2026-05-20 10:05:07,674 [WARNING]     第5页第1次服务端错误提示, 等待重试
2026-05-20 10:05:09,315 [INFO]     第 5 页 20 条 (2025/04/09 14:27:57 → 2025/04/09 12:28:44)
2026-05-20 10:05:09,993 [INFO]     第 6 页 20 条 (2025/04/09 12:24:19 → 2025/04/09 10:16:39)
2026-05-20 10:05:10,750 [INFO]     第 7 页 20 条 (2025/04/09 10:11:07 → 2025/04/09 09:30:53)
2026-05-20 10:05:10,751 [INFO]   ✓ 2025-04-09 10:03:05  折算价=720.66
2026-05-20 10:05:12,159 [INFO] === 2025-04-10 ===
2026-05-20 10:05:12,227 [INFO]   #1 OCR=IsZr
2026-05-20 10:05:12,297 [INFO]   #1 验证码/服务端错误
2026-05-20 10:05:12,362 [INFO]   #2 OCR=rjgt
2026-05-20 10:05:12,429 [INFO]   #2 验证码/服务端错误
2026-05-20 10:05:12,495 [INFO]   #3 OCR=fkHs
2026-05-20 10:05:12,639 [INFO]     第 1 页 20 条 (2025/04/10 23:55:11 → 2025/04/10 20:46:17)  共 10 页
2026-05-20 10:05:12,780 [INFO]     第 2 页 20 条 (2025/04/10 20:40:27 → 2025/04/10 18:30:58)
2026-05-20 10:05:13,709 [INFO]     第 3 页 20 条 (2025/04/10 18:28:37 → 2025/04/10 15:54:53)
2026-05-20 10:05:14,167 [INFO]     第 4 页 20 条 (2025/04/10 15:43:14 → 2025/04/10 14:19:54)
2026-05-20 10:05:15,019 [INFO]     第 5 页 20 条 (2025/04/10 14:15:31 → 2025/04/10 12:20:10)
2026-05-20 10:05:15,570 [INFO]     第 6 页 20 条 (2025/04/10 12:02:14 → 2025/04/10 10:30:00)
2026-05-20 10:05:16,079 [INFO]     第 7 页 20 条 (2025/04/10 10:29:18 → 2025/04/10 09:33:41)
2026-05-20 10:05:16,080 [INFO]   ✓ 2025-04-10 10:00:16  折算价=720.92
2026-05-20 10:05:16,082 [INFO] >>> 进度: 100/505 (19.8%) <<<
2026-05-20 10:05:17,111 [INFO] --- 定期刷新 session (已处理 100 天) ---
2026-05-20 10:05:17,505 [INFO] === 2025-04-11 ===
2026-05-20 10:05:17,573 [INFO]   #1 OCR=etf4
2026-05-20 10:05:17,806 [INFO]     第 1 页 20 条 (2025/04/11 23:56:03 → 2025/04/11 21:26:33)  共 14 页
2026-05-20 10:05:17,943 [INFO]     第 2 页 20 条 (2025/04/11 21:12:26 → 2025/04/11 18:36:08)
2026-05-20 10:05:18,717 [INFO]     第 3 页 20 条 (2025/04/11 18:34:40 → 2025/04/11 17:16:54)
2026-05-20 10:05:19,267 [INFO]     第 4 页 20 条 (2025/04/11 17:12:51 → 2025/04/11 16:39:13)
2026-05-20 10:05:20,179 [INFO]     第 5 页 20 条 (2025/04/11 16:38:41 → 2025/04/11 16:03:29)
2026-05-20 10:05:20,841 [INFO]     第 6 页 20 条 (2025/04/11 16:03:04 → 2025/04/11 15:18:40)
2026-05-20 10:05:21,565 [INFO]     第 7 页 20 条 (2025/04/11 15:16:42 → 2025/04/11 14:12:08)
2026-05-20 10:05:22,118 [INFO]     第 8 页 20 条 (2025/04/11 14:09:50 → 2025/04/11 12:11:25)
2026-05-20 10:05:22,637 [INFO]     第 9 页 20 条 (2025/04/11 12:10:43 → 2025/04/11 11:12:18)
2026-05-20 10:05:23,295 [INFO]     第 10 页 20 条 (2025/04/11 11:07:43 → 2025/04/11 10:10:08)
2026-05-20 10:05:24,128 [INFO]     第 11 页 20 条 (2025/04/11 10:07:59 → 2025/04/11 09:32:16)
2026-05-20 10:05:24,130 [INFO]   ✓ 2025-04-11 10:00:55  折算价=720.87
2026-05-20 10:05:25,589 [INFO] === 2025-04-12 ===
2026-05-20 10:05:25,661 [INFO]   #1 OCR=gjEd
2026-05-20 10:05:25,849 [INFO]     第 1 页 17 条 (2025/04/12 10:30:00 → 2025/04/12 00:00:05)  共 1 页
2026-05-20 10:05:25,850 [INFO]   ✓ 2025-04-12 10:30:00  折算价=720.87
2026-05-20 10:05:27,157 [INFO] === 2025-04-13 ===
2026-05-20 10:05:29,693 [INFO]   #1 OCR=7jx
2026-05-20 10:05:30,704 [INFO]   #1 验证码/服务端错误
2026-05-20 10:05:30,780 [INFO]   #2 OCR=byub
2026-05-20 10:05:30,953 [INFO]     第 1 页 6 条 (2025/04/13 10:30:00 → 2025/04/13 00:00:05)  共 1 页
2026-05-20 10:05:30,954 [INFO]   ✓ 2025-04-13 10:30:00  折算价=720.87
2026-05-20 10:05:32,375 [INFO] === 2025-04-14 ===
2026-05-20 10:05:32,445 [INFO]   #1 OCR=oqha
2026-05-20 10:05:32,561 [INFO]   #1 验证码/服务端错误
2026-05-20 10:05:32,631 [INFO]   #2 OCR=zcrs
2026-05-20 10:05:32,817 [INFO]     第 1 页 20 条 (2025/04/14 23:55:27 → 2025/04/14 20:38:13)  共 14 页
2026-05-20 10:05:32,970 [INFO]     第 2 页 20 条 (2025/04/14 20:24:25 → 2025/04/14 18:02:26)
2026-05-20 10:05:33,745 [INFO]     第 3 页 20 条 (2025/04/14 18:00:23 → 2025/04/14 17:23:02)
2026-05-20 10:05:34,289 [INFO]     第 4 页 20 条 (2025/04/14 17:20:19 → 2025/04/14 16:23:59)
2026-05-20 10:05:35,145 [INFO]     第 5 页 20 条 (2025/04/14 16:23:20 → 2025/04/14 15:39:32)
2026-05-20 10:05:35,615 [INFO]     第 6 页 20 条 (2025/04/14 15:36:10 → 2025/04/14 14:54:20)
2026-05-20 10:05:36,091 [INFO]     第 7 页 20 条 (2025/04/14 14:53:53 → 2025/04/14 14:22:46)
2026-05-20 10:05:36,673 [INFO]     第 8 页 20 条 (2025/04/14 14:22:03 → 2025/04/14 13:53:11)
2026-05-20 10:05:37,335 [INFO]     第 9 页 20 条 (2025/04/14 13:51:54 → 2025/04/14 11:49:17)
2026-05-20 10:05:38,296 [INFO]     第 10 页 20 条 (2025/04/14 11:40:40 → 2025/04/14 10:45:25)
2026-05-20 10:05:38,897 [INFO]     第 11 页 20 条 (2025/04/14 10:44:52 → 2025/04/14 10:19:05)
2026-05-20 10:05:39,693 [INFO]     第 12 页 20 条 (2025/04/14 10:18:04 → 2025/04/14 09:45:33)
2026-05-20 10:05:39,694 [INFO]   ✓ 2025-04-14 10:00:32  折算价=721.1
2026-05-20 10:05:40,911 [INFO] === 2025-04-15 ===
2026-05-20 10:05:40,989 [INFO]   #1 OCR=caEz
2026-05-20 10:05:41,192 [INFO]     第 1 页 20 条 (2025/04/15 23:32:14 → 2025/04/15 20:17:19)  共 12 页
2026-05-20 10:05:41,346 [INFO]     第 2 页 20 条 (2025/04/15 20:01:14 → 2025/04/15 17:35:43)
2026-05-20 10:05:41,944 [INFO]     第 3 页 20 条 (2025/04/15 17:35:01 → 2025/04/15 16:29:49)
2026-05-20 10:05:42,903 [INFO]     第 4 页 20 条 (2025/04/15 16:28:37 → 2025/04/15 15:59:24)
2026-05-20 10:05:43,423 [INFO]     第 5 页 20 条 (2025/04/15 15:54:22 → 2025/04/15 15:05:13)
2026-05-20 10:05:43,884 [INFO]     第 6 页 20 条 (2025/04/15 15:04:59 → 2025/04/15 14:37:41)
2026-05-20 10:05:44,584 [INFO]     第 7 页 20 条 (2025/04/15 14:34:13 → 2025/04/15 13:33:08)
2026-05-20 10:05:45,319 [INFO]     第 8 页 20 条 (2025/04/15 13:31:20 → 2025/04/15 11:29:43)
2026-05-20 10:05:45,782 [INFO]     第 9 页 20 条 (2025/04/15 11:24:41 → 2025/04/15 10:29:38)
2026-05-20 10:05:46,239 [INFO]     第 10 页 20 条 (2025/04/15 10:24:00 → 2025/04/15 09:43:28)
2026-05-20 10:05:46,240 [INFO]   ✓ 2025-04-15 10:01:01  折算价=720.96
2026-05-20 10:05:47,338 [INFO] === 2025-04-16 ===
2026-05-20 10:05:47,409 [INFO]   #1 OCR=bujg
2026-05-20 10:05:47,596 [INFO]     第 1 页 20 条 (2025/04/16 23:54:25 → 2025/04/16 21:44:22)  共 12 页
2026-05-20 10:05:47,767 [INFO]     第 2 页 20 条 (2025/04/16 21:44:10 → 2025/04/16 17:59:13)
2026-05-20 10:05:48,631 [INFO]     第 3 页 20 条 (2025/04/16 17:58:05 → 2025/04/16 17:04:49)
2026-05-20 10:05:49,119 [INFO]     第 4 页 20 条 (2025/04/16 17:02:48 → 2025/04/16 16:38:07)
2026-05-20 10:05:49,805 [INFO]     第 5 页 20 条 (2025/04/16 16:36:38 → 2025/04/16 16:16:28)
2026-05-20 10:05:50,344 [INFO]     第 6 页 20 条 (2025/04/16 16:14:52 → 2025/04/16 15:20:39)
2026-05-20 10:05:51,267 [INFO]     第 7 页 20 条 (2025/04/16 15:15:25 → 2025/04/16 14:26:01)
2026-05-20 10:05:51,666 [WARNING]     第8页第1次服务端错误提示, 等待重试
2026-05-20 10:05:53,315 [INFO]     第 8 页 20 条 (2025/04/16 14:24:41 → 2025/04/16 12:37:48)
2026-05-20 10:05:54,183 [INFO]     第 9 页 20 条 (2025/04/16 12:07:41 → 2025/04/16 10:30:00)
2026-05-20 10:05:54,640 [WARNING]     第10页第1次服务端错误提示, 等待重试
2026-05-20 10:05:56,208 [WARNING]     第10页第2次服务端错误提示, 等待重试
2026-05-20 10:05:59,280 [WARNING]     第10页第3次服务端错误提示, 等待重试
2026-05-20 10:06:03,782 [WARNING]   第10页重试全部失败 → 重取验证码重启
2026-05-20 10:06:03,883 [INFO]   #2 OCR=oohr
2026-05-20 10:06:04,103 [INFO]     第 1 页 20 条 (2025/04/16 23:54:25 → 2025/04/16 21:44:22)  共 12 页
2026-05-20 10:06:04,180 [WARNING]     第2页第1次服务端错误提示, 等待重试
2026-05-20 10:06:05,845 [INFO]     第 2 页 20 条 (2025/04/16 21:44:10 → 2025/04/16 17:59:13)
2026-05-20 10:06:06,294 [INFO]     第 3 页 20 条 (2025/04/16 17:58:05 → 2025/04/16 17:04:49)
2026-05-20 10:06:07,118 [INFO]     第 4 页 20 条 (2025/04/16 17:02:48 → 2025/04/16 16:38:07)
2026-05-20 10:06:07,990 [INFO]     第 5 页 20 条 (2025/04/16 16:36:38 → 2025/04/16 16:16:28)
2026-05-20 10:06:08,408 [WARNING]     第6页第1次服务端错误提示, 等待重试
2026-05-20 10:06:10,069 [INFO]     第 6 页 20 条 (2025/04/16 16:14:52 → 2025/04/16 15:20:39)
2026-05-20 10:06:10,920 [INFO]     第 7 页 20 条 (2025/04/16 15:15:25 → 2025/04/16 14:26:01)
2026-05-20 10:06:11,508 [INFO]     第 8 页 20 条 (2025/04/16 14:24:41 → 2025/04/16 12:37:48)
2026-05-20 10:06:12,054 [WARNING]     第9页第1次服务端错误提示, 等待重试
2026-05-20 10:06:13,714 [INFO]     第 9 页 20 条 (2025/04/16 12:07:41 → 2025/04/16 10:30:00)
2026-05-20 10:06:14,518 [INFO]     第 10 页 20 条 (2025/04/16 10:27:23 → 2025/04/16 09:35:08)
2026-05-20 10:06:14,520 [INFO]   ✓ 2025-04-16 10:00:48  折算价=721.33
2026-05-20 10:06:15,821 [INFO] === 2025-04-17 ===
2026-05-20 10:06:15,898 [INFO]   #1 OCR=o3ya
2026-05-20 10:06:16,089 [INFO]     第 1 页 20 条 (2025/04/17 23:19:55 → 2025/04/17 20:00:24)  共 11 页
2026-05-20 10:06:16,243 [INFO]     第 2 页 20 条 (2025/04/17 19:24:12 → 2025/04/17 17:24:56)
2026-05-20 10:06:16,979 [INFO]     第 3 页 20 条 (2025/04/17 17:22:50 → 2025/04/17 16:17:32)
2026-05-20 10:06:17,934 [INFO]     第 4 页 20 条 (2025/04/17 16:15:58 → 2025/04/17 15:25:24)
2026-05-20 10:06:18,467 [INFO]     第 5 页 20 条 (2025/04/17 15:24:58 → 2025/04/17 14:37:48)
2026-05-20 10:06:19,301 [INFO]     第 6 页 20 条 (2025/04/17 14:34:52 → 2025/04/17 13:46:35)
2026-05-20 10:06:19,859 [INFO]     第 7 页 20 条 (2025/04/17 13:46:03 → 2025/04/17 11:10:12)
2026-05-20 10:06:20,368 [INFO]     第 8 页 20 条 (2025/04/17 11:08:33 → 2025/04/17 10:12:15)
2026-05-20 10:06:21,266 [INFO]     第 9 页 20 条 (2025/04/17 10:10:47 → 2025/04/17 09:32:59)
2026-05-20 10:06:21,267 [INFO]   ✓ 2025-04-17 10:01:49  折算价=720.85
2026-05-20 10:06:22,187 [INFO] === 2025-04-18 ===
2026-05-20 10:06:22,260 [INFO]   #1 OCR=Gxop
2026-05-20 10:06:22,464 [INFO]     第 1 页 20 条 (2025/04/18 23:50:44 → 2025/04/18 16:28:32)  共 7 页
2026-05-20 10:06:22,601 [INFO]     第 2 页 20 条 (2025/04/18 16:20:43 → 2025/04/18 14:58:08)
2026-05-20 10:06:23,299 [INFO]     第 3 页 20 条 (2025/04/18 14:45:35 → 2025/04/18 11:19:35)
2026-05-20 10:06:23,964 [INFO]     第 4 页 20 条 (2025/04/18 11:12:34 → 2025/04/18 10:19:39)
2026-05-20 10:06:24,578 [INFO]     第 5 页 20 条 (2025/04/18 10:15:34 → 2025/04/18 09:56:24)
2026-05-20 10:06:24,579 [INFO]   ✓ 2025-04-18 10:01:51  折算价=720.69
2026-05-20 10:06:25,660 [INFO] === 2025-04-19 ===
2026-05-20 10:06:25,733 [INFO]   #1 OCR=Jrtt
2026-05-20 10:06:25,835 [INFO]   #1 验证码/服务端错误
2026-05-20 10:06:25,908 [INFO]   #2 OCR=TTwd
2026-05-20 10:06:26,058 [INFO]     第 1 页 12 条 (2025/04/19 10:30:00 → 2025/04/19 00:00:05)  共 1 页
2026-05-20 10:06:26,058 [INFO]   ✓ 2025-04-19 10:30:00  折算价=720.69
2026-05-20 10:06:27,396 [INFO] === 2025-04-20 ===
2026-05-20 10:06:27,488 [INFO]   #1 OCR=sUks
2026-05-20 10:06:27,578 [INFO]   #1 验证码/服务端错误
2026-05-20 10:06:27,687 [INFO]   #2 OCR=P3bp
2026-05-20 10:06:27,825 [INFO]     第 1 页 6 条 (2025/04/20 10:30:00 → 2025/04/20 00:00:05)  共 1 页
2026-05-20 10:06:27,826 [INFO]   ✓ 2025-04-20 10:30:00  折算价=720.69
2026-05-20 10:06:27,828 [INFO] >>> 进度: 110/505 (21.8%) <<<
2026-05-20 10:06:28,818 [INFO] === 2025-04-21 ===
2026-05-20 10:06:28,926 [INFO]   #1 OCR=D7Dr
2026-05-20 10:06:29,100 [INFO]     第 1 页 20 条 (2025/04/21 23:31:24 → 2025/04/21 18:36:36)  共 11 页
2026-05-20 10:06:30,101 [INFO]     第 2 页 20 条 (2025/04/21 18:30:41 → 2025/04/21 16:34:01)
2026-05-20 10:06:31,791 [INFO]     第 3 页 20 条 (2025/04/21 16:30:35 → 2025/04/21 15:54:27)
2026-05-20 10:06:32,342 [INFO]     第 4 页 20 条 (2025/04/21 15:50:56 → 2025/04/21 14:59:28)
2026-05-20 10:06:33,325 [INFO]     第 5 页 20 条 (2025/04/21 14:58:08 → 2025/04/21 14:00:20)
2026-05-20 10:06:33,854 [INFO]     第 6 页 20 条 (2025/04/21 12:05:05 → 2025/04/21 11:08:53)
2026-05-20 10:06:34,684 [INFO]     第 7 页 20 条 (2025/04/21 11:08:30 → 2025/04/21 10:30:00)
2026-05-20 10:06:35,339 [INFO]     第 8 页 20 条 (2025/04/21 10:30:00 → 2025/04/21 10:06:44)
2026-05-20 10:06:36,126 [INFO]     第 9 页 20 条 (2025/04/21 10:04:31 → 2025/04/21 09:39:50)
2026-05-20 10:06:36,127 [INFO]   ✓ 2025-04-21 10:00:35  折算价=720.55
2026-05-20 10:06:37,316 [INFO] === 2025-04-22 ===
2026-05-20 10:06:37,395 [INFO]   #1 OCR=oHMz
2026-05-20 10:06:37,605 [INFO]     第 1 页 20 条 (2025/04/22 23:58:44 → 2025/04/22 20:10:14)  共 10 页
2026-05-20 10:06:37,788 [INFO]     第 2 页 20 条 (2025/04/22 19:59:48 → 2025/04/22 16:51:24)
2026-05-20 10:06:38,310 [INFO]     第 3 页 20 条 (2025/04/22 16:50:59 → 2025/04/22 15:46:09)
2026-05-20 10:06:39,098 [INFO]     第 4 页 20 条 (2025/04/22 15:44:31 → 2025/04/22 14:40:38)
2026-05-20 10:06:39,588 [INFO]     第 5 页 20 条 (2025/04/22 14:38:32 → 2025/04/22 13:53:27)
2026-05-20 10:06:40,950 [INFO]     第 6 页 20 条 (2025/04/22 13:52:17 → 2025/04/22 11:15:14)
2026-05-20 10:06:42,041 [INFO]     第 7 页 20 条 (2025/04/22 11:12:25 → 2025/04/22 10:13:23)
2026-05-20 10:06:42,903 [INFO]     第 8 页 20 条 (2025/04/22 10:12:09 → 2025/04/22 09:44:32)
2026-05-20 10:06:42,904 [INFO]   ✓ 2025-04-22 10:00:56  折算价=720.74
2026-05-20 10:06:44,324 [INFO] === 2025-04-23 ===
2026-05-20 10:06:44,402 [INFO]   #1 OCR=ogce
2026-05-20 10:06:44,624 [INFO]     第 1 页 20 条 (2025/04/23 23:43:58 → 2025/04/23 21:39:22)  共 12 页
2026-05-20 10:06:44,788 [INFO]     第 2 页 20 条 (2025/04/23 21:28:01 → 2025/04/23 17:56:51)
2026-05-20 10:06:45,538 [INFO]     第 3 页 20 条 (2025/04/23 17:56:31 → 2025/04/23 17:00:24)
2026-05-20 10:06:46,024 [INFO]     第 4 页 20 条 (2025/04/23 16:58:11 → 2025/04/23 15:55:35)
2026-05-20 10:06:46,929 [INFO]     第 5 页 20 条 (2025/04/23 15:54:21 → 2025/04/23 14:47:25)
2026-05-20 10:06:47,651 [INFO]     第 6 页 20 条 (2025/04/23 14:45:26 → 2025/04/23 14:04:30)
2026-05-20 10:06:48,340 [INFO]     第 7 页 20 条 (2025/04/23 14:04:07 → 2025/04/23 12:07:40)
2026-05-20 10:06:48,912 [INFO]     第 8 页 20 条 (2025/04/23 12:00:53 → 2025/04/23 10:43:49)
2026-05-20 10:06:49,835 [INFO]     第 9 页 20 条 (2025/04/23 10:38:15 → 2025/04/23 10:05:32)
2026-05-20 10:06:50,664 [INFO]     第 10 页 20 条 (2025/04/23 10:02:13 → 2025/04/23 09:19:52)
2026-05-20 10:06:50,665 [INFO]   ✓ 2025-04-23 10:02:13  折算价=721.16
2026-05-20 10:06:51,555 [INFO] === 2025-04-24 ===
2026-05-20 10:06:51,654 [INFO]   #1 OCR=p5vo
2026-05-20 10:06:51,869 [INFO]     第 1 页 20 条 (2025/04/24 23:43:26 → 2025/04/24 19:19:47)  共 9 页
2026-05-20 10:06:52,029 [INFO]     第 2 页 20 条 (2025/04/24 18:58:03 → 2025/04/24 16:41:54)
2026-05-20 10:06:52,582 [INFO]     第 3 页 20 条 (2025/04/24 16:40:27 → 2025/04/24 15:26:10)
2026-05-20 10:06:53,078 [INFO]     第 4 页 20 条 (2025/04/24 15:24:20 → 2025/04/24 14:10:41)
2026-05-20 10:06:53,935 [INFO]     第 5 页 20 条 (2025/04/24 14:01:26 → 2025/04/24 11:20:02)
2026-05-20 10:06:54,888 [INFO]     第 6 页 20 条 (2025/04/24 11:19:42 → 2025/04/24 10:15:18)
2026-05-20 10:06:55,601 [INFO]     第 7 页 20 条 (2025/04/24 10:10:21 → 2025/04/24 09:34:26)
2026-05-20 10:06:55,602 [INFO]   ✓ 2025-04-24 10:01:10  折算价=720.98
2026-05-20 10:06:56,766 [INFO] === 2025-04-25 ===
2026-05-20 10:06:56,839 [INFO]   #1 OCR=vzir
2026-05-20 10:06:57,026 [INFO]     第 1 页 20 条 (2025/04/25 23:56:32 → 2025/04/25 17:11:06)  共 9 页
2026-05-20 10:06:57,161 [INFO]     第 2 页 20 条 (2025/04/25 16:59:03 → 2025/04/25 15:47:26)
2026-05-20 10:06:58,077 [INFO]     第 3 页 20 条 (2025/04/25 15:42:54 → 2025/04/25 14:56:15)
2026-05-20 10:06:58,554 [INFO]     第 4 页 20 条 (2025/04/25 14:53:34 → 2025/04/25 13:41:10)
2026-05-20 10:06:59,439 [INFO]     第 5 页 20 条 (2025/04/25 13:40:35 → 2025/04/25 11:34:40)
2026-05-20 10:07:00,074 [INFO]     第 6 页 20 条 (2025/04/25 11:33:33 → 2025/04/25 10:30:00)
2026-05-20 10:07:00,698 [INFO]     第 7 页 20 条 (2025/04/25 10:28:42 → 2025/04/25 09:39:31)
2026-05-20 10:07:00,699 [INFO]   ✓ 2025-04-25 10:03:30  折算价=720.66
2026-05-20 10:07:01,733 [INFO] === 2025-04-26 ===
2026-05-20 10:07:01,827 [INFO]   #1 OCR=08mE
2026-05-20 10:07:02,047 [INFO]     第 1 页 13 条 (2025/04/26 10:30:00 → 2025/04/26 00:00:05)  共 1 页
2026-05-20 10:07:02,048 [INFO]   ✓ 2025-04-26 10:30:00  折算价=720.66
2026-05-20 10:07:03,250 [INFO] === 2025-04-27 ===
2026-05-20 10:07:03,338 [INFO]   #1 OCR=9Jpn
2026-05-20 10:07:03,487 [INFO]     第 1 页 10 条 (2025/04/27 17:43:50 → 2025/04/27 00:00:05)  共 1 页
2026-05-20 10:07:03,488 [INFO]   ✓ 2025-04-27 10:30:00  折算价=720.66
2026-05-20 10:07:04,572 [INFO] === 2025-04-28 ===
2026-05-20 10:07:04,645 [INFO]   #1 OCR=kqiu
2026-05-20 10:07:04,846 [INFO]     第 1 页 20 条 (2025/04/28 23:45:10 → 2025/04/28 20:21:46)  共 7 页
2026-05-20 10:07:04,998 [INFO]     第 2 页 20 条 (2025/04/28 20:07:13 → 2025/04/28 17:00:50)
2026-05-20 10:07:05,787 [INFO]     第 3 页 20 条 (2025/04/28 16:45:45 → 2025/04/28 15:07:34)
2026-05-20 10:07:06,422 [INFO]     第 4 页 20 条 (2025/04/28 15:03:58 → 2025/04/28 13:08:17)
2026-05-20 10:07:07,028 [INFO]     第 5 页 20 条 (2025/04/28 12:52:23 → 2025/04/28 10:30:00)
2026-05-20 10:07:07,819 [INFO]     第 6 页 20 条 (2025/04/28 10:28:09 → 2025/04/28 09:33:09)
2026-05-20 10:07:07,820 [INFO]   ✓ 2025-04-28 10:03:31  折算价=720.43
2026-05-20 10:07:09,290 [INFO] === 2025-04-29 ===
2026-05-20 10:07:09,380 [INFO]   #1 OCR=bmx7
2026-05-20 10:07:10,199 [INFO]     第 1 页 20 条 (2025/04/29 23:54:26 → 2025/04/29 19:39:31)  共 9 页
2026-05-20 10:07:10,454 [INFO]     第 2 页 20 条 (2025/04/29 19:13:45 → 2025/04/29 16:13:13)
2026-05-20 10:07:11,418 [INFO]     第 3 页 20 条 (2025/04/29 16:12:18 → 2025/04/29 15:16:11)
2026-05-20 10:07:12,367 [INFO]     第 4 页 20 条 (2025/04/29 15:13:24 → 2025/04/29 14:19:54)
2026-05-20 10:07:13,270 [INFO]     第 5 页 20 条 (2025/04/29 14:18:48 → 2025/04/29 11:28:36)
2026-05-20 10:07:13,809 [WARNING]     第6页第1次服务端错误提示, 等待重试
2026-05-20 10:07:15,463 [INFO]     第 6 页 20 条 (2025/04/29 11:25:41 → 2025/04/29 10:14:50)
2026-05-20 10:07:15,956 [INFO]     第 7 页 20 条 (2025/04/29 10:13:40 → 2025/04/29 09:41:49)
2026-05-20 10:07:15,957 [INFO]   ✓ 2025-04-29 10:00:41  折算价=720.29
2026-05-20 10:07:17,315 [INFO] === 2025-04-30 ===
2026-05-20 10:07:17,400 [INFO]   #1 OCR=kkzl
2026-05-20 10:07:17,539 [INFO]   #1 验证码/服务端错误
2026-05-20 10:07:17,643 [INFO]   #2 OCR=cx7p
2026-05-20 10:07:17,849 [INFO]     第 1 页 20 条 (2025/04/30 23:52:54 → 2025/04/30 21:10:07)  共 8 页
2026-05-20 10:07:18,011 [INFO]     第 2 页 20 条 (2025/04/30 20:50:36 → 2025/04/30 17:48:46)
2026-05-20 10:07:18,569 [INFO]     第 3 页 20 条 (2025/04/30 17:36:28 → 2025/04/30 14:57:02)
2026-05-20 10:07:19,321 [WARNING]     第4页第1次服务端错误提示, 等待重试
2026-05-20 10:07:20,970 [INFO]     第 4 页 20 条 (2025/04/30 14:53:38 → 2025/04/30 13:36:36)
2026-05-20 10:07:21,797 [INFO]     第 5 页 20 条 (2025/04/30 13:34:25 → 2025/04/30 10:43:43)
2026-05-20 10:07:22,440 [INFO]     第 6 页 20 条 (2025/04/30 10:35:56 → 2025/04/30 09:42:41)
2026-05-20 10:07:22,441 [INFO]   ✓ 2025-04-30 10:02:16  折算价=720.14
2026-05-20 10:07:22,442 [INFO] >>> 进度: 120/505 (23.8%) <<<
2026-05-20 10:07:23,466 [INFO] === 2025-05-01 ===
2026-05-20 10:07:23,549 [INFO]   #1 OCR=25fF
2026-05-20 10:07:23,763 [INFO]     第 1 页 20 条 (2025/05/01 22:57:46 → 2025/05/01 14:50:20)  共 3 页
2026-05-20 10:07:23,950 [INFO]     第 2 页 20 条 (2025/05/01 14:25:25 → 2025/05/01 07:32:48)
2026-05-20 10:07:23,950 [INFO]   ✓ 2025-05-01 10:12:16  折算价=720.14
2026-05-20 10:07:24,915 [INFO] === 2025-05-02 ===
2026-05-20 10:07:25,002 [INFO]   #1 OCR=9qD8
2026-05-20 10:07:25,222 [INFO]     第 1 页 20 条 (2025/05/02 23:06:16 → 2025/05/02 18:33:11)  共 4 页
2026-05-20 10:07:25,387 [INFO]     第 2 页 20 条 (2025/05/02 18:31:57 → 2025/05/02 14:50:12)
2026-05-20 10:07:29,707 [INFO]     第 3 页 20 条 (2025/05/02 14:25:08 → 2025/05/02 09:08:13)
2026-05-20 10:07:29,708 [INFO]   ✓ 2025-05-02 10:01:49  折算价=720.14
2026-05-20 10:07:30,637 [INFO] === 2025-05-03 ===
2026-05-20 10:07:31,358 [INFO]   #1 OCR=awcf
2026-05-20 10:07:31,498 [INFO]     第 1 页 8 条 (2025/05/03 10:30:00 → 2025/05/03 00:00:05)  共 1 页
2026-05-20 10:07:31,499 [INFO]   ✓ 2025-05-03 10:30:00  折算价=720.14
2026-05-20 10:07:32,633 [INFO] === 2025-05-04 ===
2026-05-20 10:07:32,711 [INFO]   #1 OCR=k5ra
2026-05-20 10:07:32,876 [INFO]     第 1 页 6 条 (2025/05/04 10:30:00 → 2025/05/04 00:00:05)  共 1 页
2026-05-20 10:07:32,877 [INFO]   ✓ 2025-05-04 10:30:00  折算价=720.14
2026-05-20 10:07:33,711 [INFO] === 2025-05-05 ===
2026-05-20 10:07:33,798 [INFO]   #1 OCR=w1jr
2026-05-20 10:07:34,035 [INFO]     第 1 页 15 条 (2025/05/05 23:14:40 → 2025/05/05 00:00:05)  共 1 页
2026-05-20 10:07:34,036 [INFO]   ✓ 2025-05-05 10:30:00  折算价=720.14
2026-05-20 10:07:34,998 [INFO] === 2025-05-06 ===
2026-05-20 10:07:35,120 [INFO]   #1 OCR=pcar
2026-05-20 10:07:35,377 [INFO]     第 1 页 20 条 (2025/05/06 23:47:10 → 2025/05/06 20:16:08)  共 8 页
2026-05-20 10:07:35,533 [INFO]     第 2 页 20 条 (2025/05/06 20:05:29 → 2025/05/06 17:13:30)
2026-05-20 10:07:36,270 [INFO]     第 3 页 20 条 (2025/05/06 17:10:47 → 2025/05/06 16:04:47)
2026-05-20 10:07:37,113 [INFO]     第 4 页 20 条 (2025/05/06 16:01:32 → 2025/05/06 13:39:15)
2026-05-20 10:07:37,708 [INFO]     第 5 页 20 条 (2025/05/06 13:31:54 → 2025/05/06 11:17:14)
2026-05-20 10:07:38,320 [INFO]     第 6 页 20 条 (2025/05/06 11:08:31 → 2025/05/06 10:16:51)
2026-05-20 10:07:39,165 [INFO]     第 7 页 20 条 (2025/05/06 10:14:40 → 2025/05/06 09:31:50)
2026-05-20 10:07:39,166 [INFO]   ✓ 2025-05-06 10:01:04  折算价=720.08
2026-05-20 10:07:40,116 [INFO] === 2025-05-07 ===
2026-05-20 10:07:40,188 [INFO]   #1 OCR=4hax
2026-05-20 10:07:40,379 [INFO]     第 1 页 20 条 (2025/05/07 23:23:44 → 2025/05/07 17:30:32)  共 7 页
2026-05-20 10:07:40,520 [INFO]     第 2 页 20 条 (2025/05/07 17:24:29 → 2025/05/07 15:55:47)
2026-05-20 10:07:41,031 [INFO]     第 3 页 20 条 (2025/05/07 15:52:15 → 2025/05/07 13:55:39)
2026-05-20 10:07:41,776 [INFO]     第 4 页 20 条 (2025/05/07 13:51:22 → 2025/05/07 10:38:40)
2026-05-20 10:07:42,419 [INFO]     第 5 页 20 条 (2025/05/07 10:36:40 → 2025/05/07 09:43:37)
2026-05-20 10:07:42,420 [INFO]   ✓ 2025-05-07 10:01:51  折算价=720.05
2026-05-20 10:07:43,269 [INFO] === 2025-05-08 ===
2026-05-20 10:07:43,368 [INFO]   #1 OCR='m' 长度异常
2026-05-20 10:07:43,496 [INFO]   #2 OCR=9RLm
2026-05-20 10:07:43,711 [INFO]     第 1 页 20 条 (2025/05/08 23:53:51 → 2025/05/08 21:37:04)  共 9 页
2026-05-20 10:07:43,876 [INFO]     第 2 页 20 条 (2025/05/08 21:27:23 → 2025/05/08 18:20:28)
2026-05-20 10:07:44,563 [INFO]     第 3 页 20 条 (2025/05/08 18:10:31 → 2025/05/08 15:40:53)
2026-05-20 10:07:45,252 [INFO]     第 4 页 20 条 (2025/05/08 15:38:31 → 2025/05/08 14:17:30)
2026-05-20 10:07:46,013 [INFO]     第 5 页 20 条 (2025/05/08 14:12:18 → 2025/05/08 11:11:10)
2026-05-20 10:07:46,708 [INFO]     第 6 页 20 条 (2025/05/08 11:05:51 → 2025/05/08 09:59:29)
2026-05-20 10:07:46,710 [INFO]   ✓ 2025-05-08 10:00:29  折算价=720.73
2026-05-20 10:07:47,677 [INFO] === 2025-05-09 ===
2026-05-20 10:07:47,760 [INFO]   #1 OCR=uEqt
2026-05-20 10:07:47,988 [INFO]     第 1 页 20 条 (2025/05/09 23:19:43 → 2025/05/09 17:22:39)  共 6 页
2026-05-20 10:07:48,127 [INFO]     第 2 页 20 条 (2025/05/09 17:10:44 → 2025/05/09 14:47:51)
2026-05-20 10:07:49,259 [INFO]     第 3 页 20 条 (2025/05/09 14:23:17 → 2025/05/09 11:05:19)
2026-05-20 10:07:50,429 [INFO]     第 4 页 20 条 (2025/05/09 11:02:16 → 2025/05/09 10:09:23)
2026-05-20 10:07:51,506 [INFO]     第 5 页 20 条 (2025/05/09 10:08:13 → 2025/05/09 07:55:11)
2026-05-20 10:07:51,506 [INFO]   ✓ 2025-05-09 10:00:47  折算价=720.95
2026-05-20 10:07:52,682 [INFO] === 2025-05-10 ===
2026-05-20 10:07:52,853 [INFO]   #1 OCR=aw4n
2026-05-20 10:07:53,466 [INFO]   #1 验证码/服务端错误
2026-05-20 10:07:53,545 [INFO]   #2 OCR=rdwc
2026-05-20 10:07:54,177 [INFO]     第 1 页 13 条 (2025/05/10 10:30:00 → 2025/05/10 00:00:05)  共 1 页
2026-05-20 10:07:54,177 [INFO]   ✓ 2025-05-10 10:30:00  折算价=720.95
2026-05-20 10:07:54,179 [INFO] >>> 进度: 130/505 (25.7%) <<<
2026-05-20 10:07:55,313 [INFO] === 2025-05-11 ===
2026-05-20 10:07:55,391 [INFO]   #1 OCR=mhut
2026-05-20 10:07:55,581 [INFO]   #1 验证码/服务端错误
2026-05-20 10:07:55,724 [INFO]   #2 OCR=oqEc
2026-05-20 10:07:55,921 [INFO]   #2 验证码/服务端错误
2026-05-20 10:07:56,005 [INFO]   #3 OCR=hs1w
2026-05-20 10:07:56,347 [INFO]     第 1 页 6 条 (2025/05/11 10:30:00 → 2025/05/11 00:00:05)  共 1 页
2026-05-20 10:07:56,348 [INFO]   ✓ 2025-05-11 10:30:00  折算价=720.95
2026-05-20 10:07:57,437 [INFO] === 2025-05-12 ===
2026-05-20 10:07:57,579 [INFO]   #1 OCR=114u
2026-05-20 10:07:57,770 [INFO]   #1 验证码/服务端错误
2026-05-20 10:07:57,862 [INFO]   #2 OCR=gmg6
2026-05-20 10:07:58,070 [INFO]     第 1 页 20 条 (2025/05/12 23:35:24 → 2025/05/12 18:53:16)  共 9 页
2026-05-20 10:07:58,405 [INFO]     第 2 页 20 条 (2025/05/12 18:41:17 → 2025/05/12 16:30:03)
2026-05-20 10:07:59,234 [INFO]     第 3 页 20 条 (2025/05/12 16:29:22 → 2025/05/12 15:25:41)
2026-05-20 10:07:59,843 [INFO]     第 4 页 20 条 (2025/05/12 15:24:50 → 2025/05/12 14:58:32)
2026-05-20 10:08:00,645 [INFO]     第 5 页 20 条 (2025/05/12 14:53:54 → 2025/05/12 13:58:18)
2026-05-20 10:08:01,478 [INFO]     第 6 页 20 条 (2025/05/12 13:56:00 → 2025/05/12 11:18:41)
2026-05-20 10:08:02,224 [INFO]     第 7 页 20 条 (2025/05/12 11:18:10 → 2025/05/12 10:20:12)
2026-05-20 10:08:02,881 [INFO]     第 8 页 20 条 (2025/05/12 10:19:21 → 2025/05/12 09:21:53)
2026-05-20 10:08:02,882 [INFO]   ✓ 2025-05-12 10:02:28  折算价=720.66
2026-05-20 10:08:04,176 [INFO] === 2025-05-13 ===
2026-05-20 10:08:04,249 [INFO]   #1 OCR=kpa7
2026-05-20 10:08:04,463 [INFO]     第 1 页 20 条 (2025/05/13 23:44:04 → 2025/05/13 20:01:20)  共 8 页
2026-05-20 10:08:04,625 [INFO]     第 2 页 20 条 (2025/05/13 20:01:04 → 2025/05/13 16:21:23)
2026-05-20 10:08:05,240 [INFO]     第 3 页 20 条 (2025/05/13 16:20:41 → 2025/05/13 15:24:37)
2026-05-20 10:08:06,202 [INFO]     第 4 页 20 条 (2025/05/13 15:20:30 → 2025/05/13 13:39:06)
2026-05-20 10:08:07,028 [INFO]     第 5 页 20 条 (2025/05/13 13:35:03 → 2025/05/13 10:57:12)
2026-05-20 10:08:07,715 [INFO]     第 6 页 20 条 (2025/05/13 10:49:11 → 2025/05/13 10:03:03)
2026-05-20 10:08:08,517 [INFO]     第 7 页 20 条 (2025/05/13 10:01:35 → 2025/05/13 09:18:00)
2026-05-20 10:08:08,518 [INFO]   ✓ 2025-05-13 10:01:35  折算价=719.91
2026-05-20 10:08:09,695 [INFO] === 2025-05-14 ===
2026-05-20 10:08:09,787 [INFO]   #1 OCR=Qved
2026-05-20 10:08:10,010 [INFO]     第 1 页 20 条 (2025/05/14 23:25:58 → 2025/05/14 18:11:50)  共 8 页
2026-05-20 10:08:10,186 [INFO]     第 2 页 20 条 (2025/05/14 18:05:33 → 2025/05/14 16:57:16)
2026-05-20 10:08:10,787 [INFO]     第 3 页 20 条 (2025/05/14 16:53:54 → 2025/05/14 15:54:08)
2026-05-20 10:08:11,537 [WARNING]     第4页第1次服务端错误提示, 等待重试
2026-05-20 10:08:13,528 [INFO]     第 4 页 20 条 (2025/05/14 15:50:28 → 2025/05/14 14:41:23)
2026-05-20 10:08:14,078 [INFO]     第 5 页 20 条 (2025/05/14 14:37:07 → 2025/05/14 11:56:17)
2026-05-20 10:08:14,808 [INFO]     第 6 页 20 条 (2025/05/14 11:40:15 → 2025/05/14 10:10:26)
2026-05-20 10:08:15,458 [INFO]     第 7 页 20 条 (2025/05/14 10:04:16 → 2025/05/14 09:18:25)
2026-05-20 10:08:15,459 [INFO]   ✓ 2025-05-14 10:02:40  折算价=719.56
2026-05-20 10:08:16,928 [INFO] === 2025-05-15 ===
2026-05-20 10:08:17,023 [INFO]   #1 OCR=eL39
2026-05-20 10:08:17,184 [INFO]     第 1 页 20 条 (2025/05/15 23:58:34 → 2025/05/15 20:36:50)  共 7 页
2026-05-20 10:08:17,333 [INFO]     第 2 页 20 条 (2025/05/15 20:30:37 → 2025/05/15 16:19:20)
2026-05-20 10:08:18,067 [INFO]     第 3 页 20 条 (2025/05/15 16:13:04 → 2025/05/15 14:43:54)
2026-05-20 10:08:18,936 [INFO]     第 4 页 20 条 (2025/05/15 14:31:16 → 2025/05/15 13:26:33)
2026-05-20 10:08:19,531 [INFO]     第 5 页 20 条 (2025/05/15 13:26:21 → 2025/05/15 10:12:50)
2026-05-20 10:08:20,474 [INFO]     第 6 页 20 条 (2025/05/15 10:10:23 → 2025/05/15 09:31:37)
2026-05-20 10:08:20,475 [INFO]   ✓ 2025-05-15 10:01:12  折算价=719.63
2026-05-20 10:08:21,914 [INFO] === 2025-05-16 ===
2026-05-20 10:08:21,989 [INFO]   #1 OCR=hfb3
2026-05-20 10:08:22,200 [INFO]     第 1 页 20 条 (2025/05/16 23:34:21 → 2025/05/16 17:34:07)  共 7 页
2026-05-20 10:08:22,392 [INFO]     第 2 页 20 条 (2025/05/16 17:16:01 → 2025/05/16 15:27:39)
2026-05-20 10:08:22,962 [INFO]     第 3 页 20 条 (2025/05/16 15:27:09 → 2025/05/16 13:42:50)
2026-05-20 10:08:23,877 [INFO]     第 4 页 20 条 (2025/05/16 13:34:50 → 2025/05/16 10:24:19)
2026-05-20 10:08:24,751 [INFO]     第 5 页 20 条 (2025/05/16 10:23:18 → 2025/05/16 09:42:18)
2026-05-20 10:08:24,752 [INFO]   ✓ 2025-05-16 10:04:39  折算价=719.38
2026-05-20 10:08:25,987 [INFO] === 2025-05-17 ===
2026-05-20 10:08:26,060 [INFO]   #1 OCR=EoBe
2026-05-20 10:08:31,126 [INFO]   #1 验证码/服务端错误
2026-05-20 10:08:31,219 [INFO]   #2 OCR=1fR9
2026-05-20 10:08:31,446 [INFO]     第 1 页 16 条 (2025/05/17 10:30:00 → 2025/05/17 00:00:05)  共 1 页
2026-05-20 10:08:31,447 [INFO]   ✓ 2025-05-17 10:30:00  折算价=719.38
2026-05-20 10:08:32,937 [INFO] === 2025-05-18 ===
2026-05-20 10:08:33,031 [INFO]   #1 OCR=WEa1
2026-05-20 10:08:33,245 [INFO]     第 1 页 6 条 (2025/05/18 10:30:00 → 2025/05/18 00:00:05)  共 1 页
2026-05-20 10:08:33,245 [INFO]   ✓ 2025-05-18 10:30:00  折算价=719.38
2026-05-20 10:08:34,330 [INFO] === 2025-05-19 ===
2026-05-20 10:08:34,407 [INFO]   #1 OCR=uEGa
2026-05-20 10:08:34,637 [INFO]     第 1 页 20 条 (2025/05/19 23:55:31 → 2025/05/19 17:32:51)  共 6 页
2026-05-20 10:08:35,149 [INFO]     第 2 页 20 条 (2025/05/19 17:07:59 → 2025/05/19 15:26:07)
2026-05-20 10:08:36,192 [INFO]     第 3 页 20 条 (2025/05/19 15:13:50 → 2025/05/19 13:56:59)
2026-05-20 10:08:36,986 [INFO]     第 4 页 20 条 (2025/05/19 13:38:56 → 2025/05/19 10:32:48)
2026-05-20 10:08:37,817 [INFO]     第 5 页 20 条 (2025/05/19 10:30:00 → 2025/05/19 09:35:41)
2026-05-20 10:08:37,818 [INFO]   ✓ 2025-05-19 10:01:11  折算价=719.16
2026-05-20 10:08:38,863 [INFO] === 2025-05-20 ===
2026-05-20 10:08:38,934 [INFO]   #1 OCR=ogkd
2026-05-20 10:08:39,075 [INFO]   #1 验证码/服务端错误
2026-05-20 10:08:39,151 [INFO]   #2 OCR=T0RG
2026-05-20 10:08:39,363 [INFO]     第 1 页 20 条 (2025/05/20 23:38:36 → 2025/05/20 18:53:33)  共 6 页
2026-05-20 10:08:39,523 [INFO]     第 2 页 20 条 (2025/05/20 18:13:52 → 2025/05/20 14:53:12)
2026-05-20 10:08:40,466 [INFO]     第 3 页 20 条 (2025/05/20 14:52:29 → 2025/05/20 11:19:21)
2026-05-20 10:08:41,258 [INFO]     第 4 页 20 条 (2025/05/20 11:18:44 → 2025/05/20 10:06:05)
2026-05-20 10:08:41,944 [INFO]     第 5 页 20 条 (2025/05/20 09:57:43 → 2025/05/20 02:13:21)
2026-05-20 10:08:41,945 [INFO]   ✓ 2025-05-20 10:06:05  折算价=719.31
2026-05-20 10:08:41,947 [INFO] >>> 进度: 140/505 (27.7%) <<<
2026-05-20 10:08:43,169 [INFO] === 2025-05-21 ===
2026-05-20 10:08:43,257 [INFO]   #1 OCR=awix
2026-05-20 10:08:43,474 [INFO]     第 1 页 20 条 (2025/05/21 23:33:29 → 2025/05/21 18:26:23)  共 6 页
2026-05-20 10:08:43,637 [INFO]     第 2 页 20 条 (2025/05/21 17:45:59 → 2025/05/21 15:13:27)
2026-05-20 10:08:44,425 [INFO]     第 3 页 20 条 (2025/05/21 15:02:44 → 2025/05/21 12:47:15)
2026-05-20 10:08:45,266 [INFO]     第 4 页 20 条 (2025/05/21 12:37:07 → 2025/05/21 10:34:19)
2026-05-20 10:08:46,002 [INFO]     第 5 页 20 条 (2025/05/21 10:30:00 → 2025/05/21 08:59:32)
2026-05-20 10:08:46,003 [INFO]   ✓ 2025-05-21 10:06:37  折算价=719.37
2026-05-20 10:08:47,500 [INFO] === 2025-05-22 ===
2026-05-20 10:08:47,601 [INFO]   #1 OCR=vrfi
2026-05-20 10:08:47,748 [INFO]   #1 验证码/服务端错误
2026-05-20 10:08:47,830 [INFO]   #2 OCR=4bda
2026-05-20 10:08:48,069 [INFO]     第 1 页 20 条 (2025/05/22 23:51:28 → 2025/05/22 17:05:26)  共 7 页
2026-05-20 10:08:48,206 [INFO]     第 2 页 20 条 (2025/05/22 17:02:06 → 2025/05/22 15:36:01)
2026-05-20 10:08:48,730 [INFO]     第 3 页 20 条 (2025/05/22 15:34:05 → 2025/05/22 14:25:41)
2026-05-20 10:08:49,359 [INFO]     第 4 页 20 条 (2025/05/22 14:11:59 → 2025/05/22 10:56:35)
2026-05-20 10:08:50,238 [INFO]     第 5 页 20 条 (2025/05/22 10:53:41 → 2025/05/22 10:01:10)
2026-05-20 10:08:50,749 [INFO]     第 6 页 20 条 (2025/05/22 09:57:52 → 2025/05/22 09:16:35)
2026-05-20 10:08:50,751 [INFO]   ✓ 2025-05-22 10:01:10  折算价=719.03
2026-05-20 10:08:51,935 [INFO] === 2025-05-23 ===
2026-05-20 10:08:52,025 [INFO]   #1 OCR=sm6r
2026-05-20 10:08:52,188 [INFO]   #1 验证码/服务端错误
2026-05-20 10:08:52,269 [INFO]   #2 OCR='ik' 长度异常
2026-05-20 10:08:52,419 [INFO]   #3 OCR=rpsv
2026-05-20 10:08:52,661 [INFO]     第 1 页 20 条 (2025/05/23 23:51:33 → 2025/05/23 19:48:39)  共 7 页
2026-05-20 10:08:52,812 [INFO]     第 2 页 20 条 (2025/05/23 19:47:04 → 2025/05/23 17:15:30)
2026-05-20 10:08:53,276 [INFO]     第 3 页 20 条 (2025/05/23 17:13:55 → 2025/05/23 15:50:33)
2026-05-20 10:08:53,756 [INFO]     第 4 页 20 条 (2025/05/23 15:49:38 → 2025/05/23 14:47:06)
2026-05-20 10:08:54,258 [INFO]     第 5 页 20 条 (2025/05/23 14:42:12 → 2025/05/23 10:33:07)
2026-05-20 10:08:54,828 [INFO]     第 6 页 20 条 (2025/05/23 10:30:27 → 2025/05/23 09:37:41)
2026-05-20 10:08:54,829 [INFO]   ✓ 2025-05-23 10:00:25  折算价=719.19
2026-05-20 10:08:56,018 [INFO] === 2025-05-24 ===
2026-05-20 10:08:56,102 [INFO]   #1 OCR=wobz
2026-05-20 10:08:56,316 [INFO]     第 1 页 13 条 (2025/05/24 10:30:00 → 2025/05/24 00:00:05)  共 1 页
2026-05-20 10:08:56,316 [INFO]   ✓ 2025-05-24 10:30:00  折算价=719.19
2026-05-20 10:08:57,288 [INFO] === 2025-05-25 ===
2026-05-20 10:08:57,368 [INFO]   #1 OCR=uhzn
2026-05-20 10:08:57,551 [INFO]     第 1 页 6 条 (2025/05/25 10:30:00 → 2025/05/25 00:00:05)  共 1 页
2026-05-20 10:08:57,552 [INFO]   ✓ 2025-05-25 10:30:00  折算价=719.19
2026-05-20 10:08:58,477 [INFO] === 2025-05-26 ===
2026-05-20 10:08:58,570 [INFO]   #1 OCR=wtcb
2026-05-20 10:08:58,704 [INFO]   #1 验证码/服务端错误
2026-05-20 10:08:58,783 [INFO]   #2 OCR=votj
2026-05-20 10:08:59,014 [INFO]     第 1 页 20 条 (2025/05/26 23:41:51 → 2025/05/26 16:55:53)  共 7 页
2026-05-20 10:08:59,165 [INFO]     第 2 页 20 条 (2025/05/26 16:54:10 → 2025/05/26 15:25:35)
2026-05-20 10:08:59,914 [INFO]     第 3 页 20 条 (2025/05/26 15:23:51 → 2025/05/26 14:19:33)
2026-05-20 10:09:00,420 [INFO]     第 4 页 20 条 (2025/05/26 14:05:28 → 2025/05/26 10:43:01)
2026-05-20 10:09:01,056 [INFO]     第 5 页 20 条 (2025/05/26 10:37:57 → 2025/05/26 10:00:35)
2026-05-20 10:09:01,503 [INFO]     第 6 页 20 条 (2025/05/26 10:00:09 → 2025/05/26 09:31:35)
2026-05-20 10:09:01,504 [INFO]   ✓ 2025-05-26 10:00:09  折算价=718.33
2026-05-20 10:09:02,972 [INFO] === 2025-05-27 ===
2026-05-20 10:09:03,070 [INFO]   #1 OCR=cpex
2026-05-20 10:09:03,333 [INFO]     第 1 页 20 条 (2025/05/27 23:57:30 → 2025/05/27 17:39:28)  共 8 页
2026-05-20 10:09:03,512 [INFO]     第 2 页 20 条 (2025/05/27 17:30:45 → 2025/05/27 15:48:59)
2026-05-20 10:09:04,350 [INFO]     第 3 页 20 条 (2025/05/27 15:48:09 → 2025/05/27 15:00:54)
2026-05-20 10:09:04,827 [INFO]     第 4 页 20 条 (2025/05/27 15:00:27 → 2025/05/27 13:04:56)
2026-05-20 10:09:05,783 [INFO]     第 5 页 20 条 (2025/05/27 12:52:54 → 2025/05/27 10:30:17)
2026-05-20 10:09:06,536 [INFO]     第 6 页 20 条 (2025/05/27 10:30:00 → 2025/05/27 09:43:59)
2026-05-20 10:09:06,537 [INFO]   ✓ 2025-05-27 10:00:59  折算价=718.76
2026-05-20 10:09:08,001 [INFO] === 2025-05-28 ===
2026-05-20 10:09:08,083 [INFO]   #1 OCR=b7xu
2026-05-20 10:09:08,243 [INFO]   #1 验证码/服务端错误
2026-05-20 10:09:08,324 [INFO]   #2 OCR=E1c
2026-05-20 10:09:08,470 [INFO]   #2 验证码/服务端错误
2026-05-20 10:09:08,562 [INFO]   #3 OCR=wbno
2026-05-20 10:09:08,775 [INFO]     第 1 页 20 条 (2025/05/28 23:46:38 → 2025/05/28 18:58:55)  共 8 页
2026-05-20 10:09:08,971 [INFO]     第 2 页 20 条 (2025/05/28 18:48:35 → 2025/05/28 16:02:14)
2026-05-20 10:09:09,764 [INFO]     第 3 页 20 条 (2025/05/28 15:58:27 → 2025/05/28 15:02:28)
2026-05-20 10:09:10,636 [INFO]     第 4 页 20 条 (2025/05/28 15:01:04 → 2025/05/28 14:00:56)
2026-05-20 10:09:11,849 [INFO]     第 5 页 20 条 (2025/05/28 13:58:10 → 2025/05/28 10:54:14)
2026-05-20 10:09:12,646 [INFO]     第 6 页 20 条 (2025/05/28 10:41:48 → 2025/05/28 10:09:04)
2026-05-20 10:09:13,231 [INFO]     第 7 页 20 条 (2025/05/28 10:06:40 → 2025/05/28 08:29:16)
2026-05-20 10:09:13,232 [INFO]   ✓ 2025-05-28 10:05:43  折算价=718.94
2026-05-20 10:09:14,722 [INFO] === 2025-05-29 ===
2026-05-20 10:09:14,808 [INFO]   #1 OCR=mwp
2026-05-20 10:09:14,948 [INFO]   #1 验证码/服务端错误
2026-05-20 10:09:15,366 [INFO]   #2 OCR=jg3s
2026-05-20 10:09:15,937 [INFO]     第 1 页 20 条 (2025/05/29 23:47:54 → 2025/05/29 20:19:40)  共 10 页
2026-05-20 10:09:16,187 [INFO]     第 2 页 20 条 (2025/05/29 20:05:19 → 2025/05/29 17:00:51)
2026-05-20 10:09:17,254 [INFO]     第 3 页 20 条 (2025/05/29 16:59:29 → 2025/05/29 15:50:39)
2026-05-20 10:09:17,858 [INFO]     第 4 页 20 条 (2025/05/29 15:49:18 → 2025/05/29 15:15:53)
2026-05-20 10:09:18,493 [INFO]     第 5 页 20 条 (2025/05/29 15:11:44 → 2025/05/29 14:11:06)
2026-05-20 10:09:19,235 [INFO]     第 6 页 20 条 (2025/05/29 13:59:40 → 2025/05/29 10:50:33)
2026-05-20 10:09:20,016 [INFO]     第 7 页 20 条 (2025/05/29 10:50:33 → 2025/05/29 10:21:20)
2026-05-20 10:09:20,549 [INFO]     第 8 页 20 条 (2025/05/29 10:21:14 → 2025/05/29 09:42:09)
2026-05-20 10:09:20,550 [INFO]   ✓ 2025-05-29 10:00:33  折算价=719.07
2026-05-20 10:09:21,949 [INFO] === 2025-05-30 ===
2026-05-20 10:09:22,032 [INFO]   #1 OCR=sl4l
2026-05-20 10:09:22,245 [INFO]     第 1 页 20 条 (2025/05/30 23:48:37 → 2025/05/30 20:11:43)  共 8 页
2026-05-20 10:09:22,393 [INFO]     第 2 页 20 条 (2025/05/30 20:10:31 → 2025/05/30 16:12:24)
2026-05-20 10:09:22,990 [WARNING]     第3页第1次服务端错误提示, 等待重试
2026-05-20 10:09:24,654 [INFO]     第 3 页 20 条 (2025/05/30 15:56:48 → 2025/05/30 14:21:08)
2026-05-20 10:09:25,426 [INFO]     第 4 页 20 条 (2025/05/30 14:16:14 → 2025/05/30 11:17:18)
2026-05-20 10:09:31,230 [INFO]     第 5 页 20 条 (2025/05/30 11:16:17 → 2025/05/30 10:38:27)
2026-05-20 10:09:31,815 [INFO]     第 6 页 20 条 (2025/05/30 10:32:45 → 2025/05/30 09:56:58)
2026-05-20 10:09:31,816 [INFO]   ✓ 2025-05-30 10:00:54  折算价=718.48
2026-05-20 10:09:31,818 [INFO] >>> 进度: 150/505 (29.7%) <<<
2026-05-20 10:09:33,151 [INFO] === 2025-05-31 ===
2026-05-20 10:09:33,252 [INFO]   #1 OCR=eFsi
2026-05-20 10:09:33,457 [INFO]     第 1 页 13 条 (2025/05/31 10:30:00 → 2025/05/31 00:00:05)  共 1 页
2026-05-20 10:09:33,458 [INFO]   ✓ 2025-05-31 10:30:00  折算价=718.48
2026-05-20 10:09:34,277 [INFO] === 2025-06-01 ===
2026-05-20 10:09:34,361 [INFO]   #1 OCR=v7yh
2026-05-20 10:09:34,556 [INFO]     第 1 页 6 条 (2025/06/01 10:30:00 → 2025/06/01 00:00:05)  共 1 页
2026-05-20 10:09:34,557 [INFO]   ✓ 2025-06-01 10:30:00  折算价=718.48
2026-05-20 10:09:35,891 [INFO] === 2025-06-02 ===
2026-05-20 10:09:36,457 [INFO]   #1 OCR=sPvq
2026-05-20 10:09:37,131 [INFO]     第 1 页 20 条 (2025/06/02 22:46:09 → 2025/06/02 14:07:01)  共 2 页
2026-05-20 10:09:37,611 [INFO]     第 2 页 18 条 (2025/06/02 13:39:29 → 2025/06/02 00:00:05)
2026-05-20 10:09:37,612 [INFO]   ✓ 2025-06-02 10:30:00  折算价=718.48
2026-05-20 10:09:39,004 [INFO] === 2025-06-03 ===
2026-05-20 10:09:39,444 [INFO]   #1 OCR=vv9u
2026-05-20 10:09:39,984 [INFO]     第 1 页 20 条 (2025/06/03 23:56:24 → 2025/06/03 17:00:21)  共 8 页
2026-05-20 10:09:40,211 [INFO]     第 2 页 20 条 (2025/06/03 16:53:43 → 2025/06/03 16:03:28)
2026-05-20 10:09:40,819 [INFO]     第 3 页 20 条 (2025/06/03 15:59:12 → 2025/06/03 15:10:34)
2026-05-20 10:09:41,791 [INFO]     第 4 页 20 条 (2025/06/03 15:08:50 → 2025/06/03 14:12:57)
2026-05-20 10:09:42,633 [WARNING]     第5页第1次服务端错误提示, 等待重试
2026-05-20 10:09:44,288 [INFO]     第 5 页 20 条 (2025/06/03 14:10:48 → 2025/06/03 11:03:40)
2026-05-20 10:09:44,877 [INFO]     第 6 页 20 条 (2025/06/03 10:59:23 → 2025/06/03 10:09:11)
2026-05-20 10:09:45,722 [INFO]     第 7 页 20 条 (2025/06/03 10:07:42 → 2025/06/03 09:39:51)
2026-05-20 10:09:45,723 [INFO]   ✓ 2025-06-03 10:01:13  折算价=718.69
2026-05-20 10:09:46,638 [INFO] === 2025-06-04 ===
2026-05-20 10:09:46,726 [INFO]   #1 OCR=DkLw
2026-05-20 10:09:46,936 [INFO]     第 1 页 20 条 (2025/06/04 23:54:27 → 2025/06/04 20:16:54)  共 10 页
2026-05-20 10:09:47,096 [INFO]     第 2 页 20 条 (2025/06/04 20:16:36 → 2025/06/04 16:31:34)
2026-05-20 10:09:48,040 [INFO]     第 3 页 20 条 (2025/06/04 16:30:55 → 2025/06/04 15:27:22)
2026-05-20 10:09:48,787 [WARNING]     第4页第1次服务端错误提示, 等待重试
2026-05-20 10:09:50,448 [INFO]     第 4 页 20 条 (2025/06/04 15:24:52 → 2025/06/04 14:28:27)
2026-05-20 10:09:51,099 [INFO]     第 5 页 20 条 (2025/06/04 14:26:50 → 2025/06/04 13:53:47)
2026-05-20 10:09:51,923 [INFO]     第 6 页 20 条 (2025/06/04 13:51:12 → 2025/06/04 11:27:23)
2026-05-20 10:09:52,654 [INFO]     第 7 页 20 条 (2025/06/04 11:25:05 → 2025/06/04 10:11:25)
2026-05-20 10:09:53,341 [INFO]     第 8 页 20 条 (2025/06/04 10:10:21 → 2025/06/04 09:39:37)
2026-05-20 10:09:53,342 [INFO]   ✓ 2025-06-04 10:00:14  折算价=718.86
2026-05-20 10:09:54,659 [INFO] === 2025-06-05 ===
2026-05-20 10:09:54,739 [INFO]   #1 OCR=hgkl
2026-05-20 10:09:54,968 [INFO]     第 1 页 20 条 (2025/06/05 23:54:38 → 2025/06/05 20:30:34)  共 9 页
2026-05-20 10:09:55,137 [INFO]     第 2 页 20 条 (2025/06/05 20:26:09 → 2025/06/05 16:39:33)
2026-05-20 10:09:55,947 [INFO]     第 3 页 20 条 (2025/06/05 16:34:31 → 2025/06/05 15:23:07)
2026-05-20 10:09:56,422 [INFO]     第 4 页 20 条 (2025/06/05 15:16:45 → 2025/06/05 13:59:45)
2026-05-20 10:09:57,192 [INFO]     第 5 页 20 条 (2025/06/05 13:52:59 → 2025/06/05 10:57:38)
2026-05-20 10:09:57,935 [INFO]     第 6 页 20 条 (2025/06/05 10:55:43 → 2025/06/05 10:08:08)
2026-05-20 10:09:58,717 [INFO]     第 7 页 20 条 (2025/06/05 10:05:14 → 2025/06/05 09:35:36)
2026-05-20 10:09:58,718 [INFO]   ✓ 2025-06-05 10:00:22  折算价=718.65
2026-05-20 10:10:00,105 [INFO] === 2025-06-06 ===
2026-05-20 10:10:00,192 [INFO]   #1 OCR=Ng9t
2026-05-20 10:10:00,522 [INFO]     第 1 页 20 条 (2025/06/06 23:36:16 → 2025/06/06 20:24:08)  共 8 页
2026-05-20 10:10:00,679 [INFO]     第 2 页 20 条 (2025/06/06 20:13:11 → 2025/06/06 16:32:44)
2026-05-20 10:10:01,222 [INFO]     第 3 页 20 条 (2025/06/06 16:28:00 → 2025/06/06 15:15:55)
2026-05-20 10:10:02,179 [INFO]     第 4 页 20 条 (2025/06/06 15:12:39 → 2025/06/06 14:15:52)
2026-05-20 10:10:02,724 [INFO]     第 5 页 20 条 (2025/06/06 14:03:03 → 2025/06/06 10:50:34)
2026-05-20 10:10:04,192 [INFO]     第 6 页 20 条 (2025/06/06 10:34:02 → 2025/06/06 09:58:32)
2026-05-20 10:10:04,194 [INFO]   ✓ 2025-06-06 10:02:31  折算价=718.45
2026-05-20 10:10:05,264 [INFO] === 2025-06-07 ===
2026-05-20 10:10:05,360 [INFO]   #1 OCR=kcAH
2026-05-20 10:10:05,657 [INFO]     第 1 页 13 条 (2025/06/07 10:30:00 → 2025/06/07 00:00:05)  共 1 页
2026-05-20 10:10:05,658 [INFO]   ✓ 2025-06-07 10:30:00  折算价=718.45
2026-05-20 10:10:06,476 [INFO] === 2025-06-08 ===
2026-05-20 10:10:06,566 [INFO]   #1 OCR=s47s
2026-05-20 10:10:06,658 [INFO]   #1 验证码/服务端错误
2026-05-20 10:10:06,756 [INFO]   #2 OCR=ecpr
2026-05-20 10:10:06,892 [INFO]     第 1 页 6 条 (2025/06/08 10:30:00 → 2025/06/08 00:00:05)  共 1 页
2026-05-20 10:10:06,893 [INFO]   ✓ 2025-06-08 10:30:00  折算价=718.45
2026-05-20 10:10:08,297 [INFO] === 2025-06-09 ===
2026-05-20 10:10:08,382 [INFO]   #1 OCR=tjxa
2026-05-20 10:10:08,556 [INFO]     第 1 页 20 条 (2025/06/09 23:58:00 → 2025/06/09 17:04:53)  共 6 页
2026-05-20 10:10:08,730 [INFO]     第 2 页 20 条 (2025/06/09 16:57:43 → 2025/06/09 15:20:59)
2026-05-20 10:10:09,495 [INFO]     第 3 页 20 条 (2025/06/09 15:19:55 → 2025/06/09 13:40:53)
2026-05-20 10:10:10,268 [INFO]     第 4 页 20 条 (2025/06/09 13:38:13 → 2025/06/09 10:14:56)
2026-05-20 10:10:11,126 [INFO]     第 5 页 20 条 (2025/06/09 10:12:41 → 2025/06/09 07:47:41)
2026-05-20 10:10:11,126 [INFO]   ✓ 2025-06-09 10:04:27  折算价=718.55
2026-05-20 10:10:11,128 [INFO] >>> 进度: 160/505 (31.7%) <<<
2026-05-20 10:10:12,045 [INFO] === 2025-06-10 ===
2026-05-20 10:10:12,156 [INFO]   #1 OCR=Sgfk
2026-05-20 10:10:12,365 [INFO]     第 1 页 20 条 (2025/06/10 23:25:29 → 2025/06/10 17:52:08)  共 8 页
2026-05-20 10:10:13,111 [INFO]     第 2 页 20 条 (2025/06/10 17:41:16 → 2025/06/10 15:51:39)
2026-05-20 10:10:13,944 [INFO]     第 3 页 20 条 (2025/06/10 15:50:42 → 2025/06/10 14:37:14)
2026-05-20 10:10:14,905 [INFO]     第 4 页 20 条 (2025/06/10 14:35:50 → 2025/06/10 13:51:31)
2026-05-20 10:10:15,565 [INFO]     第 5 页 20 条 (2025/06/10 13:50:34 → 2025/06/10 13:18:54)
2026-05-20 10:10:16,474 [INFO]     第 6 页 20 条 (2025/06/10 13:16:47 → 2025/06/10 10:04:25)
2026-05-20 10:10:17,269 [INFO]     第 7 页 20 条 (2025/06/10 10:00:37 → 2025/06/10 06:40:20)
2026-05-20 10:10:17,270 [INFO]   ✓ 2025-06-10 10:00:37  折算价=718.4
2026-05-20 10:10:18,320 [INFO] === 2025-06-11 ===
2026-05-20 10:10:18,413 [INFO]   #1 OCR=nkys
2026-05-20 10:10:18,589 [INFO]     第 1 页 20 条 (2025/06/11 23:41:37 → 2025/06/11 20:36:09)  共 7 页
2026-05-20 10:10:18,759 [INFO]     第 2 页 20 条 (2025/06/11 20:35:00 → 2025/06/11 17:06:21)
2026-05-20 10:10:19,432 [INFO]     第 3 页 20 条 (2025/06/11 16:56:41 → 2025/06/11 14:47:30)
2026-05-20 10:10:19,951 [INFO]     第 4 页 20 条 (2025/06/11 14:34:56 → 2025/06/11 11:23:43)
2026-05-20 10:10:20,526 [INFO]     第 5 页 20 条 (2025/06/11 11:21:27 → 2025/06/11 09:41:34)
2026-05-20 10:10:20,527 [INFO]   ✓ 2025-06-11 10:02:53  折算价=718.15
2026-05-20 10:10:21,348 [INFO] === 2025-06-12 ===
2026-05-20 10:10:21,446 [INFO]   #1 OCR=Dtgg
2026-05-20 10:10:21,601 [INFO]   #1 验证码/服务端错误
2026-05-20 10:10:21,691 [INFO]   #2 OCR=Jnac
2026-05-20 10:10:21,924 [INFO]     第 1 页 20 条 (2025/06/12 23:43:27 → 2025/06/12 18:36:34)  共 9 页
2026-05-20 10:10:22,081 [INFO]     第 2 页 20 条 (2025/06/12 18:34:41 → 2025/06/12 17:08:13)
2026-05-20 10:12:38,526 [INFO] 总范围: 2025-01-01 → 2026-05-20 | 已抓: 161 天 | 待抓: 344 天
2026-05-20 10:12:39,026 [INFO] === 2025-03-30 ===
2026-05-20 10:12:39,114 [INFO]   #1 OCR=gniro
2026-05-20 10:12:39,186 [INFO]   #1 验证码/服务端错误
2026-05-20 10:12:39,257 [INFO]   #2 OCR=9aLG
2026-05-20 10:12:39,405 [INFO]     第 1 页 6 条 (2025/03/30 10:30:00 → 2025/03/30 00:00:05)  共 1 页
2026-05-20 10:12:39,405 [INFO]   ✓ 2025-03-30 10:30:00  折算价=717.52
2026-05-20 10:12:39,408 [ERROR] 2025-03-30 顶层异常: [Errno 13] Permission denied: 'boc_usd_cny.csv'
Traceback (most recent call last):
  File "D:\boc_scraper\boc_scraper_v5.py", line 348, in main
    append_row(rec)
    ~~~~~~~~~~^^^^^
  File "D:\boc_scraper\boc_scraper_v5.py", line 321, in append_row
    df.to_csv(OUTPUT_FILE, mode="a", index=False,
    ~~~~~~~~~^^^^^^^^^^^^^^^^^^^^^^^^^^^^^^^^^^^^
              header=header, encoding="utf-8-sig")
              ^^^^^^^^^^^^^^^^^^^^^^^^^^^^^^^^^^^^
  File "C:\Users\昊哥\AppData\Local\Programs\Python\Python313\Lib\site-packages\pandas\core\generic.py", line 3988, in to_csv
    return DataFrameRenderer(formatter).to_csv(
           ~~~~~~~~~~~~~~~~~~~~~~~~~~~~~~~~~~~^
        path_or_buf,
        ^^^^^^^^^^^^
    ...<14 lines>...
        storage_options=storage_options,
        ^^^^^^^^^^^^^^^^^^^^^^^^^^^^^^^^
    )
    ^
  File "C:\Users\昊哥\AppData\Local\Programs\Python\Python313\Lib\site-packages\pandas\io\formats\format.py", line 1025, in to_csv
    csv_formatter.save()
    ~~~~~~~~~~~~~~~~~~^^
  File "C:\Users\昊哥\AppData\Local\Programs\Python\Python313\Lib\site-packages\pandas\io\formats\csvs.py", line 251, in save
    with get_handle(
         ~~~~~~~~~~^
        self.filepath_or_buffer,
        ^^^^^^^^^^^^^^^^^^^^^^^^
    ...<4 lines>...
        storage_options=self.storage_options,
        ^^^^^^^^^^^^^^^^^^^^^^^^^^^^^^^^^^^^^
    ) as handles:
    ^
  File "C:\Users\昊哥\AppData\Local\Programs\Python\Python313\Lib\site-packages\pandas\io\common.py", line 930, in get_handle
    handle = open(
        handle,
    ...<3 lines>...
        newline="",
    )
PermissionError: [Errno 13] Permission denied: 'boc_usd_cny.csv'
2026-05-20 10:12:39,415 [INFO] 顶层异常后刷新 session
2026-05-20 10:12:41,341 [INFO] === 2025-06-12 ===
2026-05-20 10:12:41,427 [INFO]   #1 OCR=Brgj
2026-05-20 10:12:41,688 [INFO]     第 1 页 20 条 (2025/06/12 23:43:27 → 2025/06/12 18:36:34)  共 9 页
2026-05-20 10:12:41,833 [INFO]     第 2 页 20 条 (2025/06/12 18:34:41 → 2025/06/12 17:08:13)
2026-05-20 10:12:42,673 [INFO]     第 3 页 20 条 (2025/06/12 17:07:32 → 2025/06/12 15:47:21)
2026-05-20 10:12:43,184 [INFO]     第 4 页 20 条 (2025/06/12 15:47:09 → 2025/06/12 14:48:40)
2026-05-20 10:12:43,748 [INFO]     第 5 页 20 条 (2025/06/12 14:46:38 → 2025/06/12 13:49:26)
2026-05-20 10:12:44,534 [INFO]     第 6 页 20 条 (2025/06/12 13:48:34 → 2025/06/12 11:17:38)
2026-05-20 10:12:45,210 [INFO]     第 7 页 20 条 (2025/06/12 11:15:50 → 2025/06/12 10:06:04)
2026-05-20 10:12:45,927 [INFO]     第 8 页 20 条 (2025/06/12 10:04:25 → 2025/06/12 09:17:15)
2026-05-20 10:12:45,928 [INFO]   ✓ 2025-06-12 10:00:59  折算价=718.03
2026-05-20 10:12:45,929 [ERROR] 2025-06-12 顶层异常: [Errno 13] Permission denied: 'boc_usd_cny.csv'
Traceback (most recent call last):
  File "D:\boc_scraper\boc_scraper_v5.py", line 348, in main
    append_row(rec)
    ~~~~~~~~~~^^^^^
  File "D:\boc_scraper\boc_scraper_v5.py", line 321, in append_row
    df.to_csv(OUTPUT_FILE, mode="a", index=False,
    ~~~~~~~~~^^^^^^^^^^^^^^^^^^^^^^^^^^^^^^^^^^^^
              header=header, encoding="utf-8-sig")
              ^^^^^^^^^^^^^^^^^^^^^^^^^^^^^^^^^^^^
  File "C:\Users\昊哥\AppData\Local\Programs\Python\Python313\Lib\site-packages\pandas\core\generic.py", line 3988, in to_csv
    return DataFrameRenderer(formatter).to_csv(
           ~~~~~~~~~~~~~~~~~~~~~~~~~~~~~~~~~~~^
        path_or_buf,
        ^^^^^^^^^^^^
    ...<14 lines>...
        storage_options=storage_options,
        ^^^^^^^^^^^^^^^^^^^^^^^^^^^^^^^^
    )
    ^
  File "C:\Users\昊哥\AppData\Local\Programs\Python\Python313\Lib\site-packages\pandas\io\formats\format.py", line 1025, in to_csv
    csv_formatter.save()
    ~~~~~~~~~~~~~~~~~~^^
  File "C:\Users\昊哥\AppData\Local\Programs\Python\Python313\Lib\site-packages\pandas\io\formats\csvs.py", line 251, in save
    with get_handle(
         ~~~~~~~~~~^
        self.filepath_or_buffer,
        ^^^^^^^^^^^^^^^^^^^^^^^^
    ...<4 lines>...
        storage_options=self.storage_options,
        ^^^^^^^^^^^^^^^^^^^^^^^^^^^^^^^^^^^^^
    ) as handles:
    ^
  File "C:\Users\昊哥\AppData\Local\Programs\Python\Python313\Lib\site-packages\pandas\io\common.py", line 930, in get_handle
    handle = open(
        handle,
    ...<3 lines>...
        newline="",
    )
PermissionError: [Errno 13] Permission denied: 'boc_usd_cny.csv'
2026-05-20 10:12:45,931 [INFO] 顶层异常后刷新 session
2026-05-20 10:12:47,272 [INFO] === 2025-06-13 ===
2026-05-20 10:12:47,350 [INFO]   #1 OCR=Rfkj
2026-05-20 10:12:47,598 [INFO]     第 1 页 20 条 (2025/06/13 23:55:12 → 2025/06/13 17:15:41)  共 9 页
2026-05-20 10:12:47,767 [INFO]     第 2 页 20 条 (2025/06/13 17:08:58 → 2025/06/13 15:30:29)
2026-05-20 10:12:48,498 [INFO]     第 3 页 20 条 (2025/06/13 15:27:35 → 2025/06/13 13:53:15)
2026-05-20 10:12:49,239 [INFO]     第 4 页 20 条 (2025/06/13 13:50:06 → 2025/06/13 12:16:10)
2026-05-20 10:12:50,109 [INFO]     第 5 页 20 条 (2025/06/13 12:12:49 → 2025/06/13 10:38:31)
2026-05-20 10:12:50,980 [INFO]     第 6 页 20 条 (2025/06/13 10:38:03 → 2025/06/13 10:05:43)
2026-05-20 10:12:51,863 [INFO]     第 7 页 20 条 (2025/06/13 10:01:04 → 2025/06/13 09:17:24)
2026-05-20 10:12:51,865 [INFO]   ✓ 2025-06-13 10:01:04  折算价=717.72
2026-05-20 10:12:51,866 [ERROR] 2025-06-13 顶层异常: [Errno 13] Permission denied: 'boc_usd_cny.csv'
Traceback (most recent call last):
  File "D:\boc_scraper\boc_scraper_v5.py", line 348, in main
    append_row(rec)
    ~~~~~~~~~~^^^^^
  File "D:\boc_scraper\boc_scraper_v5.py", line 321, in append_row
    df.to_csv(OUTPUT_FILE, mode="a", index=False,
    ~~~~~~~~~^^^^^^^^^^^^^^^^^^^^^^^^^^^^^^^^^^^^
              header=header, encoding="utf-8-sig")
              ^^^^^^^^^^^^^^^^^^^^^^^^^^^^^^^^^^^^
  File "C:\Users\昊哥\AppData\Local\Programs\Python\Python313\Lib\site-packages\pandas\core\generic.py", line 3988, in to_csv
    return DataFrameRenderer(formatter).to_csv(
           ~~~~~~~~~~~~~~~~~~~~~~~~~~~~~~~~~~~^
        path_or_buf,
        ^^^^^^^^^^^^
    ...<14 lines>...
        storage_options=storage_options,
        ^^^^^^^^^^^^^^^^^^^^^^^^^^^^^^^^
    )
    ^
  File "C:\Users\昊哥\AppData\Local\Programs\Python\Python313\Lib\site-packages\pandas\io\formats\format.py", line 1025, in to_csv
    csv_formatter.save()
    ~~~~~~~~~~~~~~~~~~^^
  File "C:\Users\昊哥\AppData\Local\Programs\Python\Python313\Lib\site-packages\pandas\io\formats\csvs.py", line 251, in save
    with get_handle(
         ~~~~~~~~~~^
        self.filepath_or_buffer,
        ^^^^^^^^^^^^^^^^^^^^^^^^
    ...<4 lines>...
        storage_options=self.storage_options,
        ^^^^^^^^^^^^^^^^^^^^^^^^^^^^^^^^^^^^^
    ) as handles:
    ^
  File "C:\Users\昊哥\AppData\Local\Programs\Python\Python313\Lib\site-packages\pandas\io\common.py", line 930, in get_handle
    handle = open(
        handle,
    ...<3 lines>...
        newline="",
    )
PermissionError: [Errno 13] Permission denied: 'boc_usd_cny.csv'
2026-05-20 10:12:51,867 [INFO] 顶层异常后刷新 session
2026-05-20 10:12:53,786 [INFO] === 2025-06-14 ===
2026-05-20 10:12:53,860 [INFO]   #1 OCR=aBh8
2026-05-20 10:12:54,043 [INFO]     第 1 页 14 条 (2025/06/14 10:30:00 → 2025/06/14 00:00:05)  共 1 页
2026-05-20 10:12:54,043 [INFO]   ✓ 2025-06-14 10:30:00  折算价=717.72
2026-05-20 10:12:55,049 [INFO] === 2025-06-15 ===
2026-05-20 10:12:55,122 [INFO]   #1 OCR=h1tf
2026-05-20 10:12:55,249 [INFO]   #1 验证码/服务端错误
2026-05-20 10:12:55,328 [INFO]   #2 OCR=8Beb
2026-05-20 10:12:55,539 [INFO]     第 1 页 7 条 (2025/06/15 10:30:00 → 2025/06/15 00:00:05)  共 1 页
2026-05-20 10:12:55,539 [INFO]   ✓ 2025-06-15 10:30:00  折算价=717.72
2026-05-20 10:12:56,709 [INFO] === 2025-06-16 ===
2026-05-20 10:12:56,800 [INFO]   #1 OCR=tqsz
2026-05-20 10:12:57,030 [INFO]     第 1 页 20 条 (2025/06/16 23:50:17 → 2025/06/16 17:01:55)  共 6 页
2026-05-20 10:12:57,191 [INFO]     第 2 页 20 条 (2025/06/16 17:00:03 → 2025/06/16 15:22:09)
2026-05-20 10:12:58,072 [INFO]     第 3 页 20 条 (2025/06/16 15:21:03 → 2025/06/16 14:13:02)
2026-05-20 10:12:59,091 [INFO]     第 4 页 20 条 (2025/06/16 14:09:02 → 2025/06/16 10:30:13)
2026-05-20 10:12:59,675 [INFO]     第 5 页 20 条 (2025/06/16 10:30:00 → 2025/06/16 09:34:56)
2026-05-20 10:12:59,676 [INFO]   ✓ 2025-06-16 10:08:47  折算价=717.89
2026-05-20 10:13:00,567 [INFO] === 2025-06-17 ===
2026-05-20 10:13:00,706 [INFO]   #1 OCR=68h6
2026-05-20 10:13:00,915 [INFO]     第 1 页 20 条 (2025/06/17 23:11:35 → 2025/06/17 17:26:20)  共 6 页
2026-05-20 10:13:01,128 [INFO]     第 2 页 20 条 (2025/06/17 17:19:15 → 2025/06/17 15:41:45)
2026-05-20 10:13:01,734 [INFO]     第 3 页 20 条 (2025/06/17 15:32:44 → 2025/06/17 14:16:43)
2026-05-20 10:13:02,937 [INFO]     第 4 页 20 条 (2025/06/17 14:05:09 → 2025/06/17 10:16:01)
2026-05-20 10:13:03,746 [INFO]     第 5 页 20 条 (2025/06/17 10:10:04 → 2025/06/17 09:15:46)
2026-05-20 10:13:03,747 [INFO]   ✓ 2025-06-17 10:04:45  折算价=717.46
2026-05-20 10:13:05,073 [INFO] === 2025-06-18 ===
2026-05-20 10:13:05,145 [INFO]   #1 OCR=oIUp
2026-05-20 10:13:05,213 [INFO]   #1 验证码/服务端错误
2026-05-20 10:13:05,297 [INFO]   #2 OCR=yxdp
2026-05-20 10:13:05,516 [INFO]     第 1 页 20 条 (2025/06/18 23:29:58 → 2025/06/18 16:20:56)  共 6 页
2026-05-20 10:13:05,671 [INFO]     第 2 页 20 条 (2025/06/18 16:18:32 → 2025/06/18 14:23:15)
2026-05-20 10:13:06,253 [INFO]     第 3 页 20 条 (2025/06/18 14:15:50 → 2025/06/18 10:32:25)
2026-05-20 10:13:06,896 [INFO]     第 4 页 20 条 (2025/06/18 10:31:21 → 2025/06/18 09:32:07)
2026-05-20 10:13:06,896 [INFO]   ✓ 2025-06-18 10:00:15  折算价=717.61
2026-05-20 10:13:08,240 [INFO] === 2025-06-19 ===
2026-05-20 10:13:08,338 [INFO]   #1 OCR=xwtv
2026-05-20 10:13:08,445 [INFO]   #1 验证码/服务端错误
2026-05-20 10:13:08,524 [INFO]   #2 OCR=gMEx
2026-05-20 10:13:08,678 [INFO]     第 1 页 20 条 (2025/06/19 23:19:04 → 2025/06/19 17:39:47)  共 7 页
2026-05-20 10:13:08,835 [INFO]     第 2 页 20 条 (2025/06/19 17:33:52 → 2025/06/19 16:07:11)
2026-05-20 10:13:09,638 [INFO]     第 3 页 20 条 (2025/06/19 15:58:48 → 2025/06/19 14:09:03)
2026-05-20 10:13:10,331 [INFO]     第 4 页 20 条 (2025/06/19 13:59:38 → 2025/06/19 10:21:20)
2026-05-20 10:13:11,257 [INFO]     第 5 页 20 条 (2025/06/19 10:19:56 → 2025/06/19 09:33:16)
2026-05-20 10:13:11,258 [INFO]   ✓ 2025-06-19 10:02:47  折算价=717.29
2026-05-20 10:13:12,133 [INFO] === 2025-06-20 ===
2026-05-20 10:13:12,208 [INFO]   #1 OCR=vcc6
2026-05-20 10:13:12,354 [INFO]     第 1 页 20 条 (2025/06/20 23:56:15 → 2025/06/20 18:26:44)  共 8 页
2026-05-20 10:13:12,513 [INFO]     第 2 页 20 条 (2025/06/20 18:22:35 → 2025/06/20 16:03:24)
2026-05-20 10:13:13,053 [INFO]     第 3 页 20 条 (2025/06/20 15:50:16 → 2025/06/20 14:48:28)
2026-05-20 10:13:13,868 [INFO]     第 4 页 20 条 (2025/06/20 14:46:14 → 2025/06/20 11:19:02)
2026-05-20 10:13:14,428 [INFO]     第 5 页 20 条 (2025/06/20 11:11:52 → 2025/06/20 10:08:28)
2026-05-20 10:13:15,111 [INFO]     第 6 页 20 条 (2025/06/20 10:04:52 → 2025/06/20 09:29:30)
2026-05-20 10:13:15,112 [INFO]   ✓ 2025-06-20 10:02:14  折算价=716.95
2026-05-20 10:13:15,114 [INFO] >>> 进度: 10/344 (2.9%) <<<
2026-05-20 10:13:16,395 [INFO] === 2025-06-21 ===
2026-05-20 10:13:16,534 [INFO]   #1 OCR=qphi
2026-05-20 10:13:16,892 [INFO]     第 1 页 13 条 (2025/06/21 10:30:00 → 2025/06/21 00:00:05)  共 1 页
2026-05-20 10:13:16,892 [INFO]   ✓ 2025-06-21 10:30:00  折算价=716.95
2026-05-20 10:13:18,136 [INFO] === 2025-06-22 ===
2026-05-20 10:13:18,243 [INFO]   #1 OCR=iHrk
2026-05-20 10:13:18,470 [INFO]     第 1 页 6 条 (2025/06/22 10:30:00 → 2025/06/22 00:00:05)  共 1 页
2026-05-20 10:13:18,470 [INFO]   ✓ 2025-06-22 10:30:00  折算价=716.95
2026-05-20 10:13:19,913 [INFO] === 2025-06-23 ===
2026-05-20 10:13:20,033 [INFO]   #1 OCR=8ykj
2026-05-20 10:13:20,369 [INFO]     第 1 页 20 条 (2025/06/23 23:28:06 → 2025/06/23 17:42:00)  共 7 页
2026-05-20 10:13:20,575 [INFO]     第 2 页 20 条 (2025/06/23 17:37:25 → 2025/06/23 15:36:52)
2026-05-20 10:13:21,401 [INFO]     第 3 页 20 条 (2025/06/23 15:31:06 → 2025/06/23 14:04:47)
2026-05-20 10:13:21,948 [INFO]     第 4 页 20 条 (2025/06/23 14:03:44 → 2025/06/23 11:08:37)
2026-05-20 10:13:22,678 [INFO]     第 5 页 20 条 (2025/06/23 11:00:07 → 2025/06/23 10:09:16)
2026-05-20 10:13:23,514 [INFO]     第 6 页 20 条 (2025/06/23 10:08:10 → 2025/06/23 05:30:00)
2026-05-20 10:13:23,515 [INFO]   ✓ 2025-06-23 10:00:52  折算价=717.1
2026-05-20 10:13:24,578 [INFO] === 2025-06-24 ===
2026-05-20 10:13:24,675 [INFO]   #1 OCR=DeA3
2026-05-20 10:13:24,889 [INFO]     第 1 页 20 条 (2025/06/24 23:57:08 → 2025/06/24 18:31:10)  共 8 页
2026-05-20 10:13:25,025 [INFO]     第 2 页 20 条 (2025/06/24 18:19:17 → 2025/06/24 16:30:23)
2026-05-20 10:13:25,701 [INFO]     第 3 页 20 条 (2025/06/24 16:27:03 → 2025/06/24 15:07:15)
2026-05-20 10:13:26,206 [INFO]     第 4 页 20 条 (2025/06/24 14:57:44 → 2025/06/24 11:56:36)
2026-05-20 10:13:29,833 [WARNING]     第5页第1次服务端错误提示, 等待重试
2026-05-20 10:13:31,470 [INFO]     第 5 页 20 条 (2025/06/24 11:44:31 → 2025/06/24 10:27:29)
2026-05-20 10:13:32,008 [INFO]     第 6 页 20 条 (2025/06/24 10:22:24 → 2025/06/24 09:19:37)
2026-05-20 10:13:32,009 [INFO]   ✓ 2025-06-24 10:03:07  折算价=716.56
2026-05-20 10:13:33,083 [INFO] === 2025-06-25 ===
2026-05-20 10:13:33,159 [INFO]   #1 OCR=9yso
2026-05-20 10:13:33,384 [INFO]     第 1 页 20 条 (2025/06/25 23:59:36 → 2025/06/25 17:36:57)  共 6 页
2026-05-20 10:13:33,528 [INFO]     第 2 页 20 条 (2025/06/25 17:30:27 → 2025/06/25 15:41:07)
2026-05-20 10:13:34,119 [INFO]     第 3 页 20 条 (2025/06/25 15:36:49 → 2025/06/25 13:32:34)
2026-05-20 10:13:34,843 [INFO]     第 4 页 20 条 (2025/06/25 13:06:58 → 2025/06/25 10:13:50)
2026-05-20 10:13:35,442 [INFO]     第 5 页 20 条 (2025/06/25 10:11:56 → 2025/06/25 09:18:49)
2026-05-20 10:13:35,443 [INFO]   ✓ 2025-06-25 10:01:38  折算价=716.68
2026-05-20 10:13:36,377 [INFO] === 2025-06-26 ===
2026-05-20 10:13:36,450 [INFO]   #1 OCR=Azot
2026-05-20 10:13:36,589 [INFO]   #1 验证码/服务端错误
2026-05-20 10:13:36,662 [INFO]   #2 OCR=w70q
2026-05-20 10:13:36,896 [INFO]     第 1 页 20 条 (2025/06/26 23:58:01 → 2025/06/26 18:58:27)  共 7 页
2026-05-20 10:13:37,039 [INFO]     第 2 页 20 条 (2025/06/26 18:39:23 → 2025/06/26 16:19:57)
2026-05-20 10:13:37,928 [INFO]     第 3 页 20 条 (2025/06/26 16:14:52 → 2025/06/26 13:55:46)
2026-05-20 10:13:38,501 [INFO]     第 4 页 20 条 (2025/06/26 13:54:57 → 2025/06/26 11:06:02)
2026-05-20 10:13:39,330 [WARNING]     第5页第1次服务端错误提示, 等待重试
2026-05-20 10:13:40,978 [INFO]     第 5 页 20 条 (2025/06/26 11:05:22 → 2025/06/26 10:22:57)
2026-05-20 10:13:41,509 [INFO]     第 6 页 20 条 (2025/06/26 10:21:26 → 2025/06/26 09:21:29)
2026-05-20 10:13:41,510 [INFO]   ✓ 2025-06-26 10:02:05  折算价=716.2
2026-05-20 10:13:42,693 [INFO] === 2025-06-27 ===
2026-05-20 10:13:42,763 [INFO]   #1 OCR=TDgP
2026-05-20 10:13:42,971 [INFO]     第 1 页 20 条 (2025/06/27 23:38:08 → 2025/06/27 19:01:32)  共 8 页
2026-05-20 10:13:43,128 [INFO]     第 2 页 20 条 (2025/06/27 18:55:08 → 2025/06/27 16:11:05)
2026-05-20 10:13:43,936 [INFO]     第 3 页 20 条 (2025/06/27 16:08:19 → 2025/06/27 14:55:34)
2026-05-20 10:13:44,515 [INFO]     第 4 页 20 条 (2025/06/27 14:54:51 → 2025/06/27 13:42:13)
2026-05-20 10:13:45,454 [INFO]     第 5 页 20 条 (2025/06/27 13:39:43 → 2025/06/27 10:31:50)
2026-05-20 10:13:46,276 [INFO]     第 6 页 20 条 (2025/06/27 10:30:00 → 2025/06/27 09:41:15)
2026-05-20 10:13:46,277 [INFO]   ✓ 2025-06-27 10:00:34  折算价=716.27
2026-05-20 10:13:47,577 [INFO] === 2025-06-28 ===
2026-05-20 10:13:47,657 [INFO]   #1 OCR=zqyJ
2026-05-20 10:13:47,849 [INFO]     第 1 页 15 条 (2025/06/28 10:30:00 → 2025/06/28 00:00:05)  共 1 页
2026-05-20 10:13:47,849 [INFO]   ✓ 2025-06-28 10:30:00  折算价=716.27
2026-05-20 10:13:49,191 [INFO] === 2025-06-29 ===
2026-05-20 10:13:49,266 [INFO]   #1 OCR=k4Ym
2026-05-20 10:13:49,462 [INFO]     第 1 页 6 条 (2025/06/29 10:30:00 → 2025/06/29 00:00:05)  共 1 页
2026-05-20 10:13:49,462 [INFO]   ✓ 2025-06-29 10:30:00  折算价=716.27
2026-05-20 10:13:50,840 [INFO] === 2025-06-30 ===
2026-05-20 10:13:50,929 [INFO]   #1 OCR=m2hu
2026-05-20 10:13:51,538 [INFO]     第 1 页 20 条 (2025/06/30 23:46:58 → 2025/06/30 17:15:25)  共 7 页
2026-05-20 10:13:51,938 [INFO]     第 2 页 20 条 (2025/06/30 17:08:35 → 2025/06/30 15:37:06)
2026-05-20 10:13:52,531 [INFO]     第 3 页 20 条 (2025/06/30 15:31:40 → 2025/06/30 14:01:42)
2026-05-20 10:13:53,310 [INFO]     第 4 页 20 条 (2025/06/30 13:59:12 → 2025/06/30 11:02:12)
2026-05-20 10:13:54,213 [INFO]     第 5 页 20 条 (2025/06/30 10:58:34 → 2025/06/30 10:04:53)
2026-05-20 10:13:54,857 [INFO]     第 6 页 20 条 (2025/06/30 10:04:41 → 2025/06/30 09:27:58)
2026-05-20 10:13:54,858 [INFO]   ✓ 2025-06-30 10:01:49  折算价=715.86
2026-05-20 10:13:54,859 [INFO] >>> 进度: 20/344 (5.8%) <<<
2026-05-20 10:13:56,196 [INFO] === 2025-07-01 ===
2026-05-20 10:13:56,271 [INFO]   #1 OCR=kxes
2026-05-20 10:13:56,498 [INFO]     第 1 页 20 条 (2025/07/01 23:07:16 → 2025/07/01 18:33:48)  共 8 页
2026-05-20 10:13:56,665 [INFO]     第 2 页 20 条 (2025/07/01 18:30:35 → 2025/07/01 16:57:17)
2026-05-20 10:13:57,582 [INFO]     第 3 页 20 条 (2025/07/01 16:54:34 → 2025/07/01 15:38:47)
2026-05-20 10:13:58,294 [INFO]     第 4 页 20 条 (2025/07/01 15:36:43 → 2025/07/01 14:22:42)
2026-05-20 10:13:59,171 [INFO]     第 5 页 20 条 (2025/07/01 14:21:51 → 2025/07/01 10:38:38)
2026-05-20 10:13:59,642 [INFO]     第 6 页 20 条 (2025/07/01 10:34:52 → 2025/07/01 09:53:28)
2026-05-20 10:13:59,643 [INFO]   ✓ 2025-07-01 10:00:58  折算价=715.34
2026-05-20 10:14:00,742 [INFO] === 2025-07-02 ===
2026-05-20 10:14:00,818 [INFO]   #1 OCR=yufs
2026-05-20 10:14:01,015 [INFO]     第 1 页 20 条 (2025/07/02 23:54:47 → 2025/07/02 20:47:22)  共 7 页
2026-05-20 10:14:01,185 [INFO]     第 2 页 20 条 (2025/07/02 20:43:55 → 2025/07/02 17:11:24)
2026-05-20 10:14:01,731 [INFO]     第 3 页 20 条 (2025/07/02 17:09:57 → 2025/07/02 15:14:07)
2026-05-20 10:14:02,331 [INFO]     第 4 页 20 条 (2025/07/02 15:08:15 → 2025/07/02 12:02:37)
2026-05-20 10:14:02,898 [INFO]     第 5 页 20 条 (2025/07/02 11:47:51 → 2025/07/02 10:08:19)
2026-05-20 10:14:03,605 [INFO]     第 6 页 20 条 (2025/07/02 10:07:24 → 2025/07/02 08:15:32)
2026-05-20 10:14:03,606 [INFO]   ✓ 2025-07-02 10:01:28  折算价=715.46
2026-05-20 10:14:05,035 [INFO] === 2025-07-03 ===
2026-05-20 10:14:05,121 [INFO]   #1 OCR=xRbp
2026-05-20 10:14:05,317 [INFO]     第 1 页 20 条 (2025/07/03 23:59:00 → 2025/07/03 20:31:29)  共 6 页
2026-05-20 10:14:05,471 [INFO]     第 2 页 20 条 (2025/07/03 20:30:49 → 2025/07/03 16:03:13)
2026-05-20 10:14:06,080 [INFO]     第 3 页 20 条 (2025/07/03 15:59:54 → 2025/07/03 13:50:26)
2026-05-20 10:14:06,545 [INFO]     第 4 页 20 条 (2025/07/03 13:47:56 → 2025/07/03 10:08:04)
2026-05-20 10:14:07,149 [INFO]     第 5 页 20 条 (2025/07/03 09:57:32 → 2025/07/03 07:48:16)
2026-05-20 10:14:07,150 [INFO]   ✓ 2025-07-03 10:08:04  折算价=715.23
2026-05-20 10:14:08,021 [INFO] === 2025-07-04 ===
2026-05-20 10:14:08,101 [INFO]   #1 OCR=kkvb
2026-05-20 10:14:08,249 [INFO]     第 1 页 20 条 (2025/07/04 23:35:46 → 2025/07/04 16:09:21)  共 5 页
2026-05-20 10:14:08,413 [INFO]     第 2 页 20 条 (2025/07/04 16:02:18 → 2025/07/04 13:51:18)
2026-05-20 10:14:09,138 [INFO]     第 3 页 20 条 (2025/07/04 13:45:20 → 2025/07/04 10:23:32)
2026-05-20 10:14:09,628 [INFO]     第 4 页 20 条 (2025/07/04 10:19:33 → 2025/07/04 08:39:40)
2026-05-20 10:14:09,629 [INFO]   ✓ 2025-07-04 10:01:47  折算价=715.35
2026-05-20 10:14:11,080 [INFO] === 2025-07-05 ===
2026-05-20 10:14:11,155 [INFO]   #1 OCR='pc' 长度异常
2026-05-20 10:14:11,312 [INFO]   #2 OCR=6TI7
2026-05-20 10:14:11,451 [INFO]   #2 验证码/服务端错误
2026-05-20 10:14:11,533 [INFO]   #3 OCR=Ijqg
2026-05-20 10:14:11,772 [INFO]     第 1 页 9 条 (2025/07/05 10:30:00 → 2025/07/05 00:00:05)  共 1 页
2026-05-20 10:14:11,772 [INFO]   ✓ 2025-07-05 10:30:00  折算价=715.35
2026-05-20 10:14:12,624 [INFO] === 2025-07-06 ===
2026-05-20 10:14:12,713 [INFO]   #1 OCR=kts0
2026-05-20 10:14:12,929 [INFO]     第 1 页 8 条 (2025/07/06 10:30:00 → 2025/07/06 00:00:05)  共 1 页
2026-05-20 10:14:12,929 [INFO]   ✓ 2025-07-06 10:30:00  折算价=715.35
2026-05-20 10:14:13,795 [INFO] === 2025-07-07 ===
2026-05-20 10:14:13,875 [INFO]   #1 OCR=kTid
2026-05-20 10:14:14,104 [INFO]     第 1 页 20 条 (2025/07/07 22:37:54 → 2025/07/07 16:41:55)  共 7 页
2026-05-20 10:14:14,266 [INFO]     第 2 页 20 条 (2025/07/07 16:33:34 → 2025/07/07 15:05:48)
2026-05-20 10:14:15,010 [INFO]     第 3 页 20 条 (2025/07/07 15:04:42 → 2025/07/07 14:03:22)
2026-05-20 10:14:15,996 [INFO]     第 4 页 20 条 (2025/07/07 14:01:45 → 2025/07/07 10:38:53)
2026-05-20 10:14:16,714 [INFO]     第 5 页 20 条 (2025/07/07 10:38:18 → 2025/07/07 09:50:45)
2026-05-20 10:14:16,716 [INFO]   ✓ 2025-07-07 10:02:06  折算价=715.06
2026-05-20 10:14:18,142 [INFO] === 2025-07-08 ===
2026-05-20 10:14:18,218 [INFO]   #1 OCR=oRhw
2026-05-20 10:14:18,415 [INFO]     第 1 页 20 条 (2025/07/08 23:49:18 → 2025/07/08 19:27:33)  共 7 页
2026-05-20 10:14:18,549 [INFO]     第 2 页 20 条 (2025/07/08 18:59:36 → 2025/07/08 15:58:30)
2026-05-20 10:14:19,335 [INFO]     第 3 页 20 条 (2025/07/08 15:56:22 → 2025/07/08 15:02:12)
2026-05-20 10:14:20,270 [INFO]     第 4 页 20 条 (2025/07/08 14:52:14 → 2025/07/08 11:21:58)
2026-05-20 10:14:21,175 [INFO]     第 5 页 20 条 (2025/07/08 11:16:42 → 2025/07/08 10:07:44)
2026-05-20 10:14:22,041 [INFO]     第 6 页 20 条 (2025/07/08 10:04:59 → 2025/07/08 08:52:01)
2026-05-20 10:14:22,042 [INFO]   ✓ 2025-07-08 10:00:31  折算价=715.34
2026-05-20 10:14:23,316 [INFO] === 2025-07-09 ===
2026-05-20 10:14:23,393 [INFO]   #1 OCR=uxm
2026-05-20 10:14:23,466 [INFO]   #1 验证码/服务端错误
2026-05-20 10:14:23,541 [INFO]   #2 OCR=osxP
2026-05-20 10:14:23,625 [INFO]   #2 验证码/服务端错误
2026-05-20 10:14:23,701 [INFO]   #3 OCR=tio
2026-05-20 10:14:23,772 [INFO]   #3 验证码/服务端错误
2026-05-20 10:14:23,848 [INFO]   #4 OCR=nzyy
2026-05-20 10:14:24,002 [INFO]     第 1 页 20 条 (2025/07/09 23:31:11 → 2025/07/09 17:04:53)  共 5 页
2026-05-20 10:14:24,139 [INFO]     第 2 页 20 条 (2025/07/09 17:00:41 → 2025/07/09 15:09:37)
2026-05-20 10:14:24,601 [INFO]     第 3 页 20 条 (2025/07/09 15:06:30 → 2025/07/09 10:53:43)
2026-05-20 10:14:25,463 [INFO]     第 4 页 20 条 (2025/07/09 10:50:03 → 2025/07/09 09:36:55)
2026-05-20 10:14:25,463 [INFO]   ✓ 2025-07-09 10:05:08  折算价=715.41
2026-05-20 10:14:26,429 [INFO] === 2025-07-10 ===
2026-05-20 10:14:30,986 [INFO]   #1 OCR=phon
2026-05-20 10:14:31,157 [INFO]   #1 验证码/服务端错误
2026-05-20 10:14:31,232 [INFO]   #2 OCR=L8wh
2026-05-20 10:14:31,426 [INFO]     第 1 页 20 条 (2025/07/10 23:51:31 → 2025/07/10 17:48:43)  共 5 页
2026-05-20 10:14:31,579 [INFO]     第 2 页 20 条 (2025/07/10 17:42:36 → 2025/07/10 14:42:54)
2026-05-20 10:14:32,045 [INFO]     第 3 页 20 条 (2025/07/10 14:37:40 → 2025/07/10 10:38:32)
2026-05-20 10:14:32,672 [INFO]     第 4 页 20 条 (2025/07/10 10:31:39 → 2025/07/10 09:18:53)
2026-05-20 10:14:32,672 [INFO]   ✓ 2025-07-10 10:04:44  折算价=715.1
2026-05-20 10:14:32,674 [INFO] >>> 进度: 30/344 (8.7%) <<<
2026-05-20 10:14:33,998 [INFO] === 2025-07-11 ===
2026-05-20 10:14:34,080 [INFO]   #1 OCR=zyup
2026-05-20 10:14:34,250 [INFO]   #1 验证码/服务端错误
2026-05-20 10:14:34,346 [INFO]   #2 OCR=pfU0
2026-05-20 10:14:34,989 [INFO]     第 1 页 20 条 (2025/07/11 23:42:32 → 2025/07/11 18:46:48)  共 8 页
2026-05-20 10:14:36,029 [INFO]     第 2 页 20 条 (2025/07/11 17:20:12 → 2025/07/11 15:54:27)
2026-05-20 10:14:37,149 [INFO]     第 3 页 20 条 (2025/07/11 15:52:08 → 2025/07/11 14:18:23)
2026-05-20 10:14:38,159 [INFO]     第 4 页 20 条 (2025/07/11 14:17:12 → 2025/07/11 11:10:04)
2026-05-20 10:14:38,847 [INFO]     第 5 页 20 条 (2025/07/11 11:07:34 → 2025/07/11 10:20:14)
2026-05-20 10:14:39,433 [INFO]     第 6 页 20 条 (2025/07/11 10:17:56 → 2025/07/11 09:33:51)
2026-05-20 10:14:39,433 [INFO]   ✓ 2025-07-11 10:02:24  折算价=714.75
2026-05-20 10:14:40,824 [INFO] === 2025-07-12 ===
2026-05-20 10:14:40,897 [INFO]   #1 OCR=wakr
2026-05-20 10:14:41,027 [INFO]   #1 验证码/服务端错误
2026-05-20 10:14:41,106 [INFO]   #2 OCR=9Jiq
2026-05-20 10:14:41,335 [INFO]     第 1 页 13 条 (2025/07/12 10:30:00 → 2025/07/12 00:00:05)  共 1 页
2026-05-20 10:14:41,335 [INFO]   ✓ 2025-07-12 10:30:00  折算价=714.75
2026-05-20 10:14:42,165 [INFO] === 2025-07-13 ===
2026-05-20 10:14:42,259 [INFO]   #1 OCR=qymn
2026-05-20 10:14:42,449 [INFO]     第 1 页 6 条 (2025/07/13 10:30:00 → 2025/07/13 00:00:05)  共 1 页
2026-05-20 10:14:42,449 [INFO]   ✓ 2025-07-13 10:30:00  折算价=714.75
2026-05-20 10:14:43,738 [INFO] === 2025-07-14 ===
2026-05-20 10:14:43,811 [INFO]   #1 OCR=5A9q
2026-05-20 10:14:44,008 [INFO]     第 1 页 20 条 (2025/07/14 23:55:33 → 2025/07/14 17:53:05)  共 6 页
2026-05-20 10:14:44,088 [WARNING]     第2页第1次服务端错误提示, 等待重试
2026-05-20 10:14:45,732 [INFO]     第 2 页 20 条 (2025/07/14 17:52:31 → 2025/07/14 15:33:42)
2026-05-20 10:14:46,394 [INFO]     第 3 页 20 条 (2025/07/14 15:26:22 → 2025/07/14 13:41:28)
2026-05-20 10:14:47,118 [WARNING]     第4页第1次服务端错误提示, 等待重试
2026-05-20 10:14:48,784 [INFO]     第 4 页 20 条 (2025/07/14 13:36:59 → 2025/07/14 10:15:42)
2026-05-20 10:14:49,697 [INFO]     第 5 页 20 条 (2025/07/14 10:15:26 → 2025/07/14 09:32:22)
2026-05-20 10:14:49,698 [INFO]   ✓ 2025-07-14 10:03:30  折算价=714.91
2026-05-20 10:14:50,585 [INFO] === 2025-07-15 ===
2026-05-20 10:14:50,661 [INFO]   #1 OCR=uJfc
2026-05-20 10:14:50,857 [INFO]     第 1 页 20 条 (2025/07/15 23:48:58 → 2025/07/15 19:11:55)  共 6 页
2026-05-20 10:14:51,014 [INFO]     第 2 页 20 条 (2025/07/15 18:52:30 → 2025/07/15 15:13:45)
2026-05-20 10:14:51,722 [INFO]     第 3 页 20 条 (2025/07/15 15:04:19 → 2025/07/15 11:26:04)
2026-05-20 10:14:52,409 [INFO]     第 4 页 20 条 (2025/07/15 11:19:08 → 2025/07/15 09:58:47)
2026-05-20 10:14:52,410 [INFO]   ✓ 2025-07-15 10:02:32  折算价=714.98
2026-05-20 10:14:53,404 [INFO] === 2025-07-16 ===
2026-05-20 10:14:53,482 [INFO]   #1 OCR=cGfs
2026-05-20 10:14:53,652 [INFO]     第 1 页 20 条 (2025/07/16 23:57:51 → 2025/07/16 21:49:34)  共 7 页
2026-05-20 10:14:53,731 [WARNING]     第2页第1次服务端错误提示, 等待重试
2026-05-20 10:14:55,388 [INFO]     第 2 页 20 条 (2025/07/16 21:39:05 → 2025/07/16 16:55:53)
2026-05-20 10:14:56,014 [INFO]     第 3 页 20 条 (2025/07/16 16:48:53 → 2025/07/16 15:13:58)
2026-05-20 10:14:56,497 [INFO]     第 4 页 20 条 (2025/07/16 15:10:46 → 2025/07/16 13:42:39)
2026-05-20 10:14:57,070 [INFO]     第 5 页 20 条 (2025/07/16 13:39:00 → 2025/07/16 10:27:33)
2026-05-20 10:14:57,905 [INFO]     第 6 页 20 条 (2025/07/16 10:27:11 → 2025/07/16 05:30:00)
2026-05-20 10:14:57,906 [INFO]   ✓ 2025-07-16 10:04:20  折算价=715.26
2026-05-20 10:14:59,326 [INFO] === 2025-07-17 ===
2026-05-20 10:14:59,398 [INFO]   #1 OCR=1uon
2026-05-20 10:14:59,519 [INFO]   #1 验证码/服务端错误
2026-05-20 10:14:59,592 [INFO]   #2 OCR=kkFu
2026-05-20 10:14:59,797 [INFO]     第 1 页 20 条 (2025/07/17 23:45:00 → 2025/07/17 18:24:06)  共 8 页
2026-05-20 10:14:59,931 [INFO]     第 2 页 20 条 (2025/07/17 18:20:42 → 2025/07/17 15:40:43)
2026-05-20 10:15:00,672 [INFO]     第 3 页 20 条 (2025/07/17 15:37:43 → 2025/07/17 14:41:24)
2026-05-20 10:15:01,219 [INFO]     第 4 页 20 条 (2025/07/17 14:40:03 → 2025/07/17 11:31:36)
2026-05-20 10:15:02,044 [INFO]     第 5 页 20 条 (2025/07/17 11:26:12 → 2025/07/17 10:10:12)
2026-05-20 10:15:02,568 [INFO]     第 6 页 20 条 (2025/07/17 10:10:08 → 2025/07/17 09:33:41)
2026-05-20 10:15:02,568 [INFO]   ✓ 2025-07-17 10:01:44  折算价=714.61
2026-05-20 10:15:03,873 [INFO] === 2025-07-18 ===
2026-05-20 10:15:03,961 [INFO]   #1 OCR=2xBt
2026-05-20 10:15:04,154 [INFO]     第 1 页 20 条 (2025/07/18 23:47:49 → 2025/07/18 17:00:22)  共 6 页
2026-05-20 10:15:04,340 [INFO]     第 2 页 20 条 (2025/07/18 16:55:18 → 2025/07/18 15:05:29)
2026-05-20 10:15:04,801 [INFO]     第 3 页 20 条 (2025/07/18 15:04:10 → 2025/07/18 12:04:51)
2026-05-20 10:15:05,295 [INFO]     第 4 页 20 条 (2025/07/18 11:36:33 → 2025/07/18 09:48:45)
2026-05-20 10:15:05,295 [INFO]   ✓ 2025-07-18 10:01:54  折算价=714.98
2026-05-20 10:15:06,791 [INFO] === 2025-07-19 ===
2026-05-20 10:15:06,865 [INFO]   #1 OCR=tcpq
2026-05-20 10:15:07,038 [INFO]     第 1 页 12 条 (2025/07/19 10:30:00 → 2025/07/19 00:00:05)  共 1 页
2026-05-20 10:15:07,038 [INFO]   ✓ 2025-07-19 10:30:00  折算价=714.98
2026-05-20 10:15:08,033 [INFO] === 2025-07-20 ===
2026-05-20 10:15:08,106 [INFO]   #1 OCR=ioxp
2026-05-20 10:15:08,247 [INFO]     第 1 页 6 条 (2025/07/20 10:30:00 → 2025/07/20 00:00:05)  共 1 页
2026-05-20 10:15:08,248 [INFO]   ✓ 2025-07-20 10:30:00  折算价=714.98
2026-05-20 10:15:08,249 [INFO] >>> 进度: 40/344 (11.6%) <<<
2026-05-20 10:15:09,439 [INFO] === 2025-07-21 ===
2026-05-20 10:15:09,514 [INFO]   #1 OCR=vvbb
2026-05-20 10:15:09,707 [INFO]     第 1 页 20 条 (2025/07/21 23:54:57 → 2025/07/21 17:07:05)  共 5 页
2026-05-20 10:15:09,845 [INFO]     第 2 页 20 条 (2025/07/21 16:57:22 → 2025/07/21 13:35:41)
2026-05-20 10:15:10,438 [INFO]     第 3 页 20 条 (2025/07/21 13:29:50 → 2025/07/21 10:03:48)
2026-05-20 10:15:11,351 [INFO]     第 4 页 20 条 (2025/07/21 09:52:46 → 2025/07/21 00:00:05)
2026-05-20 10:15:11,352 [INFO]   ✓ 2025-07-21 10:03:48  折算价=715.22
2026-05-20 10:15:12,780 [INFO] === 2025-07-22 ===
2026-05-20 10:15:12,852 [INFO]   #1 OCR=bwi
2026-05-20 10:15:12,924 [INFO]   #1 验证码/服务端错误
2026-05-20 10:15:12,994 [INFO]   #2 OCR=o9EA
2026-05-20 10:15:13,186 [INFO]     第 1 页 20 条 (2025/07/22 23:51:05 → 2025/07/22 18:25:06)  共 6 页
2026-05-20 10:15:13,318 [INFO]     第 2 页 20 条 (2025/07/22 18:02:22 → 2025/07/22 15:21:57)
2026-05-20 10:15:14,201 [INFO]     第 3 页 20 条 (2025/07/22 15:14:41 → 2025/07/22 11:11:47)
2026-05-20 10:15:14,723 [INFO]     第 4 页 20 条 (2025/07/22 11:05:43 → 2025/07/22 10:04:27)
2026-05-20 10:15:15,601 [INFO]     第 5 页 20 条 (2025/07/22 10:00:55 → 2025/07/22 08:44:55)
2026-05-20 10:15:15,601 [INFO]   ✓ 2025-07-22 10:00:55  折算价=714.6
2026-05-20 10:15:17,088 [INFO] === 2025-07-23 ===
2026-05-20 10:15:17,165 [INFO]   #1 OCR=oLp9
2026-05-20 10:15:17,364 [INFO]     第 1 页 20 条 (2025/07/23 23:56:34 → 2025/07/23 19:13:32)  共 9 页
2026-05-20 10:15:17,509 [INFO]     第 2 页 20 条 (2025/07/23 18:14:53 → 2025/07/23 16:04:39)
2026-05-20 10:15:18,442 [INFO]     第 3 页 20 条 (2025/07/23 16:03:52 → 2025/07/23 14:53:12)
2026-05-20 10:15:18,974 [INFO]     第 4 页 20 条 (2025/07/23 14:49:59 → 2025/07/23 13:36:35)
2026-05-20 10:15:19,422 [INFO]     第 5 页 20 条 (2025/07/23 13:07:13 → 2025/07/23 11:11:06)
2026-05-20 10:15:20,143 [INFO]     第 6 页 20 条 (2025/07/23 11:08:36 → 2025/07/23 10:14:52)
2026-05-20 10:15:20,826 [INFO]     第 7 页 20 条 (2025/07/23 10:11:50 → 2025/07/23 09:34:19)
2026-05-20 10:15:20,827 [INFO]   ✓ 2025-07-23 10:01:43  折算价=714.14
2026-05-20 10:15:21,890 [INFO] === 2025-07-24 ===
2026-05-20 10:15:21,968 [INFO]   #1 OCR=Lkbb
2026-05-20 10:15:22,174 [INFO]     第 1 页 20 条 (2025/07/24 23:38:56 → 2025/07/24 18:13:24)  共 8 页
2026-05-20 10:15:22,317 [INFO]     第 2 页 20 条 (2025/07/24 18:11:10 → 2025/07/24 16:21:00)
2026-05-20 10:15:22,921 [WARNING]     第3页第1次服务端错误提示, 等待重试
2026-05-20 10:15:24,567 [INFO]     第 3 页 20 条 (2025/07/24 16:15:22 → 2025/07/24 14:07:38)
2026-05-20 10:15:25,355 [INFO]     第 4 页 20 条 (2025/07/24 14:05:12 → 2025/07/24 10:30:00)
2026-05-20 10:15:30,912 [INFO]     第 5 页 20 条 (2025/07/24 10:30:00 → 2025/07/24 09:47:14)
2026-05-20 10:15:30,914 [INFO]   ✓ 2025-07-24 10:02:17  折算价=713.85
2026-05-20 10:15:32,168 [INFO] === 2025-07-25 ===
2026-05-20 10:15:32,241 [INFO]   #1 OCR=Gjv3
2026-05-20 10:15:32,443 [INFO]     第 1 页 20 条 (2025/07/25 23:44:26 → 2025/07/25 17:18:24)  共 7 页
2026-05-20 10:15:32,596 [INFO]     第 2 页 20 条 (2025/07/25 17:15:39 → 2025/07/25 15:51:58)
2026-05-20 10:15:33,427 [INFO]     第 3 页 20 条 (2025/07/25 15:43:19 → 2025/07/25 14:34:47)
2026-05-20 10:15:34,374 [INFO]     第 4 页 20 条 (2025/07/25 14:33:08 → 2025/07/25 11:53:48)
2026-05-20 10:15:34,871 [INFO]     第 5 页 20 条 (2025/07/25 11:32:33 → 2025/07/25 10:22:11)
2026-05-20 10:15:35,752 [INFO]     第 6 页 20 条 (2025/07/25 10:18:44 → 2025/07/25 09:30:45)
2026-05-20 10:15:35,753 [INFO]   ✓ 2025-07-25 10:00:19  折算价=714.19
2026-05-20 10:15:36,618 [INFO] === 2025-07-26 ===
2026-05-20 10:15:36,702 [INFO]   #1 OCR=cvsc
2026-05-20 10:15:36,816 [INFO]   #1 验证码/服务端错误
2026-05-20 10:15:36,896 [INFO]   #2 OCR=rj1b
2026-05-20 10:15:37,103 [INFO]     第 1 页 19 条 (2025/07/26 22:32:41 → 2025/07/26 00:00:05)  共 1 页
2026-05-20 10:15:37,104 [INFO]   ✓ 2025-07-26 10:30:00  折算价=714.19
2026-05-20 10:15:38,442 [INFO] === 2025-07-27 ===
2026-05-20 10:15:38,514 [INFO]   #1 OCR=ufq
2026-05-20 10:15:38,633 [INFO]   #1 验证码/服务端错误
2026-05-20 10:15:38,706 [INFO]   #2 OCR=smb
2026-05-20 10:15:38,825 [INFO]   #2 验证码/服务端错误
2026-05-20 10:15:38,898 [INFO]   #3 OCR=EygL
2026-05-20 10:15:39,074 [INFO]     第 1 页 8 条 (2025/07/27 13:42:20 → 2025/07/27 00:00:05)  共 1 页
2026-05-20 10:15:39,075 [INFO]   ✓ 2025-07-27 10:30:00  折算价=714.19
2026-05-20 10:15:40,002 [INFO] === 2025-07-28 ===
2026-05-20 10:15:40,080 [INFO]   #1 OCR=zdb
2026-05-20 10:15:40,196 [INFO]   #1 验证码/服务端错误
2026-05-20 10:15:40,266 [INFO]   #2 OCR=AbSk
2026-05-20 10:15:40,391 [INFO]   #2 验证码/服务端错误
2026-05-20 10:15:40,468 [INFO]   #3 OCR=c2xT
2026-05-20 10:15:40,677 [INFO]     第 1 页 20 条 (2025/07/28 23:41:36 → 2025/07/28 17:12:07)  共 5 页
2026-05-20 10:15:40,815 [INFO]     第 2 页 20 条 (2025/07/28 16:52:43 → 2025/07/28 15:29:59)
2026-05-20 10:15:41,191 [WARNING]     第3页第1次服务端错误提示, 等待重试
2026-05-20 10:15:42,838 [INFO]     第 3 页 20 条 (2025/07/28 15:09:05 → 2025/07/28 10:30:00)
2026-05-20 10:15:43,741 [INFO]     第 4 页 20 条 (2025/07/28 10:30:00 → 2025/07/28 09:31:04)
2026-05-20 10:15:43,742 [INFO]   ✓ 2025-07-28 10:04:03  折算价=714.67
2026-05-20 10:15:44,711 [INFO] === 2025-07-29 ===
2026-05-20 10:15:44,791 [INFO]   #1 OCR=oxB5
2026-05-20 10:15:45,004 [INFO]     第 1 页 20 条 (2025/07/29 23:55:31 → 2025/07/29 17:58:26)  共 7 页
2026-05-20 10:15:45,152 [INFO]     第 2 页 20 条 (2025/07/29 17:29:09 → 2025/07/29 15:19:07)
2026-05-20 10:15:45,633 [INFO]     第 3 页 20 条 (2025/07/29 15:16:55 → 2025/07/29 14:13:30)
2026-05-20 10:15:46,531 [INFO]     第 4 页 20 条 (2025/07/29 14:11:43 → 2025/07/29 10:51:55)
2026-05-20 10:15:47,037 [INFO]     第 5 页 20 条 (2025/07/29 10:50:43 → 2025/07/29 10:11:04)
2026-05-20 10:15:47,567 [WARNING]     第6页第1次服务端错误提示, 等待重试
2026-05-20 10:15:49,214 [INFO]     第 6 页 20 条 (2025/07/29 10:10:26 → 2025/07/29 08:07:06)
2026-05-20 10:15:49,215 [INFO]   ✓ 2025-07-29 10:01:07  折算价=715.11
2026-05-20 10:15:50,122 [INFO] === 2025-07-30 ===
2026-05-20 10:15:50,200 [INFO]   #1 OCR=6yko
2026-05-20 10:15:50,278 [INFO]   #1 验证码/服务端错误
2026-05-20 10:15:50,352 [INFO]   #2 OCR=Qh8L
2026-05-20 10:15:50,505 [INFO]     第 1 页 20 条 (2025/07/30 23:38:40 → 2025/07/30 18:17:50)  共 7 页
2026-05-20 10:15:50,580 [WARNING]     第2页第1次服务端错误提示, 等待重试
2026-05-20 10:15:52,219 [INFO]     第 2 页 20 条 (2025/07/30 18:00:12 → 2025/07/30 16:03:07)
2026-05-20 10:15:53,041 [INFO]     第 3 页 20 条 (2025/07/30 15:59:35 → 2025/07/30 14:09:23)
2026-05-20 10:15:53,576 [WARNING]     第4页第1次服务端错误提示, 等待重试
2026-05-20 10:15:55,146 [WARNING]     第4页第2次服务端错误提示, 等待重试
2026-05-20 10:15:58,314 [INFO]     第 4 页 20 条 (2025/07/30 14:06:38 → 2025/07/30 10:30:00)
2026-05-20 10:15:58,851 [INFO]     第 5 页 20 条 (2025/07/30 10:30:00 → 2025/07/30 09:32:42)
2026-05-20 10:15:58,851 [INFO]   ✓ 2025-07-30 10:04:04  折算价=714.41
2026-05-20 10:15:58,853 [INFO] >>> 进度: 50/344 (14.5%) <<<
2026-05-20 10:15:59,934 [INFO] === 2025-07-31 ===
2026-05-20 10:16:00,008 [INFO]   #1 OCR=YwRw
2026-05-20 10:16:00,130 [INFO]   #1 验证码/服务端错误
2026-05-20 10:16:00,205 [INFO]   #2 OCR=cey8
2026-05-20 10:16:00,401 [INFO]     第 1 页 20 条 (2025/07/31 23:26:19 → 2025/07/31 17:53:30)  共 7 页
2026-05-20 10:16:00,543 [INFO]     第 2 页 20 条 (2025/07/31 17:42:54 → 2025/07/31 15:33:50)
2026-05-20 10:16:01,492 [INFO]     第 3 页 20 条 (2025/07/31 15:26:46 → 2025/07/31 13:39:23)
2026-05-20 10:16:02,257 [INFO]     第 4 页 20 条 (2025/07/31 13:32:36 → 2025/07/31 10:27:23)
2026-05-20 10:16:02,912 [INFO]     第 5 页 20 条 (2025/07/31 10:20:58 → 2025/07/31 09:35:15)
2026-05-20 10:16:02,914 [INFO]   ✓ 2025-07-31 10:00:47  折算价=714.94
2026-05-20 10:16:03,780 [INFO] === 2025-08-01 ===
2026-05-20 10:16:03,863 [INFO]   #1 OCR=zbk
2026-05-20 10:16:03,938 [INFO]   #1 验证码/服务端错误
2026-05-20 10:16:04,010 [INFO]   #2 OCR=Bjne
2026-05-20 10:16:04,166 [INFO]     第 1 页 20 条 (2025/08/01 23:47:03 → 2025/08/01 20:39:09)  共 7 页
2026-05-20 10:16:04,322 [INFO]     第 2 页 20 条 (2025/08/01 20:38:57 → 2025/08/01 16:30:13)
2026-05-20 10:16:04,880 [INFO]     第 3 页 20 条 (2025/08/01 16:27:20 → 2025/08/01 14:31:42)
2026-05-20 10:16:05,804 [INFO]     第 4 页 20 条 (2025/08/01 14:22:27 → 2025/08/01 10:15:58)
2026-05-20 10:16:06,390 [INFO]     第 5 页 20 条 (2025/08/01 10:13:00 → 2025/08/01 09:42:37)
2026-05-20 10:16:06,390 [INFO]   ✓ 2025-08-01 10:01:38  折算价=714.96
2026-05-20 10:16:07,781 [INFO] === 2025-08-02 ===
2026-05-20 10:16:07,855 [INFO]   #1 OCR=ferr
2026-05-20 10:16:07,970 [INFO]   #1 验证码/服务端错误
2026-05-20 10:16:08,050 [INFO]   #2 OCR=Btvb
2026-05-20 10:16:08,248 [INFO]     第 1 页 13 条 (2025/08/02 10:30:00 → 2025/08/02 00:00:05)  共 1 页
2026-05-20 10:16:08,249 [INFO]   ✓ 2025-08-02 10:30:00  折算价=714.96
2026-05-20 10:16:09,246 [INFO] === 2025-08-03 ===
2026-05-20 10:16:09,319 [INFO]   #1 OCR=tf3g
2026-05-20 10:16:09,451 [INFO]     第 1 页 6 条 (2025/08/03 10:30:00 → 2025/08/03 00:00:05)  共 1 页
2026-05-20 10:16:09,451 [INFO]   ✓ 2025-08-03 10:30:00  折算价=714.96
2026-05-20 10:16:10,857 [INFO] === 2025-08-04 ===
2026-05-20 10:16:10,932 [INFO]   #1 OCR=jvtv
2026-05-20 10:16:11,004 [INFO]   #1 验证码/服务端错误
2026-05-20 10:16:11,075 [INFO]   #2 OCR=uFbi
2026-05-20 10:16:11,222 [INFO]     第 1 页 20 条 (2025/08/04 23:47:55 → 2025/08/04 18:07:20)  共 7 页
2026-05-20 10:16:11,381 [INFO]     第 2 页 20 条 (2025/08/04 18:02:24 → 2025/08/04 16:11:53)
2026-05-20 10:16:12,100 [INFO]     第 3 页 20 条 (2025/08/04 16:10:07 → 2025/08/04 14:33:48)
2026-05-20 10:16:12,911 [INFO]     第 4 页 20 条 (2025/08/04 14:24:45 → 2025/08/04 11:27:53)
2026-05-20 10:16:13,634 [INFO]     第 5 页 20 条 (2025/08/04 11:19:37 → 2025/08/04 10:30:00)
2026-05-20 10:16:14,123 [INFO]     第 6 页 20 条 (2025/08/04 10:30:00 → 2025/08/04 09:40:39)
2026-05-20 10:16:14,124 [INFO]   ✓ 2025-08-04 10:00:25  折算价=713.95
2026-05-20 10:16:14,964 [INFO] === 2025-08-05 ===
2026-05-20 10:16:15,035 [INFO]   #1 OCR=cFre
2026-05-20 10:16:15,156 [INFO]   #1 验证码/服务端错误
2026-05-20 10:16:15,230 [INFO]   #2 OCR=HDmj
2026-05-20 10:16:15,445 [INFO]     第 1 页 20 条 (2025/08/05 23:31:33 → 2025/08/05 16:16:41)  共 6 页
2026-05-20 10:16:15,584 [INFO]     第 2 页 20 条 (2025/08/05 16:13:32 → 2025/08/05 14:57:17)
2026-05-20 10:16:16,196 [INFO]     第 3 页 20 条 (2025/08/05 14:50:55 → 2025/08/05 13:35:46)
2026-05-20 10:16:17,093 [INFO]     第 4 页 20 条 (2025/08/05 13:33:47 → 2025/08/05 10:11:05)
2026-05-20 10:16:18,044 [INFO]     第 5 页 20 条 (2025/08/05 10:10:17 → 2025/08/05 09:36:20)
2026-05-20 10:16:18,045 [INFO]   ✓ 2025-08-05 10:02:18  折算价=713.66
2026-05-20 10:16:19,156 [INFO] === 2025-08-06 ===
2026-05-20 10:16:19,233 [INFO]   #1 OCR=acjh
2026-05-20 10:16:19,312 [INFO]   #1 验证码/服务端错误
2026-05-20 10:16:19,391 [INFO]   #2 OCR=aaxh
2026-05-20 10:16:19,535 [INFO]     第 1 页 20 条 (2025/08/06 23:45:27 → 2025/08/06 16:32:40)  共 5 页
2026-05-20 10:16:19,676 [INFO]     第 2 页 20 条 (2025/08/06 16:28:47 → 2025/08/06 11:16:00)
2026-05-20 10:16:20,357 [INFO]     第 3 页 20 条 (2025/08/06 11:06:51 → 2025/08/06 09:42:29)
2026-05-20 10:16:20,358 [INFO]   ✓ 2025-08-06 10:00:58  折算价=714.09
2026-05-20 10:16:21,618 [INFO] === 2025-08-07 ===
2026-05-20 10:16:21,696 [INFO]   #1 OCR=c9ak
2026-05-20 10:16:21,811 [INFO]   #1 验证码/服务端错误
2026-05-20 10:16:21,884 [INFO]   #2 OCR=L6ph
2026-05-20 10:16:22,079 [INFO]     第 1 页 20 条 (2025/08/07 23:58:56 → 2025/08/07 18:04:14)  共 6 页
2026-05-20 10:16:22,224 [INFO]     第 2 页 20 条 (2025/08/07 17:37:47 → 2025/08/07 16:04:19)
2026-05-20 10:16:23,072 [INFO]     第 3 页 20 条 (2025/08/07 15:58:52 → 2025/08/07 13:13:18)
2026-05-20 10:16:23,654 [INFO]     第 4 页 20 条 (2025/08/07 12:22:48 → 2025/08/07 10:15:17)
2026-05-20 10:16:24,463 [INFO]     第 5 页 20 条 (2025/08/07 10:12:29 → 2025/08/07 09:32:32)
2026-05-20 10:16:24,463 [INFO]   ✓ 2025-08-07 10:02:09  折算价=713.45
2026-05-20 10:16:25,609 [INFO] === 2025-08-08 ===
2026-05-20 10:16:25,687 [INFO]   #1 OCR=alw8
2026-05-20 10:16:25,833 [INFO]     第 1 页 20 条 (2025/08/08 23:24:02 → 2025/08/08 16:54:59)  共 5 页
2026-05-20 10:16:26,002 [INFO]     第 2 页 20 条 (2025/08/08 16:48:40 → 2025/08/08 14:07:32)
2026-05-20 10:16:26,731 [INFO]     第 3 页 20 条 (2025/08/08 14:02:21 → 2025/08/08 10:26:40)
2026-05-20 10:16:27,634 [INFO]     第 4 页 20 条 (2025/08/08 10:25:23 → 2025/08/08 09:31:37)
2026-05-20 10:16:27,636 [INFO]   ✓ 2025-08-08 10:05:54  折算价=713.82
2026-05-20 10:16:28,956 [INFO] === 2025-08-09 ===
2026-05-20 10:16:29,041 [INFO]   #1 OCR=umcw
2026-05-20 10:16:29,227 [INFO]     第 1 页 12 条 (2025/08/09 10:30:00 → 2025/08/09 00:00:05)  共 1 页
2026-05-20 10:16:29,228 [INFO]   ✓ 2025-08-09 10:30:00  折算价=713.82
2026-05-20 10:16:29,230 [INFO] >>> 进度: 60/344 (17.4%) <<<
2026-05-20 10:16:30,374 [INFO] === 2025-08-10 ===
2026-05-20 10:16:31,238 [INFO]   #1 OCR=wbae
2026-05-20 10:16:31,611 [INFO]     第 1 页 6 条 (2025/08/10 10:30:00 → 2025/08/10 00:00:05)  共 1 页
2026-05-20 10:16:31,612 [INFO]   ✓ 2025-08-10 10:30:00  折算价=713.82
2026-05-20 10:16:32,639 [INFO] === 2025-08-11 ===
2026-05-20 10:16:32,718 [INFO]   #1 OCR=ox6h
2026-05-20 10:16:32,866 [INFO]     第 1 页 20 条 (2025/08/11 23:30:42 → 2025/08/11 17:20:16)  共 5 页
2026-05-20 10:16:33,005 [INFO]     第 2 页 20 条 (2025/08/11 17:16:17 → 2025/08/11 15:01:58)
2026-05-20 10:16:33,652 [WARNING]     第3页第1次服务端错误提示, 等待重试
2026-05-20 10:16:35,220 [WARNING]     第3页第2次服务端错误提示, 等待重试
2026-05-20 10:16:38,361 [INFO]     第 3 页 20 条 (2025/08/11 14:59:36 → 2025/08/11 11:23:27)
2026-05-20 10:16:39,047 [INFO]     第 4 页 20 条 (2025/08/11 11:22:45 → 2025/08/11 09:38:49)
2026-05-20 10:16:39,048 [INFO]   ✓ 2025-08-11 10:00:51  折算价=714.05
2026-05-20 10:16:40,221 [INFO] === 2025-08-12 ===
2026-05-20 10:16:40,297 [INFO]   #1 OCR=ezzq
2026-05-20 10:16:40,518 [INFO]     第 1 页 20 条 (2025/08/12 23:53:13 → 2025/08/12 20:50:13)  共 7 页
2026-05-20 10:16:41,295 [INFO]     第 2 页 20 条 (2025/08/12 20:40:53 → 2025/08/12 16:28:37)
2026-05-20 10:16:42,037 [WARNING]     第3页第1次服务端错误提示, 等待重试
2026-05-20 10:16:43,829 [INFO]     第 3 页 20 条 (2025/08/12 16:20:51 → 2025/08/12 14:14:40)
2026-05-20 10:16:44,412 [INFO]     第 4 页 20 条 (2025/08/12 14:13:12 → 2025/08/12 12:45:42)
2026-05-20 10:16:45,026 [INFO]     第 5 页 20 条 (2025/08/12 12:06:14 → 2025/08/12 10:10:19)
2026-05-20 10:16:45,584 [INFO]     第 6 页 20 条 (2025/08/12 09:57:54 → 2025/08/12 02:00:17)
2026-05-20 10:16:45,585 [INFO]   ✓ 2025-08-12 10:10:19  折算价=714.18
2026-05-20 10:16:47,048 [INFO] === 2025-08-13 ===
2026-05-20 10:16:47,124 [INFO]   #1 OCR=vuvd
2026-05-20 10:16:47,261 [INFO]   #1 验证码/服务端错误
2026-05-20 10:16:47,331 [INFO]   #2 OCR=oPFT
2026-05-20 10:16:47,473 [INFO]   #2 验证码/服务端错误
2026-05-20 10:16:47,548 [INFO]   #3 OCR=Ruw
2026-05-20 10:16:47,689 [INFO]   #3 验证码/服务端错误
2026-05-20 10:16:47,762 [INFO]   #4 OCR=iyzF
2026-05-20 10:16:47,898 [INFO]   #4 验证码/服务端错误
2026-05-20 10:16:47,969 [INFO]   #5 OCR=tnpJ
2026-05-20 10:16:48,205 [INFO]     第 1 页 20 条 (2025/08/13 23:06:12 → 2025/08/13 16:37:34)  共 5 页
2026-05-20 10:16:48,390 [INFO]     第 2 页 20 条 (2025/08/13 16:34:27 → 2025/08/13 14:43:06)
2026-05-20 10:16:49,183 [INFO]     第 3 页 20 条 (2025/08/13 14:42:00 → 2025/08/13 10:46:08)
2026-05-20 10:16:49,998 [INFO]     第 4 页 20 条 (2025/08/13 10:39:32 → 2025/08/13 09:32:13)
2026-05-20 10:16:49,999 [INFO]   ✓ 2025-08-13 10:01:19  折算价=713.5
2026-05-20 10:16:51,453 [INFO] === 2025-08-14 ===
2026-05-20 10:16:51,527 [INFO]   #1 OCR=c3ru
2026-05-20 10:16:51,671 [INFO]     第 1 页 20 条 (2025/08/14 23:40:17 → 2025/08/14 17:56:13)  共 7 页
2026-05-20 10:16:51,816 [INFO]     第 2 页 20 条 (2025/08/14 17:44:05 → 2025/08/14 15:02:07)
2026-05-20 10:16:52,351 [WARNING]     第3页第1次服务端错误提示, 等待重试
2026-05-20 10:16:53,996 [INFO]     第 3 页 20 条 (2025/08/14 14:53:35 → 2025/08/14 11:31:26)
2026-05-20 10:16:54,491 [INFO]     第 4 页 20 条 (2025/08/14 11:25:52 → 2025/08/14 10:13:50)
2026-05-20 10:16:55,324 [INFO]     第 5 页 20 条 (2025/08/14 10:10:31 → 2025/08/14 09:46:01)
2026-05-20 10:16:55,325 [INFO]   ✓ 2025-08-14 10:00:04  折算价=713.37
2026-05-20 10:16:56,272 [INFO] === 2025-08-15 ===
2026-05-20 10:16:56,348 [INFO]   #1 OCR=7mb3
2026-05-20 10:16:56,417 [INFO]   #1 验证码/服务端错误
2026-05-20 10:16:56,489 [INFO]   #2 OCR=wzgj
2026-05-20 10:16:56,626 [INFO]     第 1 页 20 条 (2025/08/15 00:00:01 → 2025/08/15 17:24:22)  共 6 页
2026-05-20 10:16:56,773 [INFO]     第 2 页 20 条 (2025/08/15 17:19:58 → 2025/08/15 15:51:02)
2026-05-20 10:16:57,620 [INFO]     第 3 页 20 条 (2025/08/15 15:42:22 → 2025/08/15 14:06:16)
2026-05-20 10:16:58,383 [INFO]     第 4 页 20 条 (2025/08/15 13:54:49 → 2025/08/15 10:48:09)
2026-05-20 10:16:59,064 [INFO]     第 5 页 20 条 (2025/08/15 10:40:03 → 2025/08/15 09:31:54)
2026-05-20 10:16:59,065 [INFO]   ✓ 2025-08-15 10:00:53  折算价=713.71
2026-05-20 10:17:00,090 [INFO] === 2025-08-16 ===
2026-05-20 10:17:00,163 [INFO]   #1 OCR=FhPb
2026-05-20 10:17:00,305 [INFO]     第 1 页 13 条 (2025/08/16 10:30:00 → 2025/08/16 00:00:05)  共 1 页
2026-05-20 10:17:00,305 [INFO]   ✓ 2025-08-16 10:30:00  折算价=713.71
2026-05-20 10:17:01,650 [INFO] === 2025-08-17 ===
2026-05-20 10:17:01,727 [INFO]   #1 OCR=mdoy
2026-05-20 10:17:01,863 [INFO]     第 1 页 6 条 (2025/08/17 10:30:00 → 2025/08/17 00:00:05)  共 1 页
2026-05-20 10:17:01,863 [INFO]   ✓ 2025-08-17 10:30:00  折算价=713.71
2026-05-20 10:17:02,749 [INFO] === 2025-08-18 ===
2026-05-20 10:17:02,820 [INFO]   #1 OCR=zlqk
2026-05-20 10:17:03,000 [INFO]     第 1 页 20 条 (2025/08/18 23:46:13 → 2025/08/18 17:08:09)  共 5 页
2026-05-20 10:17:03,140 [INFO]     第 2 页 20 条 (2025/08/18 16:59:40 → 2025/08/18 15:16:55)
2026-05-20 10:17:03,745 [INFO]     第 3 页 20 条 (2025/08/18 15:14:49 → 2025/08/18 11:40:20)
2026-05-20 10:17:04,287 [INFO]     第 4 页 20 条 (2025/08/18 11:36:23 → 2025/08/18 09:45:41)
2026-05-20 10:17:04,288 [INFO]   ✓ 2025-08-18 10:05:12  折算价=713.22
2026-05-20 10:17:05,149 [INFO] === 2025-08-19 ===
2026-05-20 10:17:05,223 [INFO]   #1 OCR=BdDI
2026-05-20 10:17:05,362 [INFO]     第 1 页 20 条 (2025/08/19 23:39:21 → 2025/08/19 15:44:24)  共 5 页
2026-05-20 10:17:05,504 [INFO]     第 2 页 20 条 (2025/08/19 15:35:21 → 2025/08/19 11:46:06)
2026-05-20 10:17:06,275 [INFO]     第 3 页 20 条 (2025/08/19 11:28:31 → 2025/08/19 10:10:01)
2026-05-20 10:17:07,101 [INFO]     第 4 页 20 条 (2025/08/19 10:08:44 → 2025/08/19 06:40:26)
2026-05-20 10:17:07,102 [INFO]   ✓ 2025-08-19 10:04:13  折算价=713.59
2026-05-20 10:17:07,104 [INFO] >>> 进度: 70/344 (20.3%) <<<
2026-05-20 10:17:08,204 [INFO] === 2025-08-20 ===
2026-05-20 10:17:08,281 [INFO]   #1 OCR=env1
2026-05-20 10:17:08,351 [INFO]   #1 验证码/服务端错误
2026-05-20 10:17:08,424 [INFO]   #2 OCR=bMw
2026-05-20 10:17:08,491 [INFO]   #2 验证码/服务端错误
2026-05-20 10:17:08,563 [INFO]   #3 OCR=xBQx
2026-05-20 10:17:08,701 [INFO]     第 1 页 20 条 (2025/08/20 23:51:40 → 2025/08/20 17:26:23)  共 7 页
2026-05-20 10:17:08,886 [INFO]     第 2 页 20 条 (2025/08/20 17:18:26 → 2025/08/20 15:44:16)
2026-05-20 10:17:09,432 [INFO]     第 3 页 20 条 (2025/08/20 15:37:10 → 2025/08/20 14:44:34)
2026-05-20 10:17:09,907 [INFO]     第 4 页 20 条 (2025/08/20 14:41:37 → 2025/08/20 11:39:37)
2026-05-20 10:17:10,824 [INFO]     第 5 页 20 条 (2025/08/20 11:31:11 → 2025/08/20 10:16:05)
2026-05-20 10:17:11,708 [INFO]     第 6 页 20 条 (2025/08/20 10:15:53 → 2025/08/20 09:18:39)
2026-05-20 10:17:11,709 [INFO]   ✓ 2025-08-20 10:00:24  折算价=713.84
2026-05-20 10:17:12,737 [INFO] === 2025-08-21 ===
2026-05-20 10:17:12,812 [INFO]   #1 OCR=53jy
2026-05-20 10:17:12,879 [INFO]   #1 验证码/服务端错误
2026-05-20 10:17:12,953 [INFO]   #2 OCR=me5y
2026-05-20 10:17:13,101 [INFO]     第 1 页 20 条 (2025/08/21 23:53:46 → 2025/08/21 17:40:46)  共 6 页
2026-05-20 10:17:13,237 [INFO]     第 2 页 20 条 (2025/08/21 17:39:04 → 2025/08/21 15:15:26)
2026-05-20 10:17:13,926 [INFO]     第 3 页 20 条 (2025/08/21 15:10:35 → 2025/08/21 11:15:09)
2026-05-20 10:17:14,405 [INFO]     第 4 页 20 条 (2025/08/21 11:10:44 → 2025/08/21 10:04:41)
2026-05-20 10:17:14,997 [INFO]     第 5 页 20 条 (2025/08/21 09:57:56 → 2025/08/21 09:30:41)
2026-05-20 10:17:14,997 [INFO]   ✓ 2025-08-21 10:04:41  折算价=712.87
2026-05-20 10:17:16,218 [INFO] === 2025-08-22 ===
2026-05-20 10:17:16,297 [INFO]   #1 OCR=qoPr
2026-05-20 10:17:16,364 [INFO]   #1 验证码/服务端错误
2026-05-20 10:17:16,444 [INFO]   #2 OCR=t8yp
2026-05-20 10:17:16,510 [INFO]   #2 验证码/服务端错误
2026-05-20 10:17:16,589 [INFO]   #3 OCR=Fr4H
2026-05-20 10:17:16,729 [INFO]     第 1 页 20 条 (2025/08/22 23:53:17 → 2025/08/22 18:01:09)  共 8 页
2026-05-20 10:17:16,869 [INFO]     第 2 页 20 条 (2025/08/22 17:43:28 → 2025/08/22 16:41:25)
2026-05-20 10:17:17,738 [INFO]     第 3 页 20 条 (2025/08/22 16:37:32 → 2025/08/22 15:28:22)
2026-05-20 10:17:18,256 [INFO]     第 4 页 20 条 (2025/08/22 15:25:30 → 2025/08/22 14:28:53)
2026-05-20 10:17:19,086 [INFO]     第 5 页 20 条 (2025/08/22 14:25:42 → 2025/08/22 11:26:21)
2026-05-20 10:17:19,547 [INFO]     第 6 页 20 条 (2025/08/22 11:25:08 → 2025/08/22 10:10:29)
2026-05-20 10:17:19,999 [INFO]     第 7 页 20 条 (2025/08/22 10:10:19 → 2025/08/22 06:50:29)
2026-05-20 10:17:20,000 [INFO]   ✓ 2025-08-22 10:02:57  折算价=713.21
2026-05-20 10:17:21,209 [INFO] === 2025-08-23 ===
2026-05-20 10:17:23,073 [INFO]   #1 OCR=erkx
2026-05-20 10:17:23,317 [INFO]     第 1 页 15 条 (2025/08/23 10:30:00 → 2025/08/23 00:00:05)  共 1 页
2026-05-20 10:17:23,318 [INFO]   ✓ 2025-08-23 10:30:00  折算价=713.21
2026-05-20 10:17:24,586 [INFO] === 2025-08-24 ===
2026-05-20 10:17:24,661 [INFO]   #1 OCR=iEny
2026-05-20 10:17:24,725 [INFO]   #1 验证码/服务端错误
2026-05-20 10:17:24,793 [INFO]   #2 OCR=Ibw
2026-05-20 10:17:24,856 [INFO]   #2 验证码/服务端错误
2026-05-20 10:17:24,926 [INFO]   #3 OCR=xuwy
2026-05-20 10:17:25,067 [INFO]     第 1 页 6 条 (2025/08/24 10:30:00 → 2025/08/24 00:00:05)  共 1 页
2026-05-20 10:17:25,067 [INFO]   ✓ 2025-08-24 10:30:00  折算价=713.21
2026-05-20 10:17:26,164 [INFO] === 2025-08-25 ===
2026-05-20 10:17:26,299 [INFO]   #1 OCR=uy5g
2026-05-20 10:17:26,492 [INFO]     第 1 页 20 条 (2025/08/25 23:46:49 → 2025/08/25 17:07:33)  共 7 页
2026-05-20 10:17:26,627 [INFO]     第 2 页 20 条 (2025/08/25 17:04:13 → 2025/08/25 15:42:47)
2026-05-20 10:17:27,488 [INFO]     第 3 页 20 条 (2025/08/25 15:41:28 → 2025/08/25 14:54:09)
2026-05-20 10:17:28,203 [INFO]     第 4 页 20 条 (2025/08/25 14:51:33 → 2025/08/25 14:02:04)
2026-05-20 10:17:28,809 [INFO]     第 5 页 20 条 (2025/08/25 14:01:30 → 2025/08/25 10:48:08)
2026-05-20 10:17:29,444 [INFO]     第 6 页 20 条 (2025/08/25 10:42:06 → 2025/08/25 09:47:51)
2026-05-20 10:17:29,446 [INFO]   ✓ 2025-08-25 10:00:51  折算价=711.61
2026-05-20 10:17:30,271 [INFO] === 2025-08-26 ===
2026-05-20 10:17:30,354 [INFO]   #1 OCR=uvwo
2026-05-20 10:17:30,418 [INFO]   #1 验证码/服务端错误
2026-05-20 10:17:30,496 [INFO]   #2 OCR=scc6
2026-05-20 10:17:30,559 [INFO]   #2 验证码/服务端错误
2026-05-20 10:17:30,634 [INFO]   #3 OCR=i3cy
2026-05-20 10:17:30,776 [INFO]     第 1 页 20 条 (2025/08/26 23:29:00 → 2025/08/26 17:15:26)  共 7 页
2026-05-20 10:17:30,929 [INFO]     第 2 页 20 条 (2025/08/26 17:08:07 → 2025/08/26 15:23:05)
2026-05-20 10:17:31,375 [INFO]     第 3 页 20 条 (2025/08/26 15:19:40 → 2025/08/26 13:48:36)
2026-05-20 10:17:32,128 [INFO]     第 4 页 20 条 (2025/08/26 13:41:23 → 2025/08/26 10:40:41)
2026-05-20 10:17:33,026 [INFO]     第 5 页 20 条 (2025/08/26 10:34:55 → 2025/08/26 09:44:33)
2026-05-20 10:17:33,026 [INFO]   ✓ 2025-08-26 10:02:19  折算价=711.88
2026-05-20 10:17:34,235 [INFO] === 2025-08-27 ===
2026-05-20 10:17:34,304 [INFO]   #1 OCR=Gba
2026-05-20 10:17:34,371 [INFO]   #1 验证码/服务端错误
2026-05-20 10:17:34,440 [INFO]   #2 OCR=v1Lt
2026-05-20 10:17:34,584 [INFO]     第 1 页 20 条 (2025/08/27 23:19:18 → 2025/08/27 16:35:01)  共 7 页
2026-05-20 10:17:34,721 [INFO]     第 2 页 20 条 (2025/08/27 16:20:14 → 2025/08/27 14:50:57)
2026-05-20 10:17:35,630 [INFO]     第 3 页 20 条 (2025/08/27 14:48:30 → 2025/08/27 12:46:07)
2026-05-20 10:17:36,122 [INFO]     第 4 页 20 条 (2025/08/27 12:28:11 → 2025/08/27 10:30:00)
2026-05-20 10:17:36,618 [INFO]     第 5 页 20 条 (2025/08/27 10:26:55 → 2025/08/27 09:52:45)
2026-05-20 10:17:36,619 [INFO]   ✓ 2025-08-27 10:00:13  折算价=711.08
2026-05-20 10:17:37,916 [INFO] === 2025-08-28 ===
2026-05-20 10:17:37,983 [INFO]   #1 OCR=sxx3
2026-05-20 10:17:38,251 [INFO]     第 1 页 20 条 (2025/08/28 23:04:09 → 2025/08/28 17:02:01)  共 8 页
2026-05-20 10:17:38,384 [INFO]     第 2 页 20 条 (2025/08/28 16:56:24 → 2025/08/28 15:32:55)
2026-05-20 10:17:39,328 [INFO]     第 3 页 20 条 (2025/08/28 15:30:29 → 2025/08/28 14:58:52)
2026-05-20 10:17:40,233 [INFO]     第 4 页 20 条 (2025/08/28 14:58:37 → 2025/08/28 13:46:27)
2026-05-20 10:17:41,050 [WARNING]     第5页第1次服务端错误提示, 等待重试
2026-05-20 10:17:42,689 [INFO]     第 5 页 20 条 (2025/08/28 13:40:34 → 2025/08/28 11:08:17)
2026-05-20 10:17:43,436 [INFO]     第 6 页 20 条 (2025/08/28 11:00:58 → 2025/08/28 09:58:37)
2026-05-20 10:17:43,437 [INFO]   ✓ 2025-08-28 10:04:42  折算价=710.63
2026-05-20 10:17:44,668 [INFO] === 2025-08-29 ===
2026-05-20 10:17:44,738 [INFO]   #1 OCR=vw6z
2026-05-20 10:17:44,800 [INFO]   #1 验证码/服务端错误
2026-05-20 10:17:44,867 [INFO]   #2 OCR=uzfs
2026-05-20 10:17:45,000 [INFO]     第 1 页 20 条 (2025/08/29 23:37:45 → 2025/08/29 17:16:34)  共 8 页
2026-05-20 10:17:45,066 [WARNING]     第2页第1次服务端错误提示, 等待重试
2026-05-20 10:17:46,632 [WARNING]     第2页第2次服务端错误提示, 等待重试
2026-05-20 10:17:49,786 [INFO]     第 2 页 20 条 (2025/08/29 17:14:29 → 2025/08/29 15:22:00)
2026-05-20 10:17:50,230 [WARNING]     第3页第1次服务端错误提示, 等待重试
2026-05-20 10:17:51,795 [WARNING]     第3页第2次服务端错误提示, 等待重试
2026-05-20 10:17:54,861 [WARNING]     第3页第3次服务端错误提示, 等待重试
2026-05-20 10:17:59,362 [WARNING]   第3页重试全部失败 → 重取验证码重启
2026-05-20 10:17:59,459 [INFO]   #3 OCR=knym
2026-05-20 10:17:59,575 [INFO]   #3 验证码/服务端错误
2026-05-20 10:17:59,734 [INFO]   #4 OCR=fIa6
2026-05-20 10:17:59,897 [INFO]     第 1 页 20 条 (2025/08/29 23:37:45 → 2025/08/29 17:16:34)  共 8 页
2026-05-20 10:17:59,960 [WARNING]     第2页第1次服务端错误提示, 等待重试
2026-05-20 10:18:01,635 [WARNING]     第2页第2次服务端错误提示, 等待重试
2026-05-20 10:18:04,879 [INFO]     第 2 页 20 条 (2025/08/29 17:14:29 → 2025/08/29 15:22:00)
2026-05-20 10:18:05,477 [INFO]     第 3 页 20 条 (2025/08/29 15:16:44 → 2025/08/29 14:28:08)
2026-05-20 10:18:06,503 [INFO]     第 4 页 20 条 (2025/08/29 14:14:14 → 2025/08/29 10:58:11)
2026-05-20 10:18:07,249 [INFO]     第 5 页 20 条 (2025/08/29 10:56:55 → 2025/08/29 10:04:20)
2026-05-20 10:18:08,003 [INFO]     第 6 页 20 条 (2025/08/29 10:04:06 → 2025/08/29 09:35:48)
2026-05-20 10:18:08,003 [INFO]   ✓ 2025-08-29 10:00:19  折算价=710.3
2026-05-20 10:18:08,005 [INFO] >>> 进度: 80/344 (23.3%) <<<
2026-05-20 10:18:08,912 [INFO] === 2025-08-30 ===
2026-05-20 10:18:08,985 [INFO]   #1 OCR=oiDp
2026-05-20 10:18:09,049 [INFO]   #1 验证码/服务端错误
2026-05-20 10:18:09,120 [INFO]   #2 OCR=e6qu
2026-05-20 10:18:09,251 [INFO]     第 1 页 14 条 (2025/08/30 10:30:00 → 2025/08/30 00:00:05)  共 1 页
2026-05-20 10:18:09,251 [INFO]   ✓ 2025-08-30 10:30:00  折算价=710.3
2026-05-20 10:18:10,147 [INFO] === 2025-08-31 ===
2026-05-20 10:18:10,218 [INFO]   #1 OCR=xktk
2026-05-20 10:18:10,354 [INFO]     第 1 页 6 条 (2025/08/31 10:30:00 → 2025/08/31 00:00:05)  共 1 页
2026-05-20 10:18:10,354 [INFO]   ✓ 2025-08-31 10:30:00  折算价=710.3
2026-05-20 10:18:11,793 [INFO] === 2025-09-01 ===
2026-05-20 10:18:11,862 [INFO]   #1 OCR=xvon
2026-05-20 10:18:12,006 [INFO]     第 1 页 20 条 (2025/09/01 23:21:46 → 2025/09/01 16:25:57)  共 6 页
2026-05-20 10:18:12,144 [INFO]     第 2 页 20 条 (2025/09/01 16:19:10 → 2025/09/01 14:52:17)
2026-05-20 10:18:13,054 [INFO]     第 3 页 20 条 (2025/09/01 14:43:13 → 2025/09/01 10:55:17)
2026-05-20 10:18:13,803 [INFO]     第 4 页 20 条 (2025/09/01 10:52:44 → 2025/09/01 09:52:40)
2026-05-20 10:18:13,804 [INFO]   ✓ 2025-09-01 10:04:13  折算价=710.72
2026-05-20 10:18:14,765 [INFO] === 2025-09-02 ===
2026-05-20 10:18:14,835 [INFO]   #1 OCR=kgNq
2026-05-20 10:18:14,972 [INFO]     第 1 页 20 条 (2025/09/02 23:51:42 → 2025/09/02 20:57:58)  共 8 页
2026-05-20 10:18:15,112 [INFO]     第 2 页 20 条 (2025/09/02 20:44:28 → 2025/09/02 17:51:21)
2026-05-20 10:18:15,610 [INFO]     第 3 页 20 条 (2025/09/02 17:27:25 → 2025/09/02 15:59:07)
2026-05-20 10:18:16,302 [INFO]     第 4 页 20 条 (2025/09/02 15:58:18 → 2025/09/02 15:14:27)
2026-05-20 10:18:16,771 [INFO]     第 5 页 20 条 (2025/09/02 15:13:44 → 2025/09/02 11:56:38)
2026-05-20 10:18:17,362 [INFO]     第 6 页 20 条 (2025/09/02 11:42:27 → 2025/09/02 10:30:00)
2026-05-20 10:18:18,293 [INFO]     第 7 页 20 条 (2025/09/02 10:30:00 → 2025/09/02 09:45:57)
2026-05-20 10:18:18,294 [INFO]   ✓ 2025-09-02 10:00:13  折算价=710.89
2026-05-20 10:18:19,326 [INFO] === 2025-09-03 ===
2026-05-20 10:18:19,474 [INFO]   #1 OCR=gcko
2026-05-20 10:18:19,678 [INFO]     第 1 页 20 条 (2025/09/03 23:35:27 → 2025/09/03 18:18:37)  共 8 页
2026-05-20 10:18:19,886 [INFO]     第 2 页 20 条 (2025/09/03 18:04:56 → 2025/09/03 16:03:11)
2026-05-20 10:18:20,431 [INFO]     第 3 页 20 条 (2025/09/03 16:00:04 → 2025/09/03 14:50:19)
2026-05-20 10:18:21,043 [INFO]     第 4 页 20 条 (2025/09/03 14:47:45 → 2025/09/03 11:12:09)
2026-05-20 10:18:21,884 [INFO]     第 5 页 20 条 (2025/09/03 11:11:46 → 2025/09/03 10:18:51)
2026-05-20 10:18:22,761 [INFO]     第 6 页 20 条 (2025/09/03 10:17:14 → 2025/09/03 09:32:49)
2026-05-20 10:18:22,762 [INFO]   ✓ 2025-09-03 10:06:12  折算价=711.08
2026-05-20 10:18:23,729 [INFO] === 2025-09-04 ===
2026-05-20 10:18:23,800 [INFO]   #1 OCR=k7ts
2026-05-20 10:18:24,115 [INFO]     第 1 页 20 条 (2025/09/04 23:35:57 → 2025/09/04 17:22:49)  共 7 页
2026-05-20 10:18:24,321 [INFO]     第 2 页 20 条 (2025/09/04 17:21:10 → 2025/09/04 15:36:42)
2026-05-20 10:18:25,348 [INFO]     第 3 页 20 条 (2025/09/04 15:32:07 → 2025/09/04 14:34:50)
2026-05-20 10:18:26,197 [INFO]     第 4 页 20 条 (2025/09/04 14:30:51 → 2025/09/04 10:46:23)
2026-05-20 10:18:26,841 [INFO]     第 5 页 20 条 (2025/09/04 10:45:09 → 2025/09/04 09:45:28)
2026-05-20 10:18:26,842 [INFO]   ✓ 2025-09-04 10:05:03  折算价=710.52
2026-05-20 10:18:28,066 [INFO] === 2025-09-05 ===
2026-05-20 10:18:28,151 [INFO]   #1 OCR=iPEu
2026-05-20 10:18:28,286 [INFO]     第 1 页 20 条 (2025/09/05 23:46:55 → 2025/09/05 16:51:57)  共 5 页
2026-05-20 10:18:28,431 [INFO]     第 2 页 20 条 (2025/09/05 16:37:05 → 2025/09/05 14:21:07)
2026-05-20 10:18:29,039 [INFO]     第 3 页 20 条 (2025/09/05 14:11:40 → 2025/09/05 10:30:00)
2026-05-20 10:18:29,731 [INFO]     第 4 页 20 条 (2025/09/05 10:24:05 → 2025/09/05 09:47:43)
2026-05-20 10:18:29,734 [INFO]   ✓ 2025-09-05 10:01:00  折算价=710.64
2026-05-20 10:18:31,029 [INFO] === 2025-09-06 ===
2026-05-20 10:18:31,112 [INFO]   #1 OCR=lger
2026-05-20 10:18:31,250 [INFO]     第 1 页 14 条 (2025/09/06 10:30:00 → 2025/09/06 00:00:05)  共 1 页
2026-05-20 10:18:31,251 [INFO]   ✓ 2025-09-06 10:30:00  折算价=710.64
2026-05-20 10:18:32,195 [INFO] === 2025-09-07 ===
2026-05-20 10:18:32,269 [INFO]   #1 OCR=ucIo
2026-05-20 10:18:32,393 [INFO]     第 1 页 6 条 (2025/09/07 10:30:00 → 2025/09/07 00:00:05)  共 1 页
2026-05-20 10:18:32,393 [INFO]   ✓ 2025-09-07 10:30:00  折算价=710.64
2026-05-20 10:18:33,514 [INFO] === 2025-09-08 ===
2026-05-20 10:18:33,587 [INFO]   #1 OCR=vz49
2026-05-20 10:18:33,729 [INFO]   #1 验证码/服务端错误
2026-05-20 10:18:33,802 [INFO]   #2 OCR=z4ij
2026-05-20 10:18:33,953 [INFO]   #2 验证码/服务端错误
2026-05-20 10:18:34,045 [INFO]   #3 OCR=evn
2026-05-20 10:18:34,211 [INFO]   #3 验证码/服务端错误
2026-05-20 10:18:34,292 [INFO]   #4 OCR=9pD7
2026-05-20 10:18:34,497 [INFO]     第 1 页 20 条 (2025/09/08 23:19:53 → 2025/09/08 17:30:10)  共 9 页
2026-05-20 10:18:34,659 [INFO]     第 2 页 20 条 (2025/09/08 17:24:01 → 2025/09/08 16:03:30)
2026-05-20 10:18:35,157 [INFO]     第 3 页 20 条 (2025/09/08 16:01:17 → 2025/09/08 14:53:03)
2026-05-20 10:18:36,034 [INFO]     第 4 页 20 条 (2025/09/08 14:51:14 → 2025/09/08 14:03:29)
2026-05-20 10:18:36,513 [INFO]     第 5 页 20 条 (2025/09/08 13:59:05 → 2025/09/08 11:07:39)
2026-05-20 10:18:37,201 [INFO]     第 6 页 20 条 (2025/09/08 11:05:19 → 2025/09/08 10:15:04)
2026-05-20 10:18:37,703 [INFO]     第 7 页 20 条 (2025/09/08 10:13:54 → 2025/09/08 09:50:04)
2026-05-20 10:18:37,704 [INFO]   ✓ 2025-09-08 10:00:25  折算价=710.29
2026-05-20 10:18:37,706 [INFO] >>> 进度: 90/344 (26.2%) <<<
2026-05-20 10:18:38,889 [INFO] === 2025-09-09 ===
2026-05-20 10:18:38,959 [INFO]   #1 OCR=Jgym
2026-05-20 10:18:39,110 [INFO]     第 1 页 20 条 (2025/09/09 23:40:33 → 2025/09/09 17:14:23)  共 10 页
2026-05-20 10:18:39,246 [INFO]     第 2 页 20 条 (2025/09/09 17:12:09 → 2025/09/09 16:27:52)
2026-05-20 10:18:39,945 [INFO]     第 3 页 20 条 (2025/09/09 16:24:13 → 2025/09/09 15:44:27)
2026-05-20 10:18:40,823 [INFO]     第 4 页 20 条 (2025/09/09 15:42:36 → 2025/09/09 15:15:45)
2026-05-20 10:18:41,271 [INFO]     第 5 页 20 条 (2025/09/09 15:15:18 → 2025/09/09 14:32:46)
2026-05-20 10:18:41,720 [INFO]     第 6 页 20 条 (2025/09/09 14:28:30 → 2025/09/09 11:35:12)
2026-05-20 10:18:42,240 [INFO]     第 7 页 20 条 (2025/09/09 11:27:41 → 2025/09/09 10:17:16)
2026-05-20 10:18:44,091 [INFO]     第 8 页 20 条 (2025/09/09 10:14:55 → 2025/09/09 09:34:48)
2026-05-20 10:18:44,092 [INFO]   ✓ 2025-09-09 10:01:34  折算价=710.08
2026-05-20 10:18:45,102 [INFO] === 2025-09-10 ===
2026-05-20 10:18:45,171 [INFO]   #1 OCR=hbvs
2026-05-20 10:18:45,371 [INFO]     第 1 页 20 条 (2025/09/10 23:59:19 → 2025/09/10 17:27:39)  共 9 页
2026-05-20 10:18:45,511 [INFO]     第 2 页 20 条 (2025/09/10 17:25:51 → 2025/09/10 16:06:44)
2026-05-20 10:18:45,998 [INFO]     第 3 页 20 条 (2025/09/10 16:03:33 → 2025/09/10 15:09:11)
2026-05-20 10:18:46,436 [INFO]     第 4 页 20 条 (2025/09/10 15:06:39 → 2025/09/10 14:44:21)
2026-05-20 10:18:47,004 [INFO]     第 5 页 20 条 (2025/09/10 14:40:41 → 2025/09/10 14:11:30)
2026-05-20 10:18:47,807 [INFO]     第 6 页 20 条 (2025/09/10 14:11:02 → 2025/09/10 11:35:41)
2026-05-20 10:18:48,483 [INFO]     第 7 页 20 条 (2025/09/10 11:24:05 → 2025/09/10 10:10:12)
2026-05-20 10:18:49,134 [WARNING]     第8页第1次服务端错误提示, 等待重试
2026-05-20 10:18:50,696 [WARNING]     第8页第2次服务端错误提示, 等待重试
2026-05-20 10:18:53,761 [WARNING]     第8页第3次服务端错误提示, 等待重试
2026-05-20 10:18:58,262 [WARNING]   第8页重试全部失败 → 重取验证码重启
2026-05-20 10:18:58,341 [INFO]   #2 OCR=t7kv
2026-05-20 10:18:58,409 [INFO]   #2 验证码/服务端错误
2026-05-20 10:18:58,482 [INFO]   #3 OCR=pdep
2026-05-20 10:18:58,545 [INFO]   #3 验证码/服务端错误
2026-05-20 10:18:58,613 [INFO]   #4 OCR=Tuqy
2026-05-20 10:18:58,674 [INFO]   #4 验证码/服务端错误
2026-05-20 10:18:58,745 [INFO]   #5 OCR=Bkjm
2026-05-20 10:18:58,895 [INFO]     第 1 页 20 条 (2025/09/10 23:59:19 → 2025/09/10 17:27:39)  共 9 页
2026-05-20 10:18:59,054 [INFO]     第 2 页 20 条 (2025/09/10 17:25:51 → 2025/09/10 16:06:44)
2026-05-20 10:18:59,993 [INFO]     第 3 页 20 条 (2025/09/10 16:03:33 → 2025/09/10 15:09:11)
2026-05-20 10:19:00,895 [INFO]     第 4 页 20 条 (2025/09/10 15:06:39 → 2025/09/10 14:44:21)
2026-05-20 10:19:01,587 [INFO]     第 5 页 20 条 (2025/09/10 14:40:41 → 2025/09/10 14:11:30)
2026-05-20 10:19:02,210 [INFO]     第 6 页 20 条 (2025/09/10 14:11:02 → 2025/09/10 11:35:41)
2026-05-20 10:19:03,071 [INFO]     第 7 页 20 条 (2025/09/10 11:24:05 → 2025/09/10 10:10:12)
2026-05-20 10:19:03,694 [INFO]     第 8 页 20 条 (2025/09/10 10:07:35 → 2025/09/10 09:34:28)
2026-05-20 10:19:03,695 [INFO]   ✓ 2025-09-10 10:01:23  折算价=710.62
2026-05-20 10:19:05,151 [INFO] === 2025-09-11 ===
2026-05-20 10:19:05,220 [INFO]   #1 OCR=mgec
2026-05-20 10:19:05,281 [INFO]   #1 验证码/服务端错误
2026-05-20 10:19:05,351 [INFO]   #2 OCR=ngsL
2026-05-20 10:19:05,483 [INFO]     第 1 页 20 条 (2025/09/11 23:19:22 → 2025/09/11 20:31:01)  共 8 页
2026-05-20 10:19:05,543 [WARNING]     第2页第1次服务端错误提示, 等待重试
2026-05-20 10:19:07,183 [INFO]     第 2 页 20 条 (2025/09/11 20:28:43 → 2025/09/11 17:03:00)
2026-05-20 10:19:07,991 [INFO]     第 3 页 20 条 (2025/09/11 17:02:48 → 2025/09/11 15:13:10)
2026-05-20 10:19:08,663 [INFO]     第 4 页 20 条 (2025/09/11 15:08:14 → 2025/09/11 14:09:00)
2026-05-20 10:19:09,141 [INFO]     第 5 页 20 条 (2025/09/11 14:07:42 → 2025/09/11 10:57:11)
2026-05-20 10:19:10,020 [INFO]     第 6 页 20 条 (2025/09/11 10:55:42 → 2025/09/11 10:10:18)
2026-05-20 10:19:10,638 [INFO]     第 7 页 20 条 (2025/09/11 10:08:59 → 2025/09/11 09:30:54)
2026-05-20 10:19:10,639 [INFO]   ✓ 2025-09-11 10:02:33  折算价=710.34
2026-05-20 10:19:12,019 [INFO] === 2025-09-12 ===
2026-05-20 10:19:12,090 [INFO]   #1 OCR=b2zQ
2026-05-20 10:19:12,152 [INFO]   #1 验证码/服务端错误
2026-05-20 10:19:12,218 [INFO]   #2 OCR=t5kh
2026-05-20 10:19:12,361 [INFO]     第 1 页 20 条 (2025/09/12 23:22:04 → 2025/09/12 18:28:47)  共 8 页
2026-05-20 10:19:12,490 [INFO]     第 2 页 20 条 (2025/09/12 18:27:54 → 2025/09/12 16:49:20)
2026-05-20 10:19:13,207 [INFO]     第 3 页 20 条 (2025/09/12 16:48:42 → 2025/09/12 15:47:04)
2026-05-20 10:19:14,055 [WARNING]     第4页第1次服务端错误提示, 等待重试
2026-05-20 10:19:15,698 [INFO]     第 4 页 20 条 (2025/09/12 15:45:03 → 2025/09/12 14:37:27)
2026-05-20 10:19:16,187 [INFO]     第 5 页 20 条 (2025/09/12 14:33:43 → 2025/09/12 12:14:05)
2026-05-20 10:19:16,694 [INFO]     第 6 页 20 条 (2025/09/12 12:02:25 → 2025/09/12 10:16:08)
2026-05-20 10:19:17,617 [INFO]     第 7 页 20 条 (2025/09/12 10:12:44 → 2025/09/12 09:34:38)
2026-05-20 10:19:17,618 [INFO]   ✓ 2025-09-12 10:02:29  折算价=710.19
2026-05-20 10:19:18,956 [INFO] === 2025-09-13 ===
2026-05-20 10:19:19,044 [INFO]   #1 OCR=z3sg
2026-05-20 10:19:19,190 [INFO]     第 1 页 16 条 (2025/09/13 10:30:00 → 2025/09/13 00:00:05)  共 1 页
2026-05-20 10:19:19,190 [INFO]   ✓ 2025-09-13 10:30:00  折算价=710.19
2026-05-20 10:19:20,534 [INFO] === 2025-09-14 ===
2026-05-20 10:19:20,602 [INFO]   #1 OCR=yx1o
2026-05-20 10:19:20,733 [INFO]     第 1 页 20 条 (2025/09/14 16:13:12 → 2025/09/14 05:30:00)  共 2 页
2026-05-20 10:19:20,733 [INFO]   ✓ 2025-09-14 10:10:34  折算价=710.19
2026-05-20 10:19:21,834 [INFO] === 2025-09-15 ===
2026-05-20 10:19:21,906 [INFO]   #1 OCR=cr4H
2026-05-20 10:19:22,040 [INFO]     第 1 页 20 条 (2025/09/15 23:52:09 → 2025/09/15 21:31:11)  共 10 页
2026-05-20 10:19:22,229 [INFO]     第 2 页 20 条 (2025/09/15 21:21:11 → 2025/09/15 19:06:10)
2026-05-20 10:19:22,777 [INFO]     第 3 页 20 条 (2025/09/15 19:01:10 → 2025/09/15 17:31:10)
2026-05-20 10:19:23,245 [INFO]     第 4 页 20 条 (2025/09/15 17:26:10 → 2025/09/15 15:56:09)
2026-05-20 10:19:23,807 [INFO]     第 5 页 20 条 (2025/09/15 15:51:09 → 2025/09/15 14:36:09)
2026-05-20 10:19:24,534 [INFO]     第 6 页 20 条 (2025/09/15 14:31:09 → 2025/09/15 13:21:09)
2026-05-20 10:19:25,496 [INFO]     第 7 页 20 条 (2025/09/15 13:16:09 → 2025/09/15 11:41:08)
2026-05-20 10:19:26,154 [INFO]     第 8 页 20 条 (2025/09/15 11:36:08 → 2025/09/15 10:31:08)
2026-05-20 10:19:26,797 [WARNING]     第9页第1次服务端错误提示, 等待重试
2026-05-20 10:19:28,453 [INFO]     第 9 页 20 条 (2025/09/15 10:30:00 → 2025/09/15 09:45:39)
2026-05-20 10:19:28,454 [INFO]   ✓ 2025-09-15 10:00:54  折算价=710.56
2026-05-20 10:19:29,571 [INFO] === 2025-09-16 ===
2026-05-20 10:19:29,670 [INFO]   #1 OCR=Tx7e
2026-05-20 10:19:29,824 [INFO]     第 1 页 20 条 (2025/09/16 23:55:07 → 2025/09/16 22:38:19)  共 11 页
2026-05-20 10:19:29,973 [INFO]     第 2 页 20 条 (2025/09/16 22:36:17 → 2025/09/16 20:10:10)
2026-05-20 10:19:30,545 [INFO]     第 3 页 20 条 (2025/09/16 20:06:16 → 2025/09/16 18:41:16)
2026-05-20 10:19:31,335 [INFO]     第 4 页 20 条 (2025/09/16 18:40:58 → 2025/09/16 17:26:16)
2026-05-20 10:19:32,004 [INFO]     第 5 页 20 条 (2025/09/16 17:21:15 → 2025/09/16 16:11:15)
2026-05-20 10:19:32,710 [INFO]     第 6 页 20 条 (2025/09/16 16:06:15 → 2025/09/16 14:41:15)
2026-05-20 10:19:33,279 [INFO]     第 7 页 20 条 (2025/09/16 14:39:18 → 2025/09/16 13:26:15)
2026-05-20 10:19:34,096 [INFO]     第 8 页 20 条 (2025/09/16 13:21:15 → 2025/09/16 11:46:14)
2026-05-20 10:19:34,738 [INFO]     第 9 页 20 条 (2025/09/16 11:41:14 → 2025/09/16 10:30:00)
2026-05-20 10:19:35,656 [INFO]     第 10 页 20 条 (2025/09/16 10:29:29 → 2025/09/16 09:37:48)
2026-05-20 10:19:35,657 [INFO]   ✓ 2025-09-16 10:00:54  折算价=710.27
2026-05-20 10:19:36,753 [INFO] === 2025-09-17 ===
2026-05-20 10:19:36,824 [INFO]   #1 OCR=c494
2026-05-20 10:19:36,902 [INFO]   #1 验证码/服务端错误
2026-05-20 10:19:36,969 [INFO]   #2 OCR=agmw
2026-05-20 10:19:37,124 [INFO]     第 1 页 20 条 (2025/09/17 23:45:04 → 2025/09/17 22:22:24)  共 12 页
2026-05-20 10:19:37,256 [INFO]     第 2 页 20 条 (2025/09/17 22:16:22 → 2025/09/17 20:56:22)
2026-05-20 10:19:38,135 [INFO]     第 3 页 20 条 (2025/09/17 20:51:22 → 2025/09/17 19:16:22)
2026-05-20 10:19:38,992 [INFO]     第 4 页 20 条 (2025/09/17 19:11:22 → 2025/09/17 17:41:21)
2026-05-20 10:19:39,817 [INFO]     第 5 页 20 条 (2025/09/17 17:40:47 → 2025/09/17 16:26:21)
2026-05-20 10:19:40,375 [INFO]     第 6 页 20 条 (2025/09/17 16:26:19 → 2025/09/17 15:21:21)
2026-05-20 10:19:41,167 [INFO]     第 7 页 20 条 (2025/09/17 15:17:54 → 2025/09/17 13:51:20)
2026-05-20 10:19:41,981 [INFO]     第 8 页 20 条 (2025/09/17 13:46:20 → 2025/09/17 12:11:20)
2026-05-20 10:19:42,816 [INFO]     第 9 页 20 条 (2025/09/17 12:06:20 → 2025/09/17 10:51:18)
2026-05-20 10:19:43,628 [INFO]     第 10 页 20 条 (2025/09/17 10:50:53 → 2025/09/17 09:59:40)
2026-05-20 10:19:43,629 [INFO]   ✓ 2025-09-17 10:01:19  折算价=710.13
2026-05-20 10:19:44,833 [INFO] === 2025-09-18 ===
2026-05-20 10:19:44,906 [INFO]   #1 OCR=tvza
2026-05-20 10:19:44,972 [INFO]   #1 验证码/服务端错误
2026-05-20 10:19:45,043 [INFO]   #2 OCR=qliH
2026-05-20 10:19:45,187 [INFO]     第 1 页 20 条 (2025/09/18 23:59:05 → 2025/09/18 22:56:06)  共 14 页
2026-05-20 10:19:45,331 [INFO]     第 2 页 20 条 (2025/09/18 22:54:12 → 2025/09/18 21:39:49)
2026-05-20 10:19:46,006 [INFO]     第 3 页 20 条 (2025/09/18 21:37:32 → 2025/09/18 20:31:28)
2026-05-20 10:19:46,654 [INFO]     第 4 页 20 条 (2025/09/18 20:30:29 → 2025/09/18 19:16:27)
2026-05-20 10:19:47,358 [INFO]     第 5 页 20 条 (2025/09/18 19:11:27 → 2025/09/18 17:56:27)
2026-05-20 10:19:47,919 [INFO]     第 6 页 20 条 (2025/09/18 17:51:27 → 2025/09/18 16:26:27)
2026-05-20 10:19:48,495 [INFO]     第 7 页 20 条 (2025/09/18 16:26:15 → 2025/09/18 15:11:26)
2026-05-20 10:19:49,437 [INFO]     第 8 页 20 条 (2025/09/18 15:11:17 → 2025/09/18 14:01:26)
2026-05-20 10:19:50,205 [INFO]     第 9 页 20 条 (2025/09/18 14:00:38 → 2025/09/18 12:41:16)
2026-05-20 10:19:50,940 [INFO]     第 10 页 20 条 (2025/09/18 12:31:26 → 2025/09/18 10:56:25)
2026-05-20 10:19:51,399 [INFO]     第 11 页 20 条 (2025/09/18 10:51:25 → 2025/09/18 10:06:25)
2026-05-20 10:19:51,850 [INFO]     第 12 页 20 条 (2025/09/18 10:05:15 → 2025/09/18 09:32:26)
2026-05-20 10:19:51,851 [INFO]   ✓ 2025-09-18 10:00:27  折算价=710.85
2026-05-20 10:19:51,853 [INFO] >>> 进度: 100/344 (29.1%) <<<
2026-05-20 10:19:52,884 [INFO] --- 定期刷新 session (已处理 100 天) ---
2026-05-20 10:19:53,108 [INFO] === 2025-09-19 ===
2026-05-20 10:19:53,153 [INFO]   #1 OCR=aqhz
2026-05-20 10:19:53,313 [INFO]     第 1 页 20 条 (2025/09/19 23:57:52 → 2025/09/19 22:46:34)  共 14 页
2026-05-20 10:19:53,430 [INFO]     第 2 页 20 条 (2025/09/19 22:45:36 → 2025/09/19 21:26:34)
2026-05-20 10:19:54,323 [INFO]     第 3 页 20 条 (2025/09/19 21:21:34 → 2025/09/19 20:11:33)
2026-05-20 10:19:55,128 [INFO]     第 4 页 20 条 (2025/09/19 20:11:28 → 2025/09/19 19:06:33)
2026-05-20 10:19:55,614 [INFO]     第 5 页 20 条 (2025/09/19 19:05:54 → 2025/09/19 17:36:33)
2026-05-20 10:19:56,271 [INFO]     第 6 页 20 条 (2025/09/19 17:31:33 → 2025/09/19 16:16:32)
2026-05-20 10:19:56,804 [INFO]     第 7 页 20 条 (2025/09/19 16:11:32 → 2025/09/19 15:17:40)
2026-05-20 10:19:57,270 [INFO]     第 8 页 20 条 (2025/09/19 15:16:32 → 2025/09/19 14:36:32)
2026-05-20 10:19:57,900 [INFO]     第 9 页 20 条 (2025/09/19 14:33:54 → 2025/09/19 13:36:32)
2026-05-20 10:19:59,647 [INFO]     第 10 页 20 条 (2025/09/19 13:31:32 → 2025/09/19 12:11:31)
2026-05-20 10:20:00,506 [INFO]     第 11 页 20 条 (2025/09/19 12:06:31 → 2025/09/19 11:21:31)
2026-05-20 10:20:01,354 [INFO]     第 12 页 20 条 (2025/09/19 11:19:50 → 2025/09/19 10:19:09)
2026-05-20 10:20:01,871 [INFO]     第 13 页 20 条 (2025/09/19 10:16:31 → 2025/09/19 09:30:37)
2026-05-20 10:20:01,872 [INFO]   ✓ 2025-09-19 10:01:19  折算价=711.28
2026-05-20 10:20:02,954 [INFO] === 2025-09-20 ===
2026-05-20 10:20:02,998 [INFO]   #1 OCR=z7Fy
2026-05-20 10:20:03,108 [INFO]     第 1 页 15 条 (2025/09/20 10:30:00 → 2025/09/20 00:00:05)  共 1 页
2026-05-20 10:20:03,108 [INFO]   ✓ 2025-09-20 10:30:00  折算价=711.28
2026-05-20 10:20:04,525 [INFO] === 2025-09-21 ===
2026-05-20 10:20:04,572 [INFO]   #1 OCR=jgnc
2026-05-20 10:20:04,680 [INFO]     第 1 页 11 条 (2025/09/21 10:30:00 → 2025/09/21 00:00:05)  共 1 页
2026-05-20 10:20:04,680 [INFO]   ✓ 2025-09-21 10:30:00  折算价=711.28
2026-05-20 10:20:05,642 [INFO] === 2025-09-22 ===
2026-05-20 10:20:05,695 [INFO]   #1 OCR=ohhi
2026-05-20 10:20:05,746 [INFO]   #1 验证码/服务端错误
2026-05-20 10:20:05,806 [INFO]   #2 OCR=ohen
2026-05-20 10:20:05,867 [INFO]   #2 验证码/服务端错误
2026-05-20 10:20:05,922 [INFO]   #3 OCR=rs3v
2026-05-20 10:20:05,965 [INFO]   #3 验证码/服务端错误
2026-05-20 10:20:06,014 [INFO]   #4 OCR=6jmg
2026-05-20 10:20:06,054 [INFO]   #4 验证码/服务端错误
2026-05-20 10:20:06,101 [INFO]   #5 OCR=8cog
2026-05-20 10:20:06,232 [INFO]     第 1 页 20 条 (2025/09/22 23:57:39 → 2025/09/22 22:32:38)  共 11 页
2026-05-20 10:20:06,373 [INFO]     第 2 页 20 条 (2025/09/22 22:27:38 → 2025/09/22 21:02:38)
2026-05-20 10:20:07,001 [INFO]     第 3 页 20 条 (2025/09/22 21:00:03 → 2025/09/22 19:42:38)
2026-05-20 10:20:07,504 [INFO]     第 4 页 20 条 (2025/09/22 19:37:38 → 2025/09/22 18:07:37)
2026-05-20 10:20:08,312 [INFO]     第 5 页 20 条 (2025/09/22 18:02:37 → 2025/09/22 16:37:37)
2026-05-20 10:20:08,968 [INFO]     第 6 页 20 条 (2025/09/22 16:32:37 → 2025/09/22 15:26:00)
2026-05-20 10:20:09,443 [INFO]     第 7 页 20 条 (2025/09/22 15:22:37 → 2025/09/22 14:02:36)
2026-05-20 10:20:09,940 [INFO]     第 8 页 20 条 (2025/09/22 13:57:36 → 2025/09/22 12:22:36)
2026-05-20 10:20:10,538 [INFO]     第 9 页 20 条 (2025/09/22 12:17:36 → 2025/09/22 10:45:40)
2026-05-20 10:20:11,033 [WARNING]     第10页第1次服务端错误提示, 等待重试
2026-05-20 10:20:12,735 [INFO]     第 10 页 20 条 (2025/09/22 10:42:36 → 2025/09/22 09:42:35)
2026-05-20 10:20:12,736 [INFO]   ✓ 2025-09-22 10:02:35  折算价=711.06
2026-05-20 10:20:13,903 [INFO] === 2025-09-23 ===
2026-05-20 10:20:13,980 [INFO]   #1 OCR=d14k
2026-05-20 10:20:14,126 [INFO]     第 1 页 20 条 (2025/09/23 23:57:44 → 2025/09/23 22:32:44)  共 12 页
2026-05-20 10:20:14,181 [WARNING]     第2页第1次服务端错误提示, 等待重试
2026-05-20 10:20:15,811 [INFO]     第 2 页 20 条 (2025/09/23 22:27:44 → 2025/09/23 21:10:47)
2026-05-20 10:20:16,407 [INFO]     第 3 页 20 条 (2025/09/23 21:07:44 → 2025/09/23 19:42:43)
2026-05-20 10:20:16,977 [INFO]     第 4 页 20 条 (2025/09/23 19:37:43 → 2025/09/23 18:07:43)
2026-05-20 10:20:17,454 [INFO]     第 5 页 20 条 (2025/09/23 18:02:43 → 2025/09/23 16:52:43)
2026-05-20 10:20:18,234 [WARNING]     第6页第1次服务端错误提示, 等待重试
2026-05-20 10:20:19,857 [INFO]     第 6 页 20 条 (2025/09/23 16:52:13 → 2025/09/23 15:46:48)
2026-05-20 10:20:20,323 [INFO]     第 7 页 20 条 (2025/09/23 15:44:33 → 2025/09/23 14:57:42)
2026-05-20 10:20:21,225 [INFO]     第 8 页 20 条 (2025/09/23 14:52:42 → 2025/09/23 13:27:42)
2026-05-20 10:20:21,709 [INFO]     第 9 页 20 条 (2025/09/23 13:22:42 → 2025/09/23 11:32:41)
2026-05-20 10:20:22,221 [WARNING]     第10页第1次服务端错误提示, 等待重试
2026-05-20 10:20:23,837 [INFO]     第 10 页 20 条 (2025/09/23 11:27:41 → 2025/09/23 10:11:54)
2026-05-20 10:20:24,457 [INFO]     第 11 页 20 条 (2025/09/23 10:10:16 → 2025/09/23 09:16:04)
2026-05-20 10:20:24,459 [INFO]   ✓ 2025-09-23 10:02:41  折算价=710.57
2026-05-20 10:20:25,574 [INFO] === 2025-09-24 ===
2026-05-20 10:20:25,615 [INFO]   #1 OCR=o1e
2026-05-20 10:20:25,656 [INFO]   #1 验证码/服务端错误
2026-05-20 10:20:25,703 [INFO]   #2 OCR=zooi
2026-05-20 10:20:25,743 [INFO]   #2 验证码/服务端错误
2026-05-20 10:20:25,786 [INFO]   #3 OCR='ec' 长度异常
2026-05-20 10:20:25,833 [INFO]   #4 OCR=w4es
2026-05-20 10:20:25,877 [INFO]   #4 验证码/服务端错误
2026-05-20 10:20:25,920 [INFO]   #5 OCR=syvs
2026-05-20 10:20:26,030 [INFO]     第 1 页 20 条 (2025/09/24 23:57:50 → 2025/09/24 22:32:50)  共 13 页
2026-05-20 10:20:26,068 [WARNING]     第2页第1次服务端错误提示, 等待重试
2026-05-20 10:20:29,585 [WARNING]     第2页第2次网络异常: HTTPSConnectionPool(host='srh.bankofchina.com', port=443): Max retries exceeded with url: /search/whpj/search_cn.jsp (Caused by ProxyError('Unable to connect to proxy', NewConnectionError("HTTPSConnection(host='127.0.0.1', port=20808): Failed to establish a new connection: [WinError 10061] 由于目标计算机积极拒绝，无法连接。")))
2026-05-20 10:20:33,758 [WARNING]     第2页第3次服务端错误提示, 等待重试
2026-05-20 10:20:38,259 [WARNING]   第2页重试全部失败 → 重取验证码重启
2026-05-20 10:20:38,299 [INFO]   #6 OCR=d1i
2026-05-20 10:20:38,342 [INFO]   #6 验证码/服务端错误
2026-05-20 10:20:38,386 [INFO]   #7 OCR=o7YT
2026-05-20 10:20:38,425 [INFO]   #7 验证码/服务端错误
2026-05-20 10:20:38,466 [INFO]   #8 OCR=kbyr
2026-05-20 10:20:38,502 [INFO]   #8 验证码/服务端错误
2026-05-20 10:20:38,502 [ERROR]   ✗ 2025-09-24 已重试 8 次, 跳过
2026-05-20 10:20:39,359 [INFO] === 2025-09-25 ===
2026-05-20 10:20:39,401 [INFO]   #1 OCR=n2LH
2026-05-20 10:20:39,437 [INFO]   #1 验证码/服务端错误
2026-05-20 10:20:39,476 [INFO]   #2 OCR=MhJ
2026-05-20 10:20:39,514 [INFO]   #2 验证码/服务端错误
2026-05-20 10:20:39,556 [INFO]   #3 OCR=midw
2026-05-20 10:20:39,661 [INFO]     第 1 页 20 条 (2025/09/25 23:57:56 → 2025/09/25 22:48:47)  共 15 页
2026-05-20 10:20:39,697 [WARNING]     第2页第1次服务端错误提示, 等待重试
2026-05-20 10:20:41,324 [INFO]     第 2 页 20 条 (2025/09/25 22:47:56 → 2025/09/25 22:10:54)
2026-05-20 10:20:42,003 [WARNING]     第3页第1次服务端错误提示, 等待重试
2026-05-20 10:20:43,645 [INFO]     第 3 页 20 条 (2025/09/25 22:09:47 → 2025/09/25 21:29:41)
2026-05-20 10:20:44,314 [WARNING]     第4页第1次服务端错误提示, 等待重试
2026-05-20 10:20:45,851 [WARNING]     第4页第2次服务端错误提示, 等待重试
2026-05-20 10:20:48,902 [WARNING]     第4页第3次服务端错误提示, 等待重试
2026-05-20 10:20:53,403 [WARNING]   第4页重试全部失败 → 重取验证码重启
2026-05-20 10:20:53,466 [INFO]   #4 OCR=nspk
2026-05-20 10:20:53,620 [INFO]     第 1 页 20 条 (2025/09/25 23:57:56 → 2025/09/25 22:48:47)  共 15 页
2026-05-20 10:20:53,735 [INFO]     第 2 页 20 条 (2025/09/25 22:47:56 → 2025/09/25 22:10:54)
2026-05-20 10:20:54,611 [INFO]     第 3 页 20 条 (2025/09/25 22:09:47 → 2025/09/25 21:29:41)
2026-05-20 10:20:55,499 [INFO]     第 4 页 20 条 (2025/09/25 21:28:41 → 2025/09/25 20:57:55)
2026-05-20 10:20:55,906 [WARNING]     第5页第1次服务端错误提示, 等待重试
2026-05-20 10:20:57,532 [INFO]     第 5 页 20 条 (2025/09/25 20:56:56 → 2025/09/25 20:07:55)
2026-05-20 10:20:58,236 [INFO]     第 6 页 20 条 (2025/09/25 20:02:55 → 2025/09/25 18:37:55)
2026-05-20 10:20:58,914 [INFO]     第 7 页 20 条 (2025/09/25 18:32:55 → 2025/09/25 17:12:54)
2026-05-20 10:20:59,708 [INFO]     第 8 页 20 条 (2025/09/25 17:10:55 → 2025/09/25 15:52:54)
2026-05-20 10:21:00,480 [INFO]     第 9 页 20 条 (2025/09/25 15:47:54 → 2025/09/25 14:47:54)
2026-05-20 10:21:01,348 [INFO]     第 10 页 20 条 (2025/09/25 14:46:08 → 2025/09/25 13:22:53)
2026-05-20 10:21:02,177 [INFO]     第 11 页 20 条 (2025/09/25 13:17:53 → 2025/09/25 11:47:53)
2026-05-20 10:21:02,725 [INFO]     第 12 页 20 条 (2025/09/25 11:45:57 → 2025/09/25 10:57:53)
2026-05-20 10:21:03,225 [INFO]     第 13 页 20 条 (2025/09/25 10:55:15 → 2025/09/25 10:10:23)
2026-05-20 10:21:03,710 [INFO]     第 14 页 20 条 (2025/09/25 10:07:53 → 2025/09/25 09:16:01)
2026-05-20 10:21:03,711 [INFO]   ✓ 2025-09-25 10:02:53  折算价=711.18
2026-05-20 10:21:04,857 [INFO] === 2025-09-26 ===
2026-05-20 10:21:04,903 [INFO]   #1 OCR=I9es
2026-05-20 10:21:04,939 [INFO]   #1 验证码/服务端错误
2026-05-20 10:21:04,981 [INFO]   #2 OCR=oyao
2026-05-20 10:21:05,019 [INFO]   #2 验证码/服务端错误
2026-05-20 10:21:05,063 [INFO]   #3 OCR=ptwq
2026-05-20 10:21:05,187 [INFO]     第 1 页 20 条 (2025/09/26 23:53:01 → 2025/09/26 22:33:01)  共 14 页
2026-05-20 10:21:05,317 [INFO]     第 2 页 20 条 (2025/09/26 22:28:01 → 2025/09/26 21:09:17)
2026-05-20 10:21:05,891 [INFO]     第 3 页 20 条 (2025/09/26 21:08:01 → 2025/09/26 20:28:01)
2026-05-20 10:21:06,779 [INFO]     第 4 页 20 条 (2025/09/26 20:23:01 → 2025/09/26 18:53:00)
2026-05-20 10:21:07,306 [INFO]     第 5 页 20 条 (2025/09/26 18:48:00 → 2025/09/26 17:28:00)
2026-05-20 10:21:07,799 [INFO]     第 6 页 20 条 (2025/09/26 17:23:00 → 2025/09/26 16:19:25)
2026-05-20 10:21:08,257 [INFO]     第 7 页 20 条 (2025/09/26 16:18:45 → 2025/09/26 15:42:14)
2026-05-20 10:21:08,769 [INFO]     第 8 页 20 条 (2025/09/26 15:38:00 → 2025/09/26 14:12:59)
2026-05-20 10:21:09,506 [INFO]     第 9 页 20 条 (2025/09/26 14:11:32 → 2025/09/26 12:52:59)
2026-05-20 10:21:09,999 [INFO]     第 10 页 20 条 (2025/09/26 12:47:59 → 2025/09/26 11:17:58)
2026-05-20 10:21:10,583 [INFO]     第 11 页 20 条 (2025/09/26 11:12:58 → 2025/09/26 10:27:48)
2026-05-20 10:21:11,173 [INFO]     第 12 页 20 条 (2025/09/26 10:22:58 → 2025/09/26 09:42:39)
2026-05-20 10:21:11,175 [INFO]   ✓ 2025-09-26 10:02:58  折算价=711.52
2026-05-20 10:21:12,135 [INFO] === 2025-09-27 ===
2026-05-20 10:21:12,179 [INFO]   #1 OCR=dsbn
2026-05-20 10:21:12,304 [INFO]     第 1 页 13 条 (2025/09/27 10:30:00 → 2025/09/27 00:00:05)  共 1 页
2026-05-20 10:21:12,304 [INFO]   ✓ 2025-09-27 10:30:00  折算价=711.52
2026-05-20 10:21:13,361 [INFO] === 2025-09-28 ===
2026-05-20 10:21:13,402 [INFO]   #1 OCR=Augu
2026-05-20 10:21:13,516 [INFO]     第 1 页 6 条 (2025/09/28 10:30:00 → 2025/09/28 00:00:05)  共 1 页
2026-05-20 10:21:13,517 [INFO]   ✓ 2025-09-28 10:30:00  折算价=711.52
2026-05-20 10:21:13,521 [INFO] >>> 进度: 110/344 (32.0%) <<<
2026-05-20 10:21:14,810 [INFO] === 2025-09-29 ===
2026-05-20 10:21:14,857 [INFO]   #1 OCR=y2qh
2026-05-20 10:21:14,894 [INFO]   #1 验证码/服务端错误
2026-05-20 10:21:14,968 [INFO]   #2 OCR=nscj
2026-05-20 10:21:15,131 [INFO]     第 1 页 20 条 (2025/09/29 23:58:19 → 2025/09/29 22:33:19)  共 13 页
2026-05-20 10:21:15,271 [INFO]     第 2 页 20 条 (2025/09/29 22:28:19 → 2025/09/29 20:58:18)
2026-05-20 10:21:15,887 [INFO]     第 3 页 20 条 (2025/09/29 20:53:18 → 2025/09/29 19:38:18)
2026-05-20 10:21:16,677 [INFO]     第 4 页 20 条 (2025/09/29 19:33:18 → 2025/09/29 17:58:18)
2026-05-20 10:21:17,524 [INFO]     第 5 页 20 条 (2025/09/29 17:53:18 → 2025/09/29 16:33:17)
2026-05-20 10:21:18,132 [INFO]     第 6 页 20 条 (2025/09/29 16:30:11 → 2025/09/29 15:33:17)
2026-05-20 10:21:18,854 [WARNING]     第7页第1次服务端错误提示, 等待重试
2026-05-20 10:21:20,391 [WARNING]     第7页第2次服务端错误提示, 等待重试
2026-05-20 10:21:23,500 [INFO]     第 7 页 20 条 (2025/09/29 15:32:24 → 2025/09/29 14:13:17)
2026-05-20 10:21:24,403 [INFO]     第 8 页 20 条 (2025/09/29 14:08:17 → 2025/09/29 12:38:16)
2026-05-20 10:21:25,028 [INFO]     第 9 页 20 条 (2025/09/29 12:33:16 → 2025/09/29 11:06:33)
2026-05-20 10:21:25,517 [INFO]     第 10 页 20 条 (2025/09/29 11:05:14 → 2025/09/29 10:21:31)
2026-05-20 10:21:26,410 [INFO]     第 11 页 20 条 (2025/09/29 10:20:49 → 2025/09/29 09:34:44)
2026-05-20 10:21:26,411 [INFO]   ✓ 2025-09-29 10:03:16  折算价=710.89
2026-05-20 10:21:27,325 [INFO] === 2025-09-30 ===
2026-05-20 10:21:27,377 [INFO]   #1 OCR=jpow
2026-05-20 10:21:27,413 [INFO]   #1 验证码/服务端错误
2026-05-20 10:21:27,463 [INFO]   #2 OCR=8yvt
2026-05-20 10:21:27,520 [INFO]   #2 验证码/服务端错误
2026-05-20 10:21:27,587 [INFO]   #3 OCR=twix
2026-05-20 10:21:27,628 [INFO]   #3 验证码/服务端错误
2026-05-20 10:21:27,669 [INFO]   #4 OCR=vms5
2026-05-20 10:21:27,707 [INFO]   #4 验证码/服务端错误
2026-05-20 10:21:27,780 [INFO]   #5 OCR=8Ekn
2026-05-20 10:21:27,816 [INFO]   #5 验证码/服务端错误
2026-05-20 10:21:27,879 [INFO]   #6 OCR=nN6s
2026-05-20 10:21:27,916 [INFO]   #6 验证码/服务端错误
2026-05-20 10:21:27,955 [INFO]   #7 OCR=yFbJ
2026-05-20 10:21:27,993 [INFO]   #7 验证码/服务端错误
2026-05-20 10:21:28,039 [INFO]   #8 OCR=1B7n
2026-05-20 10:21:28,079 [INFO]   #8 验证码/服务端错误
2026-05-20 10:21:28,080 [ERROR]   ✗ 2025-09-30 已重试 8 次, 跳过
2026-05-20 10:21:29,060 [INFO] === 2025-10-01 ===
2026-05-20 10:21:29,121 [INFO]   #1 OCR=JPxy
2026-05-20 10:21:29,157 [INFO]   #1 验证码/服务端错误
2026-05-20 10:21:29,235 [INFO]   #2 OCR=fvg
2026-05-20 10:21:29,271 [INFO]   #2 验证码/服务端错误
2026-05-20 10:21:29,374 [INFO]   #3 OCR=rqB9
2026-05-20 10:21:29,527 [INFO]     第 1 页 20 条 (2025/10/01 23:43:49 → 2025/10/01 20:22:04)  共 11 页
2026-05-20 10:21:29,565 [WARNING]     第2页第1次服务端错误提示, 等待重试
2026-05-20 10:21:31,101 [WARNING]     第2页第2次服务端错误提示, 等待重试
2026-05-20 10:21:34,140 [WARNING]     第2页第3次服务端错误提示, 等待重试
2026-05-20 10:21:38,641 [WARNING]   第2页重试全部失败 → 重取验证码重启
2026-05-20 10:21:38,702 [INFO]   #4 OCR=2a2a
2026-05-20 10:21:38,740 [INFO]   #4 验证码/服务端错误
2026-05-20 10:21:38,783 [INFO]   #5 OCR=Yzyf
2026-05-20 10:21:38,821 [INFO]   #5 验证码/服务端错误
2026-05-20 10:21:38,863 [INFO]   #6 OCR=mmFQ
2026-05-20 10:21:38,900 [INFO]   #6 验证码/服务端错误
2026-05-20 10:21:38,948 [INFO]   #7 OCR=huPe
2026-05-20 10:21:38,985 [INFO]   #7 验证码/服务端错误
2026-05-20 10:21:39,028 [INFO]   #8 OCR=vov9
2026-05-20 10:21:39,063 [INFO]   #8 验证码/服务端错误
2026-05-20 10:21:39,064 [ERROR]   ✗ 2025-10-01 已重试 8 次, 跳过
2026-05-20 10:21:40,039 [INFO] === 2025-10-02 ===
2026-05-20 10:21:40,099 [INFO]   #1 OCR=wamd
2026-05-20 10:21:40,135 [INFO]   #1 验证码/服务端错误
2026-05-20 10:21:40,175 [INFO]   #2 OCR=bBi6
2026-05-20 10:21:40,210 [INFO]   #2 验证码/服务端错误
2026-05-20 10:21:40,256 [INFO]   #3 OCR=begc
2026-05-20 10:21:40,291 [INFO]   #3 验证码/服务端错误
2026-05-20 10:21:40,334 [INFO]   #4 OCR=5q32
2026-05-20 10:21:40,371 [INFO]   #4 验证码/服务端错误
2026-05-20 10:21:40,418 [INFO]   #5 OCR=mbkk
2026-05-20 10:21:40,455 [INFO]   #5 验证码/服务端错误
2026-05-20 10:21:40,494 [INFO]   #6 OCR=F4cF
2026-05-20 10:21:40,530 [INFO]   #6 验证码/服务端错误
2026-05-20 10:21:40,568 [INFO]   #7 OCR=kbgd
2026-05-20 10:21:40,603 [INFO]   #7 验证码/服务端错误
2026-05-20 10:21:40,642 [INFO]   #8 OCR=saxt
2026-05-20 10:21:40,680 [INFO]   #8 验证码/服务端错误
2026-05-20 10:21:40,681 [ERROR]   ✗ 2025-10-02 已重试 8 次, 跳过
2026-05-20 10:21:42,004 [INFO] === 2025-10-03 ===
2026-05-20 10:21:42,041 [INFO]   #1 OCR=gTxa
2026-05-20 10:21:42,137 [INFO]   #1 验证码/服务端错误
2026-05-20 10:21:42,177 [INFO]   #2 OCR=dgtm
2026-05-20 10:21:42,220 [INFO]   #2 验证码/服务端错误
2026-05-20 10:21:42,264 [INFO]   #3 OCR=b2ik
2026-05-20 10:21:42,301 [INFO]   #3 验证码/服务端错误
2026-05-20 10:21:42,350 [INFO]   #4 OCR=ssJr
2026-05-20 10:21:42,389 [INFO]   #4 验证码/服务端错误
2026-05-20 10:21:42,429 [INFO]   #5 OCR=pLol
2026-05-20 10:21:42,468 [INFO]   #5 验证码/服务端错误
2026-05-20 10:21:42,507 [INFO]   #6 OCR=kknb
2026-05-20 10:21:42,596 [INFO]   #6 验证码/服务端错误
2026-05-20 10:21:42,638 [INFO]   #7 OCR=Cuhn
2026-05-20 10:21:42,727 [INFO]   #7 验证码/服务端错误
2026-05-20 10:21:42,771 [INFO]   #8 OCR=78ki
2026-05-20 10:21:42,865 [INFO]   #8 验证码/服务端错误
2026-05-20 10:21:42,866 [ERROR]   ✗ 2025-10-03 已重试 8 次, 跳过
2026-05-20 10:21:44,153 [INFO] === 2025-10-04 ===
2026-05-20 10:21:44,195 [INFO]   #1 OCR=tib9
2026-05-20 10:21:44,301 [INFO]   #1 验证码/服务端错误
2026-05-20 10:21:44,344 [INFO]   #2 OCR=6rqp
2026-05-20 10:21:44,453 [INFO]   #2 验证码/服务端错误
2026-05-20 10:21:44,490 [INFO]   #3 OCR=kdqk
2026-05-20 10:21:44,595 [INFO]   #3 验证码/服务端错误
2026-05-20 10:21:44,634 [INFO]   #4 OCR=z8Pm
2026-05-20 10:21:44,739 [INFO]   #4 验证码/服务端错误
2026-05-20 10:21:44,779 [INFO]   #5 OCR=jsb4
2026-05-20 10:21:44,888 [INFO]   #5 验证码/服务端错误
2026-05-20 10:21:44,928 [INFO]   #6 OCR=vcbu
2026-05-20 10:21:45,033 [INFO]   #6 验证码/服务端错误
2026-05-20 10:21:45,083 [INFO]   #7 OCR=8gye
2026-05-20 10:21:45,188 [INFO]   #7 验证码/服务端错误
2026-05-20 10:21:45,227 [INFO]   #8 OCR=G6ek
2026-05-20 10:21:45,272 [INFO]   #8 验证码/服务端错误
2026-05-20 10:21:45,274 [ERROR]   ✗ 2025-10-04 已重试 8 次, 跳过
2026-05-20 10:21:46,119 [INFO] === 2025-10-05 ===
2026-05-20 10:21:46,159 [INFO]   #1 OCR=kyk9
2026-05-20 10:21:46,266 [INFO]   #1 验证码/服务端错误
2026-05-20 10:21:46,306 [INFO]   #2 OCR=ocsd
2026-05-20 10:21:46,411 [INFO]   #2 验证码/服务端错误
2026-05-20 10:21:46,453 [INFO]   #3 OCR=hagz
2026-05-20 10:21:46,566 [INFO]   #3 验证码/服务端错误
2026-05-20 10:21:46,603 [INFO]   #4 OCR=uf1j
2026-05-20 10:21:46,714 [INFO]   #4 验证码/服务端错误
2026-05-20 10:21:46,758 [INFO]   #5 OCR=Jtu4
2026-05-20 10:21:46,867 [INFO]   #5 验证码/服务端错误
2026-05-20 10:21:46,907 [INFO]   #6 OCR=okxR
2026-05-20 10:21:47,016 [INFO]   #6 验证码/服务端错误
2026-05-20 10:21:47,057 [INFO]   #7 OCR=s7JE
2026-05-20 10:21:47,170 [INFO]   #7 验证码/服务端错误
2026-05-20 10:21:47,221 [INFO]   #8 OCR=tQB9
2026-05-20 10:21:47,337 [INFO]   #8 验证码/服务端错误
2026-05-20 10:21:47,337 [ERROR]   ✗ 2025-10-05 已重试 8 次, 跳过
2026-05-20 10:21:48,511 [INFO] === 2025-10-06 ===
2026-05-20 10:21:48,554 [INFO]   #1 OCR=wz1i
2026-05-20 10:21:48,666 [INFO]   #1 验证码/服务端错误
2026-05-20 10:21:48,708 [INFO]   #2 OCR=duhm
2026-05-20 10:21:48,812 [INFO]   #2 验证码/服务端错误
2026-05-20 10:21:48,850 [INFO]   #3 OCR=oxsF
2026-05-20 10:21:48,889 [INFO]   #3 验证码/服务端错误
2026-05-20 10:21:48,934 [INFO]   #4 OCR=jxzq
2026-05-20 10:21:49,030 [INFO]   #4 验证码/服务端错误
2026-05-20 10:21:49,070 [INFO]   #5 OCR=Jxdf
2026-05-20 10:21:49,111 [INFO]   #5 验证码/服务端错误
2026-05-20 10:21:49,156 [INFO]   #6 OCR=T7tQ
2026-05-20 10:21:49,195 [INFO]   #6 验证码/服务端错误
2026-05-20 10:21:49,240 [INFO]   #7 OCR=krco
2026-05-20 10:21:49,277 [INFO]   #7 验证码/服务端错误
2026-05-20 10:21:49,318 [INFO]   #8 OCR=sR9q
2026-05-20 10:21:49,360 [INFO]   #8 验证码/服务端错误
2026-05-20 10:21:49,360 [ERROR]   ✗ 2025-10-06 已重试 8 次, 跳过
2026-05-20 10:21:50,213 [INFO] === 2025-10-07 ===
2026-05-20 10:21:50,258 [INFO]   #1 OCR=1srs
2026-05-20 10:21:50,308 [INFO]   #1 验证码/服务端错误
2026-05-20 10:21:50,359 [INFO]   #2 OCR=cbDi
2026-05-20 10:21:50,456 [INFO]   #2 验证码/服务端错误
2026-05-20 10:21:50,513 [INFO]   #3 OCR=4nn
2026-05-20 10:21:50,555 [INFO]   #3 验证码/服务端错误
2026-05-20 10:21:50,603 [INFO]   #4 OCR=7vzy
2026-05-20 10:21:50,642 [INFO]   #4 验证码/服务端错误
2026-05-20 10:21:50,687 [INFO]   #5 OCR=wJ4m
2026-05-20 10:21:50,770 [INFO]   #5 验证码/服务端错误
2026-05-20 10:21:50,814 [INFO]   #6 OCR=8sjk
2026-05-20 10:21:50,900 [INFO]   #6 验证码/服务端错误
2026-05-20 10:21:50,940 [INFO]   #7 OCR=nyws
2026-05-20 10:21:51,025 [INFO]   #7 验证码/服务端错误
2026-05-20 10:21:51,064 [INFO]   #8 OCR=ufv
2026-05-20 10:21:51,152 [INFO]   #8 验证码/服务端错误
2026-05-20 10:21:51,152 [ERROR]   ✗ 2025-10-07 已重试 8 次, 跳过
2026-05-20 10:21:52,018 [INFO] === 2025-10-08 ===
2026-05-20 10:21:52,064 [INFO]   #1 OCR=LZnA
2026-05-20 10:21:52,105 [INFO]   #1 验证码/服务端错误
2026-05-20 10:21:52,150 [INFO]   #2 OCR=050i
2026-05-20 10:21:52,226 [INFO]   #2 验证码/服务端错误
2026-05-20 10:21:52,267 [INFO]   #3 OCR=vg83
2026-05-20 10:21:52,373 [INFO]   #3 验证码/服务端错误
2026-05-20 10:21:52,414 [INFO]   #4 OCR=etgb
2026-05-20 10:21:52,520 [INFO]   #4 验证码/服务端错误
2026-05-20 10:21:52,564 [INFO]   #5 OCR=sJmt
2026-05-20 10:21:52,672 [INFO]   #5 验证码/服务端错误
2026-05-20 10:21:52,714 [INFO]   #6 OCR=LD8H
2026-05-20 10:21:52,822 [INFO]   #6 验证码/服务端错误
2026-05-20 10:21:52,863 [INFO]   #7 OCR=zFbu
2026-05-20 10:21:52,972 [INFO]   #7 验证码/服务端错误
2026-05-20 10:21:53,015 [INFO]   #8 OCR=iLys
2026-05-20 10:21:53,159 [INFO]   #8 验证码/服务端错误
2026-05-20 10:21:53,160 [ERROR]   ✗ 2025-10-08 已重试 8 次, 跳过
2026-05-20 10:21:53,160 [INFO] >>> 进度: 120/344 (34.9%) <<<
2026-05-20 10:21:54,083 [INFO] === 2025-10-09 ===
2026-05-20 10:21:54,122 [INFO]   #1 OCR=7Dim
2026-05-20 10:21:54,238 [INFO]     第 1 页 20 条 (2025/10/09 23:59:16 → 2025/10/09 23:09:16)  共 15 页
2026-05-20 10:21:54,348 [INFO]     第 2 页 20 条 (2025/10/09 23:07:49 → 2025/10/09 22:22:37)
2026-05-20 10:21:55,298 [INFO]     第 3 页 20 条 (2025/10/09 22:22:10 → 2025/10/09 21:34:03)
2026-05-20 10:21:55,700 [WARNING]     第4页第1次服务端错误提示, 等待重试
2026-05-20 10:21:57,235 [WARNING]     第4页第2次服务端错误提示, 等待重试
2026-05-20 10:22:00,276 [WARNING]     第4页第3次服务端错误提示, 等待重试
2026-05-20 10:22:04,777 [WARNING]   第4页重试全部失败 → 重取验证码重启
2026-05-20 10:22:04,946 [INFO]   #2 OCR=tnut
2026-05-20 10:22:05,011 [INFO]   #2 验证码/服务端错误
2026-05-20 10:22:05,051 [INFO]   #3 OCR=oyxq
2026-05-20 10:22:05,088 [INFO]   #3 验证码/服务端错误
2026-05-20 10:22:05,128 [INFO]   #4 OCR=hckL
2026-05-20 10:22:05,248 [INFO]     第 1 页 20 条 (2025/10/09 23:59:16 → 2025/10/09 23:09:16)  共 15 页
2026-05-20 10:22:05,369 [INFO]     第 2 页 20 条 (2025/10/09 23:07:49 → 2025/10/09 22:22:37)
2026-05-20 10:22:06,065 [INFO]     第 3 页 20 条 (2025/10/09 22:22:10 → 2025/10/09 21:34:03)
2026-05-20 10:22:06,666 [INFO]     第 4 页 20 条 (2025/10/09 21:29:16 → 2025/10/09 20:59:16)
2026-05-20 10:22:07,340 [INFO]     第 5 页 20 条 (2025/10/09 20:54:16 → 2025/10/09 19:34:15)
2026-05-20 10:22:08,204 [INFO]     第 6 页 20 条 (2025/10/09 19:29:15 → 2025/10/09 18:14:15)
2026-05-20 10:22:08,818 [INFO]     第 7 页 20 条 (2025/10/09 18:09:15 → 2025/10/09 17:01:09)
2026-05-20 10:22:09,465 [INFO]     第 8 页 20 条 (2025/10/09 16:59:15 → 2025/10/09 15:59:14)
2026-05-20 10:22:10,125 [INFO]     第 9 页 20 条 (2025/10/09 15:54:14 → 2025/10/09 14:54:01)
2026-05-20 10:22:10,767 [INFO]     第 10 页 20 条 (2025/10/09 14:49:14 → 2025/10/09 13:52:13)
2026-05-20 10:22:11,291 [INFO]     第 11 页 20 条 (2025/10/09 13:49:14 → 2025/10/09 12:19:14)
2026-05-20 10:22:12,068 [INFO]     第 12 页 20 条 (2025/10/09 12:14:14 → 2025/10/09 11:09:13)
2026-05-20 10:22:12,885 [INFO]     第 13 页 20 条 (2025/10/09 11:05:44 → 2025/10/09 10:21:10)
2026-05-20 10:22:13,464 [INFO]     第 14 页 20 条 (2025/10/09 10:19:13 → 2025/10/09 09:33:10)
2026-05-20 10:22:13,465 [INFO]   ✓ 2025-10-09 10:02:33  折算价=711.02
2026-05-20 10:22:14,774 [INFO] === 2025-10-10 ===
2026-05-20 10:22:14,815 [INFO]   #1 OCR=skNe
2026-05-20 10:22:14,971 [INFO]     第 1 页 20 条 (2025/10/10 23:48:47 → 2025/10/10 23:01:16)  共 15 页
2026-05-20 10:22:15,094 [INFO]     第 2 页 20 条 (2025/10/10 23:00:49 → 2025/10/10 21:54:21)
2026-05-20 10:22:15,694 [INFO]     第 3 页 20 条 (2025/10/10 21:49:21 → 2025/10/10 20:44:22)
2026-05-20 10:22:16,475 [INFO]     第 4 页 20 条 (2025/10/10 20:42:29 → 2025/10/10 19:34:21)
2026-05-20 10:22:17,165 [INFO]     第 5 页 20 条 (2025/10/10 19:29:21 → 2025/10/10 18:19:21)
2026-05-20 10:22:17,940 [INFO]     第 6 页 20 条 (2025/10/10 18:14:21 → 2025/10/10 16:54:20)
2026-05-20 10:22:18,564 [INFO]     第 7 页 20 条 (2025/10/10 16:54:15 → 2025/10/10 15:56:42)
2026-05-20 10:22:19,200 [INFO]     第 8 页 20 条 (2025/10/10 15:54:20 → 2025/10/10 15:06:13)
2026-05-20 10:22:19,973 [INFO]     第 9 页 20 条 (2025/10/10 15:04:57 → 2025/10/10 14:37:07)
2026-05-20 10:22:20,415 [INFO]     第 10 页 20 条 (2025/10/10 14:36:45 → 2025/10/10 13:34:20)
2026-05-20 10:22:20,989 [INFO]     第 11 页 20 条 (2025/10/10 13:29:19 → 2025/10/10 11:54:19)
2026-05-20 10:22:21,797 [INFO]     第 12 页 20 条 (2025/10/10 11:49:19 → 2025/10/10 10:39:19)
2026-05-20 10:22:22,449 [INFO]     第 13 页 20 条 (2025/10/10 10:38:58 → 2025/10/10 09:49:19)
2026-05-20 10:22:22,450 [INFO]   ✓ 2025-10-10 10:04:19  折算价=710.48
2026-05-20 10:22:23,751 [INFO] === 2025-10-11 ===
2026-05-20 10:22:23,800 [INFO]   #1 OCR=o15b
2026-05-20 10:22:23,935 [INFO]   #1 验证码/服务端错误
2026-05-20 10:22:24,133 [INFO]   #2 OCR=s7tr
2026-05-20 10:22:24,286 [INFO]     第 1 页 20 条 (2025/10/11 23:57:50 → 2025/10/11 00:00:17)  共 2 页
2026-05-20 10:22:24,287 [INFO]   ✓ 2025-10-11 10:30:00  折算价=710.48
2026-05-20 10:22:25,395 [INFO] === 2025-10-12 ===
2026-05-20 10:22:25,438 [INFO]   #1 OCR=aoJ1
2026-05-20 10:22:25,653 [INFO]     第 1 页 7 条 (2025/10/12 10:30:00 → 2025/10/12 00:00:05)  共 1 页
2026-05-20 10:22:25,653 [INFO]   ✓ 2025-10-12 10:30:00  折算价=710.48
2026-05-20 10:22:26,686 [INFO] === 2025-10-13 ===
2026-05-20 10:22:30,178 [INFO]   #1 OCR=ruvn
2026-05-20 10:22:30,287 [INFO]     第 1 页 20 条 (2025/10/13 23:59:39 → 2025/10/13 22:34:39)  共 13 页
2026-05-20 10:22:30,422 [INFO]     第 2 页 20 条 (2025/10/13 22:29:39 → 2025/10/13 21:09:38)
2026-05-20 10:22:31,261 [INFO]     第 3 页 20 条 (2025/10/13 21:04:39 → 2025/10/13 19:44:38)
2026-05-20 10:22:32,011 [INFO]     第 4 页 20 条 (2025/10/13 19:39:38 → 2025/10/13 18:22:47)
2026-05-20 10:22:32,496 [INFO]     第 5 页 20 条 (2025/10/13 18:19:38 → 2025/10/13 16:54:38)
2026-05-20 10:22:32,945 [INFO]     第 6 页 20 条 (2025/10/13 16:49:38 → 2025/10/13 15:44:38)
2026-05-20 10:22:33,701 [INFO]     第 7 页 20 条 (2025/10/13 15:39:38 → 2025/10/13 14:44:37)
2026-05-20 10:22:34,523 [WARNING]     第8页第1次服务端错误提示, 等待重试
2026-05-20 10:22:36,061 [WARNING]     第8页第2次服务端错误提示, 等待重试
2026-05-20 10:22:39,102 [WARNING]     第8页第3次服务端错误提示, 等待重试
2026-05-20 10:22:43,603 [WARNING]   第8页重试全部失败 → 重取验证码重启
2026-05-20 10:22:43,648 [INFO]   #2 OCR=i0p4
2026-05-20 10:22:43,741 [INFO]   #2 验证码/服务端错误
2026-05-20 10:22:43,784 [INFO]   #3 OCR=wkwx
2026-05-20 10:22:43,973 [INFO]     第 1 页 20 条 (2025/10/13 23:59:39 → 2025/10/13 22:34:39)  共 13 页
2026-05-20 10:22:44,012 [WARNING]     第2页第1次服务端错误提示, 等待重试
2026-05-20 10:22:45,552 [WARNING]     第2页第2次服务端错误提示, 等待重试
2026-05-20 10:22:48,594 [WARNING]     第2页第3次服务端错误提示, 等待重试
2026-05-20 10:22:53,095 [WARNING]   第2页重试全部失败 → 重取验证码重启
2026-05-20 10:22:53,138 [INFO]   #4 OCR=euf
2026-05-20 10:22:53,222 [INFO]   #4 验证码/服务端错误
2026-05-20 10:22:53,262 [INFO]   #5 OCR=5oxx
2026-05-20 10:22:53,346 [INFO]   #5 验证码/服务端错误
2026-05-20 10:22:53,384 [INFO]   #6 OCR=nqss
2026-05-20 10:22:53,469 [INFO]   #6 验证码/服务端错误
2026-05-20 10:22:53,511 [INFO]   #7 OCR=qFz
2026-05-20 10:22:53,594 [INFO]   #7 验证码/服务端错误
2026-05-20 10:22:53,634 [INFO]   #8 OCR=B7ws
2026-05-20 10:22:53,718 [INFO]   #8 验证码/服务端错误
2026-05-20 10:22:53,718 [ERROR]   ✗ 2025-10-13 已重试 8 次, 跳过
2026-05-20 10:22:54,822 [INFO] === 2025-10-14 ===
2026-05-20 10:22:54,864 [INFO]   #1 OCR=b4ic
2026-05-20 10:22:54,951 [INFO]   #1 验证码/服务端错误
2026-05-20 10:22:54,994 [INFO]   #2 OCR=pme6
2026-05-20 10:22:55,077 [INFO]   #2 验证码/服务端错误
2026-05-20 10:22:55,118 [INFO]   #3 OCR=pn9t
2026-05-20 10:22:55,280 [INFO]     第 1 页 20 条 (2025/10/14 23:59:45 → 2025/10/14 22:54:45)  共 16 页
2026-05-20 10:22:55,319 [WARNING]     第2页第1次服务端错误提示, 等待重试
2026-05-20 10:22:56,856 [WARNING]     第2页第2次服务端错误提示, 等待重试
2026-05-20 10:22:59,894 [WARNING]     第2页第3次服务端错误提示, 等待重试
2026-05-20 10:23:04,395 [WARNING]   第2页重试全部失败 → 重取验证码重启
2026-05-20 10:23:04,439 [INFO]   #4 OCR=Iuwt
2026-05-20 10:23:04,559 [INFO]     第 1 页 20 条 (2025/10/14 23:59:45 → 2025/10/14 22:54:45)  共 16 页
2026-05-20 10:23:04,595 [WARNING]     第2页第1次服务端错误提示, 等待重试
2026-05-20 10:23:06,222 [INFO]     第 2 页 20 条 (2025/10/14 22:53:39 → 2025/10/14 21:44:45)
2026-05-20 10:23:06,834 [INFO]     第 3 页 20 条 (2025/10/14 21:44:30 → 2025/10/14 21:04:44)
2026-05-20 10:23:07,737 [INFO]     第 4 页 20 条 (2025/10/14 20:59:44 → 2025/10/14 20:03:19)
2026-05-20 10:23:08,238 [INFO]     第 5 页 20 条 (2025/10/14 19:59:44 → 2025/10/14 18:29:44)
2026-05-20 10:23:08,840 [INFO]     第 6 页 20 条 (2025/10/14 18:24:44 → 2025/10/14 17:04:43)
2026-05-20 10:23:09,344 [INFO]     第 7 页 20 条 (2025/10/14 17:01:34 → 2025/10/14 15:58:57)
2026-05-20 10:23:10,137 [INFO]     第 8 页 20 条 (2025/10/14 15:58:30 → 2025/10/14 15:26:28)
2026-05-20 10:23:11,040 [INFO]     第 9 页 20 条 (2025/10/14 15:24:43 → 2025/10/14 14:39:24)
2026-05-20 10:23:11,573 [INFO]     第 10 页 20 条 (2025/10/14 14:35:47 → 2025/10/14 13:59:43)
2026-05-20 10:23:12,395 [INFO]     第 11 页 20 条 (2025/10/14 13:54:43 → 2025/10/14 12:29:42)
2026-05-20 10:23:13,113 [INFO]     第 12 页 20 条 (2025/10/14 12:24:42 → 2025/10/14 11:17:54)
2026-05-20 10:23:13,868 [INFO]     第 13 页 20 条 (2025/10/14 11:14:42 → 2025/10/14 10:19:15)
2026-05-20 10:23:14,736 [INFO]     第 14 页 20 条 (2025/10/14 10:19:12 → 2025/10/14 09:37:10)
2026-05-20 10:23:14,737 [INFO]   ✓ 2025-10-14 10:04:42  折算价=710.21
2026-05-20 10:23:15,578 [INFO] === 2025-10-15 ===
2026-05-20 10:23:15,619 [INFO]   #1 OCR=DA0v
2026-05-20 10:23:15,735 [INFO]     第 1 页 20 条 (2025/10/15 23:59:51 → 2025/10/15 22:48:09)  共 13 页
2026-05-20 10:23:15,847 [INFO]     第 2 页 20 条 (2025/10/15 22:44:50 → 2025/10/15 21:24:50)
2026-05-20 10:23:16,644 [INFO]     第 3 页 20 条 (2025/10/15 21:22:53 → 2025/10/15 19:54:50)
2026-05-20 10:23:17,164 [INFO]     第 4 页 20 条 (2025/10/15 19:49:50 → 2025/10/15 18:19:49)
2026-05-20 10:23:17,949 [INFO]     第 5 页 20 条 (2025/10/15 18:14:49 → 2025/10/15 16:54:49)
2026-05-20 10:23:18,400 [INFO]     第 6 页 20 条 (2025/10/15 16:54:13 → 2025/10/15 15:39:49)
2026-05-20 10:23:18,958 [INFO]     第 7 页 20 条 (2025/10/15 15:37:23 → 2025/10/15 14:34:49)
2026-05-20 10:23:19,550 [INFO]     第 8 页 20 条 (2025/10/15 14:29:48 → 2025/10/15 13:33:02)
2026-05-20 10:23:19,998 [INFO]     第 9 页 20 条 (2025/10/15 13:29:48 → 2025/10/15 11:54:48)
2026-05-20 10:23:20,606 [INFO]     第 10 页 20 条 (2025/10/15 11:49:48 → 2025/10/15 10:29:48)
2026-05-20 10:23:21,191 [INFO]     第 11 页 20 条 (2025/10/15 10:28:17 → 2025/10/15 09:46:22)
2026-05-20 10:23:21,192 [INFO]   ✓ 2025-10-15 10:03:15  折算价=709.95
2026-05-20 10:23:22,580 [INFO] === 2025-10-16 ===
2026-05-20 10:23:22,624 [INFO]   #1 OCR=iwfa
2026-05-20 10:23:22,808 [INFO]   #1 验证码/服务端错误
2026-05-20 10:23:22,958 [INFO]   #2 OCR=yFg7
2026-05-20 10:23:23,139 [INFO]     第 1 页 20 条 (2025/10/16 23:59:56 → 2025/10/16 22:29:56)  共 14 页
2026-05-20 10:23:23,317 [INFO]     第 2 页 20 条 (2025/10/16 22:29:03 → 2025/10/16 21:29:56)
2026-05-20 10:23:24,230 [INFO]     第 3 页 20 条 (2025/10/16 21:27:59 → 2025/10/16 20:19:55)
2026-05-20 10:23:24,994 [INFO]     第 4 页 20 条 (2025/10/16 20:14:55 → 2025/10/16 19:09:55)
2026-05-20 10:23:25,814 [INFO]     第 5 页 20 条 (2025/10/16 19:04:55 → 2025/10/16 17:34:55)
2026-05-20 10:23:31,867 [INFO]     第 6 页 20 条 (2025/10/16 17:29:55 → 2025/10/16 16:04:54)
2026-05-20 10:23:32,613 [INFO]     第 7 页 20 条 (2025/10/16 16:04:27 → 2025/10/16 15:04:54)
2026-05-20 10:23:33,416 [WARNING]     第8页第1次服务端错误提示, 等待重试
2026-05-20 10:23:34,955 [WARNING]     第8页第2次服务端错误提示, 等待重试
2026-05-20 10:23:38,005 [WARNING]     第8页第3次服务端错误提示, 等待重试
2026-05-20 10:23:42,506 [WARNING]   第8页重试全部失败 → 重取验证码重启
2026-05-20 10:23:42,567 [INFO]   #3 OCR=Bj9N
2026-05-20 10:23:42,645 [INFO]   #3 验证码/服务端错误
2026-05-20 10:23:42,719 [INFO]   #4 OCR=PMap
2026-05-20 10:23:42,777 [INFO]   #4 验证码/服务端错误
2026-05-20 10:23:42,819 [INFO]   #5 OCR=sxzp
2026-05-20 10:23:42,989 [INFO]     第 1 页 20 条 (2025/10/16 23:59:56 → 2025/10/16 22:29:56)  共 14 页
2026-05-20 10:23:43,035 [WARNING]     第2页第1次服务端错误提示, 等待重试
2026-05-20 10:23:44,866 [INFO]     第 2 页 20 条 (2025/10/16 22:29:03 → 2025/10/16 21:29:56)
2026-05-20 10:23:45,504 [WARNING]     第3页第1次服务端错误提示, 等待重试
2026-05-20 10:23:47,041 [WARNING]     第3页第2次服务端错误提示, 等待重试
2026-05-20 10:23:50,175 [INFO]     第 3 页 20 条 (2025/10/16 21:27:59 → 2025/10/16 20:19:55)
2026-05-20 10:23:51,012 [INFO]     第 4 页 20 条 (2025/10/16 20:14:55 → 2025/10/16 19:09:55)
2026-05-20 10:23:51,763 [WARNING]     第5页第1次服务端错误提示, 等待重试
2026-05-20 10:23:53,308 [WARNING]     第5页第2次服务端错误提示, 等待重试
2026-05-20 10:23:56,428 [INFO]     第 5 页 20 条 (2025/10/16 19:04:55 → 2025/10/16 17:34:55)
2026-05-20 10:23:57,008 [INFO]     第 6 页 20 条 (2025/10/16 17:29:55 → 2025/10/16 16:04:54)
2026-05-20 10:23:57,833 [WARNING]     第7页第1次服务端错误提示, 等待重试
2026-05-20 10:23:59,609 [INFO]     第 7 页 20 条 (2025/10/16 16:04:27 → 2025/10/16 15:04:54)
2026-05-20 10:24:00,224 [INFO]     第 8 页 20 条 (2025/10/16 15:04:51 → 2025/10/16 13:49:54)
2026-05-20 10:24:00,856 [WARNING]     第9页第1次服务端错误提示, 等待重试
2026-05-20 10:24:02,434 [WARNING]     第9页第2次服务端错误提示, 等待重试
2026-05-20 10:24:05,580 [INFO]     第 9 页 20 条 (2025/10/16 13:44:54 → 2025/10/16 12:19:54)
2026-05-20 10:24:06,262 [INFO]     第 10 页 20 条 (2025/10/16 12:14:54 → 2025/10/16 10:57:37)
2026-05-20 10:24:06,983 [INFO]     第 11 页 20 条 (2025/10/16 10:54:53 → 2025/10/16 10:10:27)
2026-05-20 10:24:07,664 [INFO]     第 12 页 20 条 (2025/10/16 10:10:23 → 2025/10/16 09:31:29)
2026-05-20 10:24:07,665 [INFO]   ✓ 2025-10-16 10:04:53  折算价=709.68
2026-05-20 10:24:08,887 [INFO] === 2025-10-17 ===
2026-05-20 10:24:08,932 [INFO]   #1 OCR=IPze
2026-05-20 10:24:09,097 [INFO]     第 1 页 20 条 (2025/10/17 00:00:02 → 2025/10/17 22:40:02)  共 14 页
2026-05-20 10:24:09,220 [INFO]     第 2 页 20 条 (2025/10/17 22:35:02 → 2025/10/17 21:35:01)
2026-05-20 10:24:09,776 [INFO]     第 3 页 20 条 (2025/10/17 21:34:19 → 2025/10/17 20:15:01)
2026-05-20 10:24:10,284 [INFO]     第 4 页 20 条 (2025/10/17 20:14:05 → 2025/10/17 19:11:05)
2026-05-20 10:24:11,006 [INFO]     第 5 页 20 条 (2025/10/17 19:10:01 → 2025/10/17 18:00:01)
2026-05-20 10:24:11,877 [INFO]     第 6 页 20 条 (2025/10/17 17:55:01 → 2025/10/17 16:35:00)
2026-05-20 10:24:12,439 [INFO]     第 7 页 20 条 (2025/10/17 16:33:04 → 2025/10/17 15:25:00)
2026-05-20 10:24:13,272 [INFO]     第 8 页 20 条 (2025/10/17 15:23:01 → 2025/10/17 14:54:34)
2026-05-20 10:24:14,007 [INFO]     第 9 页 20 条 (2025/10/17 14:50:00 → 2025/10/17 13:50:00)
2026-05-20 10:24:14,634 [INFO]     第 10 页 20 条 (2025/10/17 13:45:00 → 2025/10/17 12:19:59)
2026-05-20 10:24:15,101 [INFO]     第 11 页 20 条 (2025/10/17 12:14:59 → 2025/10/17 10:54:59)
2026-05-20 10:24:15,683 [INFO]     第 12 页 20 条 (2025/10/17 10:49:59 → 2025/10/17 09:59:46)
2026-05-20 10:24:15,685 [INFO]   ✓ 2025-10-17 10:04:59  折算价=709.49
2026-05-20 10:24:16,672 [INFO] === 2025-10-18 ===
2026-05-20 10:24:16,727 [INFO]   #1 OCR=eqzn
2026-05-20 10:24:16,781 [INFO]   #1 验证码/服务端错误
2026-05-20 10:24:16,828 [INFO]   #2 OCR=zbi1
2026-05-20 10:24:16,942 [INFO]     第 1 页 18 条 (2025/10/18 10:30:00 → 2025/10/18 00:00:05)  共 1 页
2026-05-20 10:24:16,943 [INFO]   ✓ 2025-10-18 10:30:00  折算价=709.49
2026-05-20 10:24:16,944 [INFO] >>> 进度: 130/344 (37.8%) <<<
2026-05-20 10:24:17,975 [INFO] === 2025-10-19 ===
2026-05-20 10:24:18,018 [INFO]   #1 OCR=AP4a
2026-05-20 10:24:18,189 [INFO]     第 1 页 6 条 (2025/10/19 10:30:00 → 2025/10/19 00:00:05)  共 1 页
2026-05-20 10:24:18,189 [INFO]   ✓ 2025-10-19 10:30:00  折算价=709.49
2026-05-20 10:24:19,249 [INFO] === 2025-10-20 ===
2026-05-20 10:24:19,299 [INFO]   #1 OCR=4kz
2026-05-20 10:24:19,395 [INFO]   #1 验证码/服务端错误
2026-05-20 10:24:19,441 [INFO]   #2 OCR=oke8
2026-05-20 10:24:19,551 [INFO]   #2 验证码/服务端错误
2026-05-20 10:24:19,595 [INFO]   #3 OCR=yxwn
2026-05-20 10:24:19,776 [INFO]     第 1 页 20 条 (2025/10/20 23:56:50 → 2025/10/20 22:21:50)  共 12 页
2026-05-20 10:24:19,890 [INFO]     第 2 页 20 条 (2025/10/20 22:16:50 → 2025/10/20 20:51:50)
2026-05-20 10:24:20,686 [INFO]     第 3 页 20 条 (2025/10/20 20:50:42 → 2025/10/20 19:21:49)
2026-05-20 10:24:21,464 [INFO]     第 4 页 20 条 (2025/10/20 19:16:49 → 2025/10/20 17:45:20)
2026-05-20 10:24:22,121 [WARNING]     第5页第1次服务端错误提示, 等待重试
2026-05-20 10:24:23,731 [INFO]     第 5 页 20 条 (2025/10/20 17:41:49 → 2025/10/20 16:26:49)
2026-05-20 10:24:24,307 [INFO]     第 6 页 20 条 (2025/10/20 16:21:49 → 2025/10/20 15:07:23)
2026-05-20 10:24:24,906 [INFO]     第 7 页 20 条 (2025/10/20 15:06:48 → 2025/10/20 14:01:48)
2026-05-20 10:24:25,755 [INFO]     第 8 页 20 条 (2025/10/20 13:56:48 → 2025/10/20 12:46:48)
2026-05-20 10:24:28,096 [WARNING]     第9页第1次服务端错误提示, 等待重试
2026-05-20 10:24:29,894 [WARNING]     第9页第2次服务端错误提示, 等待重试
2026-05-20 10:24:33,000 [INFO]     第 9 页 20 条 (2025/10/20 12:41:48 → 2025/10/20 11:16:47)
2026-05-20 10:24:33,552 [INFO]     第 10 页 20 条 (2025/10/20 11:11:47 → 2025/10/20 10:10:21)
2026-05-20 10:24:34,045 [INFO]     第 11 页 20 条 (2025/10/20 10:10:17 → 2025/10/20 07:18:44)
2026-05-20 10:24:34,046 [INFO]   ✓ 2025-10-20 10:00:17  折算价=709.73
2026-05-20 10:24:35,318 [INFO] === 2025-10-21 ===
2026-05-20 10:24:35,363 [INFO]   #1 OCR=Hnyy
2026-05-20 10:24:35,520 [INFO]     第 1 页 20 条 (2025/10/21 23:56:56 → 2025/10/21 22:44:54)  共 14 页
2026-05-20 10:24:35,645 [INFO]     第 2 页 20 条 (2025/10/21 22:41:56 → 2025/10/21 21:41:27)
2026-05-20 10:24:35,989 [WARNING]     第3页第1次服务端错误提示, 等待重试
2026-05-20 10:24:37,528 [WARNING]     第3页第2次服务端错误提示, 等待重试
2026-05-20 10:24:40,569 [WARNING]     第3页第3次服务端错误提示, 等待重试
2026-05-20 10:24:45,070 [WARNING]   第3页重试全部失败 → 重取验证码重启
2026-05-20 10:24:45,116 [INFO]   #2 OCR=AJJw
2026-05-20 10:24:45,333 [INFO]     第 1 页 20 条 (2025/10/21 23:56:56 → 2025/10/21 22:44:54)  共 14 页
2026-05-20 10:24:45,372 [WARNING]     第2页第1次服务端错误提示, 等待重试
2026-05-20 10:24:46,989 [INFO]     第 2 页 20 条 (2025/10/21 22:41:56 → 2025/10/21 21:41:27)
2026-05-20 10:24:47,696 [WARNING]     第3页第1次服务端错误提示, 等待重试
2026-05-20 10:24:49,237 [WARNING]     第3页第2次服务端错误提示, 等待重试
2026-05-20 10:24:52,276 [WARNING]     第3页第3次服务端错误提示, 等待重试
2026-05-20 10:24:56,777 [WARNING]   第3页重试全部失败 → 重取验证码重启
2026-05-20 10:24:56,821 [INFO]   #3 OCR=xyaw
2026-05-20 10:24:56,873 [INFO]   #3 验证码/服务端错误
2026-05-20 10:24:56,919 [INFO]   #4 OCR=P42w
2026-05-20 10:24:57,040 [INFO]     第 1 页 20 条 (2025/10/21 23:56:56 → 2025/10/21 22:44:54)  共 14 页
2026-05-20 10:24:57,157 [INFO]     第 2 页 20 条 (2025/10/21 22:41:56 → 2025/10/21 21:41:27)
2026-05-20 10:24:57,997 [INFO]     第 3 页 20 条 (2025/10/21 21:38:32 → 2025/10/21 20:30:23)
2026-05-20 10:24:58,913 [INFO]     第 4 页 20 条 (2025/10/21 20:30:03 → 2025/10/21 19:16:55)
2026-05-20 10:24:59,703 [WARNING]     第5页第1次服务端错误提示, 等待重试
2026-05-20 10:25:01,362 [INFO]     第 5 页 20 条 (2025/10/21 19:11:55 → 2025/10/21 17:51:55)
2026-05-20 10:25:01,888 [INFO]     第 6 页 20 条 (2025/10/21 17:46:55 → 2025/10/21 16:47:24)
2026-05-20 10:25:02,597 [INFO]     第 7 页 20 条 (2025/10/21 16:46:54 → 2025/10/21 15:36:54)
2026-05-20 10:25:03,294 [WARNING]     第8页第1次服务端错误提示, 等待重试
2026-05-20 10:25:04,830 [WARNING]     第8页第2次服务端错误提示, 等待重试
2026-05-20 10:25:07,868 [WARNING]     第8页第3次服务端错误提示, 等待重试
2026-05-20 10:25:12,369 [WARNING]   第8页重试全部失败 → 重取验证码重启
2026-05-20 10:25:12,415 [INFO]   #5 OCR=QT54
2026-05-20 10:25:12,605 [INFO]     第 1 页 20 条 (2025/10/21 23:56:56 → 2025/10/21 22:44:54)  共 14 页
2026-05-20 10:25:12,724 [INFO]     第 2 页 20 条 (2025/10/21 22:41:56 → 2025/10/21 21:41:27)
2026-05-20 10:25:13,158 [INFO]     第 3 页 20 条 (2025/10/21 21:38:32 → 2025/10/21 20:30:23)
2026-05-20 10:25:14,019 [INFO]     第 4 页 20 条 (2025/10/21 20:30:03 → 2025/10/21 19:16:55)
2026-05-20 10:25:14,548 [INFO]     第 5 页 20 条 (2025/10/21 19:11:55 → 2025/10/21 17:51:55)
2026-05-20 10:25:15,181 [INFO]     第 6 页 20 条 (2025/10/21 17:46:55 → 2025/10/21 16:47:24)
2026-05-20 10:25:16,043 [INFO]     第 7 页 20 条 (2025/10/21 16:46:54 → 2025/10/21 15:36:54)
2026-05-20 10:25:16,561 [INFO]     第 8 页 20 条 (2025/10/21 15:31:54 → 2025/10/21 14:16:54)
2026-05-20 10:25:17,184 [INFO]     第 9 页 20 条 (2025/10/21 14:11:54 → 2025/10/21 12:56:54)
2026-05-20 10:25:17,960 [INFO]     第 10 页 20 条 (2025/10/21 12:56:14 → 2025/10/21 11:36:53)
2026-05-20 10:25:18,842 [INFO]     第 11 页 20 条 (2025/10/21 11:31:53 → 2025/10/21 10:25:22)
2026-05-20 10:25:19,677 [INFO]     第 12 页 20 条 (2025/10/21 10:24:14 → 2025/10/21 09:41:53)
2026-05-20 10:25:19,678 [INFO]   ✓ 2025-10-21 10:01:53  折算价=709.3
2026-05-20 10:25:20,531 [INFO] === 2025-10-22 ===
2026-05-20 10:25:20,573 [INFO]   #1 OCR=zyyx
2026-05-20 10:25:20,772 [INFO]     第 1 页 20 条 (2025/10/22 23:57:02 → 2025/10/22 22:52:02)  共 13 页
2026-05-20 10:25:20,877 [INFO]     第 2 页 20 条 (2025/10/22 22:47:02 → 2025/10/22 21:37:01)
2026-05-20 10:25:21,752 [INFO]     第 3 页 20 条 (2025/10/22 21:36:56 → 2025/10/22 20:47:01)
2026-05-20 10:25:22,342 [INFO]     第 4 页 20 条 (2025/10/22 20:46:20 → 2025/10/22 19:32:01)
2026-05-20 10:25:22,889 [INFO]     第 5 页 20 条 (2025/10/22 19:27:01 → 2025/10/22 17:52:01)
2026-05-20 10:25:23,682 [INFO]     第 6 页 20 条 (2025/10/22 17:47:00 → 2025/10/22 16:17:00)
2026-05-20 10:25:24,509 [INFO]     第 7 页 20 条 (2025/10/22 16:14:04 → 2025/10/22 15:12:00)
2026-05-20 10:25:25,170 [WARNING]     第8页第1次服务端错误提示, 等待重试
2026-05-20 10:25:28,929 [WARNING]     第8页第2次服务端错误提示, 等待重试
2026-05-20 10:25:31,967 [WARNING]     第8页第3次服务端错误提示, 等待重试
2026-05-20 10:25:36,468 [WARNING]   第8页重试全部失败 → 重取验证码重启
2026-05-20 10:25:36,519 [INFO]   #2 OCR=peu2
2026-05-20 10:25:36,635 [INFO]   #2 验证码/服务端错误
2026-05-20 10:25:36,684 [INFO]   #3 OCR=ktrc
2026-05-20 10:25:36,864 [INFO]     第 1 页 20 条 (2025/10/22 23:57:02 → 2025/10/22 22:52:02)  共 13 页
2026-05-20 10:25:36,984 [INFO]     第 2 页 20 条 (2025/10/22 22:47:02 → 2025/10/22 21:37:01)
2026-05-20 10:25:37,640 [WARNING]     第3页第1次服务端错误提示, 等待重试
2026-05-20 10:25:39,277 [INFO]     第 3 页 20 条 (2025/10/22 21:36:56 → 2025/10/22 20:47:01)
2026-05-20 10:25:40,181 [INFO]     第 4 页 20 条 (2025/10/22 20:46:20 → 2025/10/22 19:32:01)
2026-05-20 10:25:41,017 [INFO]     第 5 页 20 条 (2025/10/22 19:27:01 → 2025/10/22 17:52:01)
2026-05-20 10:25:41,497 [INFO]     第 6 页 20 条 (2025/10/22 17:47:00 → 2025/10/22 16:17:00)
2026-05-20 10:25:42,339 [INFO]     第 7 页 20 条 (2025/10/22 16:14:04 → 2025/10/22 15:12:00)
2026-05-20 10:25:43,102 [INFO]     第 8 页 20 条 (2025/10/22 15:09:21 → 2025/10/22 14:07:00)
2026-05-20 10:25:43,886 [WARNING]     第9页第1次服务端错误提示, 等待重试
2026-05-20 10:25:45,518 [INFO]     第 9 页 20 条 (2025/10/22 14:03:28 → 2025/10/22 12:36:59)
2026-05-20 10:25:46,100 [INFO]     第 10 页 20 条 (2025/10/22 12:31:59 → 2025/10/22 11:01:59)
2026-05-20 10:25:46,701 [WARNING]     第11页第1次服务端错误提示, 等待重试
2026-05-20 10:25:48,238 [WARNING]     第11页第2次服务端错误提示, 等待重试
2026-05-20 10:25:51,277 [WARNING]     第11页第3次服务端错误提示, 等待重试
2026-05-20 10:25:55,778 [WARNING]   第11页重试全部失败 → 重取验证码重启
2026-05-20 10:25:55,823 [INFO]   #4 OCR=xRth
2026-05-20 10:25:55,985 [INFO]     第 1 页 20 条 (2025/10/22 23:57:02 → 2025/10/22 22:52:02)  共 13 页
2026-05-20 10:25:56,120 [INFO]     第 2 页 20 条 (2025/10/22 22:47:02 → 2025/10/22 21:37:01)
2026-05-20 10:25:56,550 [WARNING]     第3页第1次服务端错误提示, 等待重试
2026-05-20 10:25:58,174 [INFO]     第 3 页 20 条 (2025/10/22 21:36:56 → 2025/10/22 20:47:01)
2026-05-20 10:25:58,994 [INFO]     第 4 页 20 条 (2025/10/22 20:46:20 → 2025/10/22 19:32:01)
2026-05-20 10:25:59,631 [INFO]     第 5 页 20 条 (2025/10/22 19:27:01 → 2025/10/22 17:52:01)
2026-05-20 10:26:00,155 [INFO]     第 6 页 20 条 (2025/10/22 17:47:00 → 2025/10/22 16:17:00)
2026-05-20 10:26:00,836 [INFO]     第 7 页 20 条 (2025/10/22 16:14:04 → 2025/10/22 15:12:00)
2026-05-20 10:26:01,224 [WARNING]     第8页第1次服务端错误提示, 等待重试
2026-05-20 10:26:02,855 [INFO]     第 8 页 20 条 (2025/10/22 15:09:21 → 2025/10/22 14:07:00)
2026-05-20 10:26:03,350 [INFO]     第 9 页 20 条 (2025/10/22 14:03:28 → 2025/10/22 12:36:59)
2026-05-20 10:26:04,126 [INFO]     第 10 页 20 条 (2025/10/22 12:31:59 → 2025/10/22 11:01:59)
2026-05-20 10:26:04,779 [WARNING]     第11页第1次服务端错误提示, 等待重试
2026-05-20 10:26:06,395 [INFO]     第 11 页 20 条 (2025/10/22 10:56:59 → 2025/10/22 09:56:59)
2026-05-20 10:26:06,397 [INFO]   ✓ 2025-10-22 10:01:04  折算价=709.54
2026-05-20 10:26:07,425 [INFO] === 2025-10-23 ===
2026-05-20 10:26:07,469 [INFO]   #1 OCR=2Lxg
2026-05-20 10:26:07,557 [INFO]   #1 验证码/服务端错误
2026-05-20 10:26:07,608 [INFO]   #2 OCR=kx8q
2026-05-20 10:26:07,703 [INFO]   #2 验证码/服务端错误
2026-05-20 10:26:07,742 [INFO]   #3 OCR=ambk
2026-05-20 10:26:07,830 [INFO]   #3 验证码/服务端错误
2026-05-20 10:26:07,869 [INFO]   #4 OCR=3nLP
2026-05-20 10:26:08,051 [INFO]     第 1 页 20 条 (2025/10/23 23:57:08 → 2025/10/23 22:32:07)  共 11 页
2026-05-20 10:26:08,085 [WARNING]     第2页第1次服务端错误提示, 等待重试
2026-05-20 10:26:09,622 [WARNING]     第2页第2次服务端错误提示, 等待重试
2026-05-20 10:26:12,679 [WARNING]     第2页第3次服务端错误提示, 等待重试
2026-05-20 10:26:17,180 [WARNING]   第2页重试全部失败 → 重取验证码重启
2026-05-20 10:26:17,255 [INFO]   #5 OCR=vau
2026-05-20 10:26:17,312 [INFO]   #5 验证码/服务端错误
2026-05-20 10:26:17,365 [INFO]   #6 OCR=tT7k
2026-05-20 10:26:17,531 [INFO]     第 1 页 20 条 (2025/10/23 23:57:08 → 2025/10/23 22:32:07)  共 11 页
2026-05-20 10:26:17,675 [INFO]     第 2 页 20 条 (2025/10/23 22:30:29 → 2025/10/23 21:06:31)
2026-05-20 10:26:18,553 [INFO]     第 3 页 20 条 (2025/10/23 21:02:07 → 2025/10/23 19:37:07)
2026-05-20 10:26:19,155 [INFO]     第 4 页 20 条 (2025/10/23 19:32:07 → 2025/10/23 18:02:06)
2026-05-20 10:26:19,825 [INFO]     第 5 页 20 条 (2025/10/23 17:57:06 → 2025/10/23 16:32:06)
2026-05-20 10:26:20,735 [INFO]     第 6 页 20 条 (2025/10/23 16:27:06 → 2025/10/23 15:12:06)
2026-05-20 10:26:21,534 [INFO]     第 7 页 20 条 (2025/10/23 15:07:06 → 2025/10/23 13:42:05)
2026-05-20 10:26:22,386 [INFO]     第 8 页 20 条 (2025/10/23 13:37:05 → 2025/10/23 12:02:05)
2026-05-20 10:26:23,296 [INFO]     第 9 页 20 条 (2025/10/23 11:57:05 → 2025/10/23 10:30:00)
2026-05-20 10:26:23,881 [INFO]     第 10 页 20 条 (2025/10/23 10:30:00 → 2025/10/23 09:32:04)
2026-05-20 10:26:23,882 [INFO]   ✓ 2025-10-23 10:02:04  折算价=709.18
2026-05-20 10:26:24,936 [INFO] === 2025-10-24 ===
2026-05-20 10:26:24,983 [INFO]   #1 OCR=Jvur
2026-05-20 10:26:25,084 [INFO]   #1 验证码/服务端错误
2026-05-20 10:26:25,123 [INFO]   #2 OCR=mDut
2026-05-20 10:26:25,295 [INFO]     第 1 页 20 条 (2025/10/24 23:57:14 → 2025/10/24 22:47:13)  共 12 页
2026-05-20 10:26:25,416 [INFO]     第 2 页 20 条 (2025/10/24 22:42:13 → 2025/10/24 21:48:34)
2026-05-20 10:26:26,182 [INFO]     第 3 页 20 条 (2025/10/24 21:47:13 → 2025/10/24 20:52:13)
2026-05-20 10:26:28,926 [INFO]     第 4 页 20 条 (2025/10/24 20:49:56 → 2025/10/24 19:32:13)
2026-05-20 10:26:29,527 [INFO]     第 5 页 20 条 (2025/10/24 19:27:13 → 2025/10/24 17:52:12)
2026-05-20 10:26:29,957 [INFO]     第 6 页 20 条 (2025/10/24 17:47:12 → 2025/10/24 16:22:12)
2026-05-20 10:26:30,372 [INFO]     第 7 页 20 条 (2025/10/24 16:17:12 → 2025/10/24 15:12:11)
2026-05-20 10:26:30,884 [INFO]     第 8 页 20 条 (2025/10/24 15:07:11 → 2025/10/24 14:02:11)
2026-05-20 10:26:31,329 [INFO]     第 9 页 20 条 (2025/10/24 14:00:18 → 2025/10/24 12:17:11)
2026-05-20 10:26:31,970 [INFO]     第 10 页 20 条 (2025/10/24 12:12:11 → 2025/10/24 10:41:46)
2026-05-20 10:26:32,833 [INFO]     第 11 页 20 条 (2025/10/24 10:41:13 → 2025/10/24 09:42:10)
2026-05-20 10:26:32,835 [INFO]   ✓ 2025-10-24 10:02:10  折算价=709.28
2026-05-20 10:26:34,135 [INFO] === 2025-10-25 ===
2026-05-20 10:26:34,184 [INFO]   #1 OCR=cqxl
2026-05-20 10:26:34,369 [INFO]     第 1 页 16 条 (2025/10/25 10:30:00 → 2025/10/25 00:00:05)  共 1 页
2026-05-20 10:26:34,369 [INFO]   ✓ 2025-10-25 10:30:00  折算价=709.28
2026-05-20 10:26:35,372 [INFO] === 2025-10-26 ===
2026-05-20 10:26:35,420 [INFO]   #1 OCR=kEoa
2026-05-20 10:26:35,611 [INFO]     第 1 页 6 条 (2025/10/26 10:30:00 → 2025/10/26 00:00:05)  共 1 页
2026-05-20 10:26:35,611 [INFO]   ✓ 2025-10-26 10:30:00  折算价=709.28
2026-05-20 10:26:36,912 [INFO] === 2025-10-27 ===
2026-05-20 10:26:36,957 [INFO]   #1 OCR=tau6
2026-05-20 10:26:37,176 [INFO]     第 1 页 20 条 (2025/10/27 23:57:31 → 2025/10/27 22:37:31)  共 12 页
2026-05-20 10:26:37,295 [INFO]     第 2 页 20 条 (2025/10/27 22:35:26 → 2025/10/27 21:17:31)
2026-05-20 10:26:37,902 [INFO]     第 3 页 20 条 (2025/10/27 21:12:31 → 2025/10/27 19:47:30)
2026-05-20 10:26:38,443 [WARNING]     第4页第1次服务端错误提示, 等待重试
2026-05-20 10:26:40,053 [INFO]     第 4 页 20 条 (2025/10/27 19:42:30 → 2025/10/27 18:22:30)
2026-05-20 10:26:40,777 [INFO]     第 5 页 20 条 (2025/10/27 18:17:30 → 2025/10/27 17:20:11)
2026-05-20 10:26:41,425 [INFO]     第 6 页 20 条 (2025/10/27 17:17:30 → 2025/10/27 16:36:19)
2026-05-20 10:26:42,139 [WARNING]     第7页第1次服务端错误提示, 等待重试
2026-05-20 10:26:43,768 [INFO]     第 7 页 20 条 (2025/10/27 16:32:30 → 2025/10/27 15:12:29)
2026-05-20 10:26:44,374 [WARNING]     第8页第1次服务端错误提示, 等待重试
2026-05-20 10:26:45,986 [INFO]     第 8 页 20 条 (2025/10/27 15:07:29 → 2025/10/27 13:47:29)
2026-05-20 10:26:46,497 [INFO]     第 9 页 20 条 (2025/10/27 13:42:29 → 2025/10/27 12:12:28)
2026-05-20 10:26:47,043 [WARNING]     第10页第1次服务端错误提示, 等待重试
2026-05-20 10:26:48,583 [WARNING]     第10页第2次服务端错误提示, 等待重试
2026-05-20 10:26:51,628 [WARNING]     第10页第3次服务端错误提示, 等待重试
2026-05-20 10:26:56,129 [WARNING]   第10页重试全部失败 → 重取验证码重启
2026-05-20 10:26:56,173 [INFO]   #2 OCR=qcxc
2026-05-20 10:26:56,372 [INFO]     第 1 页 20 条 (2025/10/27 23:57:31 → 2025/10/27 22:37:31)  共 12 页
2026-05-20 10:26:56,408 [WARNING]     第2页第1次服务端错误提示, 等待重试
2026-05-20 10:26:58,033 [INFO]     第 2 页 20 条 (2025/10/27 22:35:26 → 2025/10/27 21:17:31)
2026-05-20 10:26:58,927 [INFO]     第 3 页 20 条 (2025/10/27 21:12:31 → 2025/10/27 19:47:30)
2026-05-20 10:26:59,490 [INFO]     第 4 页 20 条 (2025/10/27 19:42:30 → 2025/10/27 18:22:30)
2026-05-20 10:26:59,996 [INFO]     第 5 页 20 条 (2025/10/27 18:17:30 → 2025/10/27 17:20:11)
2026-05-20 10:27:00,675 [INFO]     第 6 页 20 条 (2025/10/27 17:17:30 → 2025/10/27 16:36:19)
2026-05-20 10:27:01,131 [WARNING]     第7页第1次服务端错误提示, 等待重试
2026-05-20 10:27:02,760 [INFO]     第 7 页 20 条 (2025/10/27 16:32:30 → 2025/10/27 15:12:29)
2026-05-20 10:27:03,201 [WARNING]     第8页第1次服务端错误提示, 等待重试
2026-05-20 10:27:04,743 [WARNING]     第8页第2次服务端错误提示, 等待重试
2026-05-20 10:27:07,779 [WARNING]     第8页第3次服务端错误提示, 等待重试
2026-05-20 10:27:12,280 [WARNING]   第8页重试全部失败 → 重取验证码重启
2026-05-20 10:27:12,326 [INFO]   #3 OCR=8Rh6
2026-05-20 10:27:12,419 [INFO]   #3 验证码/服务端错误
2026-05-20 10:27:12,465 [INFO]   #4 OCR=g7gg
2026-05-20 10:27:12,564 [INFO]   #4 验证码/服务端错误
2026-05-20 10:27:12,612 [INFO]   #5 OCR=gnds
2026-05-20 10:27:12,718 [INFO]   #5 验证码/服务端错误
2026-05-20 10:27:12,773 [INFO]   #6 OCR=nzck
2026-05-20 10:27:12,887 [INFO]   #6 验证码/服务端错误
2026-05-20 10:27:12,936 [INFO]   #7 OCR=xiuu
2026-05-20 10:27:13,058 [INFO]   #7 验证码/服务端错误
2026-05-20 10:27:13,107 [INFO]   #8 OCR=f2j9
2026-05-20 10:27:13,221 [INFO]   #8 验证码/服务端错误
2026-05-20 10:27:13,222 [ERROR]   ✗ 2025-10-27 已重试 8 次, 跳过
2026-05-20 10:27:14,385 [INFO] === 2025-10-28 ===
2026-05-20 10:27:14,428 [INFO]   #1 OCR=QtoN
2026-05-20 10:27:14,548 [INFO]   #1 验证码/服务端错误
2026-05-20 10:27:14,587 [INFO]   #2 OCR=dwsz
2026-05-20 10:27:14,708 [INFO]   #2 验证码/服务端错误
2026-05-20 10:27:14,752 [INFO]   #3 OCR=AjR
2026-05-20 10:27:14,858 [INFO]   #3 验证码/服务端错误
2026-05-20 10:27:14,899 [INFO]   #4 OCR=5imL
2026-05-20 10:27:14,985 [INFO]   #4 验证码/服务端错误
2026-05-20 10:27:15,026 [INFO]   #5 OCR=diu
2026-05-20 10:27:15,111 [INFO]   #5 验证码/服务端错误
2026-05-20 10:27:15,153 [INFO]   #6 OCR=RzwQ
2026-05-20 10:27:15,240 [INFO]   #6 验证码/服务端错误
2026-05-20 10:27:15,285 [INFO]   #7 OCR=wyiz
2026-05-20 10:27:15,369 [INFO]   #7 验证码/服务端错误
2026-05-20 10:27:15,415 [INFO]   #8 OCR=y6c9
2026-05-20 10:27:15,502 [INFO]   #8 验证码/服务端错误
2026-05-20 10:27:15,502 [ERROR]   ✗ 2025-10-28 已重试 8 次, 跳过
2026-05-20 10:27:15,502 [INFO] >>> 进度: 140/344 (40.7%) <<<
2026-05-20 10:27:16,949 [INFO] === 2025-10-29 ===
2026-05-20 10:27:16,989 [INFO]   #1 OCR=okm
2026-05-20 10:27:17,077 [INFO]   #1 验证码/服务端错误
2026-05-20 10:27:17,120 [INFO]   #2 OCR=Dimk
2026-05-20 10:27:17,290 [INFO]     第 1 页 20 条 (2025/10/29 23:57:43 → 2025/10/29 22:42:43)  共 13 页
2026-05-20 10:27:17,326 [WARNING]     第2页第1次服务端错误提示, 等待重试
2026-05-20 10:27:18,938 [INFO]     第 2 页 20 条 (2025/10/29 22:37:43 → 2025/10/29 21:32:42)
2026-05-20 10:27:19,745 [INFO]     第 3 页 20 条 (2025/10/29 21:27:42 → 2025/10/29 20:12:42)
2026-05-20 10:27:20,415 [INFO]     第 4 页 20 条 (2025/10/29 20:07:42 → 2025/10/29 18:37:42)
2026-05-20 10:27:20,844 [INFO]     第 5 页 20 条 (2025/10/29 18:32:42 → 2025/10/29 17:17:41)
2026-05-20 10:27:21,604 [INFO]     第 6 页 20 条 (2025/10/29 17:12:41 → 2025/10/29 15:46:39)
2026-05-20 10:27:22,135 [INFO]     第 7 页 20 条 (2025/10/29 15:42:41 → 2025/10/29 14:32:41)
2026-05-20 10:27:22,855 [INFO]     第 8 页 20 条 (2025/10/29 14:27:41 → 2025/10/29 13:12:40)
2026-05-20 10:27:23,359 [INFO]     第 9 页 20 条 (2025/10/29 13:12:27 → 2025/10/29 11:37:40)
2026-05-20 10:27:24,053 [INFO]     第 10 页 20 条 (2025/10/29 11:32:40 → 2025/10/29 10:30:00)
2026-05-20 10:27:24,981 [INFO]     第 11 页 20 条 (2025/10/29 10:27:40 → 2025/10/29 09:31:47)
2026-05-20 10:27:24,982 [INFO]   ✓ 2025-10-29 10:02:40  折算价=708.43
2026-05-20 10:27:26,284 [INFO] === 2025-10-30 ===
2026-05-20 10:27:26,324 [INFO]   #1 OCR=hhu2
2026-05-20 10:27:26,449 [INFO]     第 1 页 20 条 (2025/10/30 23:57:49 → 2025/10/30 22:37:48)  共 17 页
2026-05-20 10:27:29,846 [INFO]     第 2 页 20 条 (2025/10/30 22:34:42 → 2025/10/30 22:02:41)
2026-05-20 10:27:30,470 [INFO]     第 3 页 20 条 (2025/10/30 22:01:20 → 2025/10/30 21:12:48)
2026-05-20 10:27:31,276 [INFO]     第 4 页 20 条 (2025/10/30 21:10:43 → 2025/10/30 20:22:48)
2026-05-20 10:27:31,823 [INFO]     第 5 页 20 条 (2025/10/30 20:17:48 → 2025/10/30 18:57:48)
2026-05-20 10:27:32,449 [INFO]     第 6 页 20 条 (2025/10/30 18:52:47 → 2025/10/30 17:27:47)
2026-05-20 10:27:33,128 [INFO]     第 7 页 20 条 (2025/10/30 17:22:47 → 2025/10/30 16:22:47)
2026-05-20 10:27:33,807 [INFO]     第 8 页 20 条 (2025/10/30 16:17:47 → 2025/10/30 15:27:47)
2026-05-20 10:27:34,519 [INFO]     第 9 页 20 条 (2025/10/30 15:25:56 → 2025/10/30 14:45:14)
2026-05-20 10:27:35,018 [INFO]     第 10 页 20 条 (2025/10/30 14:42:46 → 2025/10/30 14:11:26)
2026-05-20 10:27:35,488 [INFO]     第 11 页 20 条 (2025/10/30 14:07:46 → 2025/10/30 13:22:40)
2026-05-20 10:27:36,086 [INFO]     第 12 页 20 条 (2025/10/30 13:22:05 → 2025/10/30 12:35:06)
2026-05-20 10:27:36,674 [INFO]     第 13 页 20 条 (2025/10/30 12:32:46 → 2025/10/30 11:30:11)
2026-05-20 10:27:37,486 [INFO]     第 14 页 20 条 (2025/10/30 11:29:51 → 2025/10/30 10:32:46)
2026-05-20 10:27:37,985 [INFO]     第 15 页 20 条 (2025/10/30 10:30:00 → 2025/10/30 09:42:45)
2026-05-20 10:27:37,987 [INFO]   ✓ 2025-10-30 10:02:45  折算价=708.64
2026-05-20 10:27:39,403 [INFO] === 2025-10-31 ===
2026-05-20 10:27:39,455 [INFO]   #1 OCR=rfan
2026-05-20 10:27:39,632 [INFO]     第 1 页 20 条 (2025/10/31 23:57:55 → 2025/10/31 23:02:54)  共 14 页
2026-05-20 10:27:39,749 [INFO]     第 2 页 20 条 (2025/10/31 23:00:52 → 2025/10/31 21:52:54)
2026-05-20 10:27:40,115 [WARNING]     第3页第1次服务端错误提示, 等待重试
2026-05-20 10:27:41,721 [INFO]     第 3 页 20 条 (2025/10/31 21:52:18 → 2025/10/31 20:37:54)
2026-05-20 10:27:42,490 [INFO]     第 4 页 20 条 (2025/10/31 20:37:07 → 2025/10/31 19:35:33)
2026-05-20 10:27:43,126 [WARNING]     第5页第1次服务端错误提示, 等待重试
2026-05-20 10:27:44,746 [INFO]     第 5 页 20 条 (2025/10/31 19:32:53 → 2025/10/31 18:02:53)
2026-05-20 10:27:45,150 [WARNING]     第6页第1次服务端错误提示, 等待重试
2026-05-20 10:27:46,688 [WARNING]     第6页第2次服务端错误提示, 等待重试
2026-05-20 10:27:49,725 [WARNING]     第6页第3次服务端错误提示, 等待重试
2026-05-20 10:27:54,226 [WARNING]   第6页重试全部失败 → 重取验证码重启
2026-05-20 10:27:54,269 [INFO]   #2 OCR=3htI
2026-05-20 10:27:54,355 [INFO]   #2 验证码/服务端错误
2026-05-20 10:27:54,399 [INFO]   #3 OCR=p8f
2026-05-20 10:27:54,486 [INFO]   #3 验证码/服务端错误
2026-05-20 10:27:54,528 [INFO]   #4 OCR=Hpaa
2026-05-20 10:27:54,614 [INFO]   #4 验证码/服务端错误
2026-05-20 10:27:54,662 [INFO]   #5 OCR=zyji
2026-05-20 10:27:54,834 [INFO]     第 1 页 20 条 (2025/10/31 23:57:55 → 2025/10/31 23:02:54)  共 14 页
2026-05-20 10:27:54,875 [WARNING]     第2页第1次服务端错误提示, 等待重试
2026-05-20 10:27:56,410 [WARNING]     第2页第2次服务端错误提示, 等待重试
2026-05-20 10:27:59,525 [INFO]     第 2 页 20 条 (2025/10/31 23:00:52 → 2025/10/31 21:52:54)
2026-05-20 10:28:00,066 [INFO]     第 3 页 20 条 (2025/10/31 21:52:18 → 2025/10/31 20:37:54)
2026-05-20 10:28:00,799 [WARNING]     第4页第1次服务端错误提示, 等待重试
2026-05-20 10:28:02,335 [WARNING]     第4页第2次服务端错误提示, 等待重试
2026-05-20 10:28:05,456 [INFO]     第 4 页 20 条 (2025/10/31 20:37:07 → 2025/10/31 19:35:33)
2026-05-20 10:28:05,985 [INFO]     第 5 页 20 条 (2025/10/31 19:32:53 → 2025/10/31 18:02:53)
2026-05-20 10:28:06,708 [WARNING]     第6页第1次服务端错误提示, 等待重试
2026-05-20 10:28:08,246 [WARNING]     第6页第2次服务端错误提示, 等待重试
2026-05-20 10:28:11,284 [WARNING]     第6页第3次服务端错误提示, 等待重试
2026-05-20 10:28:15,785 [WARNING]   第6页重试全部失败 → 重取验证码重启
2026-05-20 10:28:15,833 [INFO]   #6 OCR=uts
2026-05-20 10:28:15,940 [INFO]   #6 验证码/服务端错误
2026-05-20 10:28:15,985 [INFO]   #7 OCR=n8Lz
2026-05-20 10:28:16,191 [INFO]     第 1 页 20 条 (2025/10/31 23:57:55 → 2025/10/31 23:02:54)  共 14 页
2026-05-20 10:28:16,319 [INFO]     第 2 页 20 条 (2025/10/31 23:00:52 → 2025/10/31 21:52:54)
2026-05-20 10:28:16,826 [INFO]     第 3 页 20 条 (2025/10/31 21:52:18 → 2025/10/31 20:37:54)
2026-05-20 10:28:17,415 [WARNING]     第4页第1次服务端错误提示, 等待重试
2026-05-20 10:28:18,955 [WARNING]     第4页第2次服务端错误提示, 等待重试
2026-05-20 10:28:22,072 [INFO]     第 4 页 20 条 (2025/10/31 20:37:07 → 2025/10/31 19:35:33)
2026-05-20 10:28:22,684 [INFO]     第 5 页 20 条 (2025/10/31 19:32:53 → 2025/10/31 18:02:53)
2026-05-20 10:28:23,573 [INFO]     第 6 页 20 条 (2025/10/31 17:57:53 → 2025/10/31 16:42:53)
2026-05-20 10:28:24,084 [INFO]     第 7 页 20 条 (2025/10/31 16:39:39 → 2025/10/31 15:37:53)
2026-05-20 10:28:24,540 [INFO]     第 8 页 20 条 (2025/10/31 15:32:53 → 2025/10/31 14:52:52)
2026-05-20 10:28:25,130 [INFO]     第 9 页 20 条 (2025/10/31 14:51:55 → 2025/10/31 13:37:52)
2026-05-20 10:28:25,810 [INFO]     第 10 页 20 条 (2025/10/31 13:37:26 → 2025/10/31 12:02:52)
2026-05-20 10:28:30,095 [INFO]     第 11 页 20 条 (2025/10/31 12:01:21 → 2025/10/31 10:57:51)
2026-05-20 10:28:31,697 [INFO]     第 12 页 20 条 (2025/10/31 10:56:00 → 2025/10/31 09:57:51)
2026-05-20 10:28:31,699 [INFO]   ✓ 2025-10-31 10:01:25  折算价=708.8
2026-05-20 10:28:32,711 [INFO] === 2025-11-01 ===
2026-05-20 10:28:32,757 [INFO]   #1 OCR=vza
2026-05-20 10:28:32,865 [INFO]   #1 验证码/服务端错误
2026-05-20 10:28:32,908 [INFO]   #2 OCR=Ewmk
2026-05-20 10:28:33,084 [INFO]     第 1 页 16 条 (2025/11/01 10:30:00 → 2025/11/01 00:00:05)  共 1 页
2026-05-20 10:28:33,085 [INFO]   ✓ 2025-11-01 10:30:00  折算价=708.8
2026-05-20 10:28:34,451 [INFO] === 2025-11-02 ===
2026-05-20 10:28:34,500 [INFO]   #1 OCR=xcFi
2026-05-20 10:28:34,612 [INFO]   #1 验证码/服务端错误
2026-05-20 10:28:34,655 [INFO]   #2 OCR=zxuz
2026-05-20 10:28:34,868 [INFO]     第 1 页 6 条 (2025/11/02 10:30:00 → 2025/11/02 00:00:05)  共 1 页
2026-05-20 10:28:34,868 [INFO]   ✓ 2025-11-02 10:30:00  折算价=708.8
2026-05-20 10:28:36,236 [INFO] === 2025-11-03 ===
2026-05-20 10:28:36,283 [INFO]   #1 OCR=eIz
2026-05-20 10:28:36,393 [INFO]   #1 验证码/服务端错误
2026-05-20 10:28:36,436 [INFO]   #2 OCR=vB1f
2026-05-20 10:28:36,683 [INFO]     第 1 页 20 条 (2025/11/03 23:58:12 → 2025/11/03 23:00:23)  共 12 页
2026-05-20 10:28:36,794 [INFO]     第 2 页 20 条 (2025/11/03 23:00:03 → 2025/11/03 21:28:12)
2026-05-20 10:28:37,645 [INFO]     第 3 页 20 条 (2025/11/03 21:23:12 → 2025/11/03 19:58:11)
2026-05-20 10:28:38,430 [INFO]     第 4 页 20 条 (2025/11/03 19:53:11 → 2025/11/03 18:18:11)
2026-05-20 10:28:39,097 [INFO]     第 5 页 20 条 (2025/11/03 18:13:11 → 2025/11/03 16:43:10)
2026-05-20 10:28:39,739 [INFO]     第 6 页 20 条 (2025/11/03 16:40:28 → 2025/11/03 16:06:44)
2026-05-20 10:28:40,283 [INFO]     第 7 页 20 条 (2025/11/03 16:03:10 → 2025/11/03 15:09:46)
2026-05-20 10:28:41,185 [INFO]     第 8 页 20 条 (2025/11/03 15:08:10 → 2025/11/03 13:53:10)
2026-05-20 10:28:41,901 [INFO]     第 9 页 20 条 (2025/11/03 13:48:10 → 2025/11/03 12:13:09)
2026-05-20 10:28:42,536 [INFO]     第 10 页 20 条 (2025/11/03 12:08:09 → 2025/11/03 10:37:10)
2026-05-20 10:28:43,153 [INFO]     第 11 页 20 条 (2025/11/03 10:36:17 → 2025/11/03 09:48:09)
2026-05-20 10:28:43,157 [INFO]   ✓ 2025-11-03 10:03:09  折算价=708.67
2026-05-20 10:28:44,364 [INFO] === 2025-11-04 ===
2026-05-20 10:28:44,406 [INFO]   #1 OCR=9sa
2026-05-20 10:28:44,515 [INFO]   #1 验证码/服务端错误
2026-05-20 10:28:44,561 [INFO]   #2 OCR=fbsh
2026-05-20 10:28:44,738 [INFO]     第 1 页 20 条 (2025/11/04 23:58:18 → 2025/11/04 22:45:55)  共 14 页
2026-05-20 10:28:44,873 [INFO]     第 2 页 20 条 (2025/11/04 22:43:18 → 2025/11/04 21:28:17)
2026-05-20 10:28:45,745 [INFO]     第 3 页 20 条 (2025/11/04 21:23:17 → 2025/11/04 19:58:17)
2026-05-20 10:28:46,343 [INFO]     第 4 页 20 条 (2025/11/04 19:57:00 → 2025/11/04 18:28:17)
2026-05-20 10:28:47,122 [INFO]     第 5 页 20 条 (2025/11/04 18:23:17 → 2025/11/04 17:23:16)
2026-05-20 10:28:47,734 [INFO]     第 6 页 20 条 (2025/11/04 17:22:21 → 2025/11/04 16:23:16)
2026-05-20 10:28:48,640 [INFO]     第 7 页 20 条 (2025/11/04 16:19:33 → 2025/11/04 15:24:31)
2026-05-20 10:28:49,285 [INFO]     第 8 页 20 条 (2025/11/04 15:23:16 → 2025/11/04 14:23:16)
2026-05-20 10:28:49,658 [WARNING]     第9页第1次服务端错误提示, 等待重试
2026-05-20 10:28:51,313 [INFO]     第 9 页 20 条 (2025/11/04 14:22:59 → 2025/11/04 13:08:15)
2026-05-20 10:28:51,947 [INFO]     第 10 页 20 条 (2025/11/04 13:03:15 → 2025/11/04 11:31:32)
2026-05-20 10:28:52,548 [WARNING]     第11页第1次服务端错误提示, 等待重试
2026-05-20 10:28:54,087 [WARNING]     第11页第2次服务端错误提示, 等待重试
2026-05-20 10:28:57,194 [INFO]     第 11 页 20 条 (2025/11/04 11:28:15 → 2025/11/04 10:18:59)
2026-05-20 10:28:57,911 [WARNING]     第12页第1次服务端错误提示, 等待重试
2026-05-20 10:28:59,455 [WARNING]     第12页第2次服务端错误提示, 等待重试
2026-05-20 10:29:02,493 [WARNING]     第12页第3次服务端错误提示, 等待重试
2026-05-20 10:29:06,994 [WARNING]   第12页重试全部失败 → 重取验证码重启
2026-05-20 10:29:07,045 [INFO]   #3 OCR=qqwu
2026-05-20 10:29:07,137 [INFO]   #3 验证码/服务端错误
2026-05-20 10:29:07,183 [INFO]   #4 OCR=oLrh
2026-05-20 10:29:07,273 [INFO]   #4 验证码/服务端错误
2026-05-20 10:29:07,320 [INFO]   #5 OCR=obgk
2026-05-20 10:29:07,415 [INFO]   #5 验证码/服务端错误
2026-05-20 10:29:07,455 [INFO]   #6 OCR=cvLq
2026-05-20 10:29:07,547 [INFO]   #6 验证码/服务端错误
2026-05-20 10:29:07,592 [INFO]   #7 OCR=Fraq
2026-05-20 10:29:07,755 [INFO]     第 1 页 20 条 (2025/11/04 23:58:18 → 2025/11/04 22:45:55)  共 14 页
2026-05-20 10:29:07,868 [INFO]     第 2 页 20 条 (2025/11/04 22:43:18 → 2025/11/04 21:28:17)
2026-05-20 10:29:08,232 [WARNING]     第3页第1次服务端错误提示, 等待重试
2026-05-20 10:29:09,769 [WARNING]     第3页第2次服务端错误提示, 等待重试
2026-05-20 10:29:12,821 [WARNING]     第3页第3次服务端错误提示, 等待重试
2026-05-20 10:29:17,322 [WARNING]   第3页重试全部失败 → 重取验证码重启
2026-05-20 10:29:17,487 [INFO]   #8 OCR=uahz
2026-05-20 10:29:17,704 [INFO]   #8 验证码/服务端错误
2026-05-20 10:29:17,704 [ERROR]   ✗ 2025-11-04 已重试 8 次, 跳过
2026-05-20 10:29:19,092 [INFO] === 2025-11-05 ===
2026-05-20 10:29:19,136 [INFO]   #1 OCR=d8ee
2026-05-20 10:29:19,260 [INFO]   #1 验证码/服务端错误
2026-05-20 10:29:19,304 [INFO]   #2 OCR=7q6m
2026-05-20 10:29:19,402 [INFO]   #2 验证码/服务端错误
2026-05-20 10:29:19,446 [INFO]   #3 OCR=6Eh9
2026-05-20 10:29:19,544 [INFO]   #3 验证码/服务端错误
2026-05-20 10:29:19,592 [INFO]   #4 OCR=whcy
2026-05-20 10:29:19,693 [INFO]   #4 验证码/服务端错误
2026-05-20 10:29:19,736 [INFO]   #5 OCR=lbzl
2026-05-20 10:29:19,832 [INFO]   #5 验证码/服务端错误
2026-05-20 10:29:19,876 [INFO]   #6 OCR=aB4y
2026-05-20 10:29:19,969 [INFO]   #6 验证码/服务端错误
2026-05-20 10:29:20,011 [INFO]   #7 OCR=hke9
2026-05-20 10:29:20,175 [INFO]     第 1 页 20 条 (2025/11/05 23:58:24 → 2025/11/05 22:58:24)  共 13 页
2026-05-20 10:29:20,212 [WARNING]     第2页第1次服务端错误提示, 等待重试
2026-05-20 10:29:21,750 [WARNING]     第2页第2次服务端错误提示, 等待重试
2026-05-20 10:29:25,065 [INFO]     第 2 页 20 条 (2025/11/05 22:55:01 → 2025/11/05 21:38:23)
2026-05-20 10:29:25,882 [INFO]     第 3 页 20 条 (2025/11/05 21:33:23 → 2025/11/05 20:18:23)
2026-05-20 10:29:32,463 [INFO]     第 4 页 20 条 (2025/11/05 20:13:23 → 2025/11/05 18:38:23)
2026-05-20 10:29:33,219 [INFO]     第 5 页 20 条 (2025/11/05 18:33:22 → 2025/11/05 17:08:22)
2026-05-20 10:29:33,815 [INFO]     第 6 页 20 条 (2025/11/05 17:03:22 → 2025/11/05 16:03:22)
2026-05-20 10:29:34,575 [INFO]     第 7 页 20 条 (2025/11/05 15:58:22 → 2025/11/05 14:53:22)
2026-05-20 10:29:35,351 [INFO]     第 8 页 20 条 (2025/11/05 14:48:22 → 2025/11/05 13:43:21)
2026-05-20 10:29:35,892 [INFO]     第 9 页 20 条 (2025/11/05 13:38:21 → 2025/11/05 12:08:21)
2026-05-20 10:29:36,793 [INFO]     第 10 页 20 条 (2025/11/05 12:03:21 → 2025/11/05 10:43:21)
2026-05-20 10:29:37,261 [INFO]     第 11 页 20 条 (2025/11/05 10:38:21 → 2025/11/05 10:00:24)
2026-05-20 10:29:37,892 [INFO]     第 12 页 20 条 (2025/11/05 09:58:20 → 2025/11/05 08:41:11)
2026-05-20 10:29:37,894 [INFO]   ✓ 2025-11-05 10:00:24  折算价=709.01
2026-05-20 10:29:38,991 [INFO] === 2025-11-06 ===
2026-05-20 10:29:39,039 [INFO]   #1 OCR=9myj
2026-05-20 10:29:39,204 [INFO]     第 1 页 20 条 (2025/11/06 23:58:30 → 2025/11/06 22:58:29)  共 14 页
2026-05-20 10:29:39,326 [INFO]     第 2 页 20 条 (2025/11/06 22:53:29 → 2025/11/06 21:48:29)
2026-05-20 10:29:39,936 [INFO]     第 3 页 20 条 (2025/11/06 21:48:07 → 2025/11/06 20:38:29)
2026-05-20 10:29:40,464 [INFO]     第 4 页 20 条 (2025/11/06 20:34:38 → 2025/11/06 19:43:29)
2026-05-20 10:29:41,233 [INFO]     第 5 页 20 条 (2025/11/06 19:38:29 → 2025/11/06 18:13:28)
2026-05-20 10:29:41,983 [INFO]     第 6 页 20 条 (2025/11/06 18:08:28 → 2025/11/06 16:56:26)
2026-05-20 10:29:42,799 [INFO]     第 7 页 20 条 (2025/11/06 16:53:28 → 2025/11/06 15:23:28)
2026-05-20 10:29:43,315 [INFO]     第 8 页 20 条 (2025/11/06 15:21:21 → 2025/11/06 14:03:27)
2026-05-20 10:29:43,851 [INFO]     第 9 页 20 条 (2025/11/06 13:58:27 → 2025/11/06 11:53:27)
2026-05-20 10:29:44,549 [INFO]     第 10 页 20 条 (2025/11/06 11:48:27 → 2025/11/06 10:33:26)
2026-05-20 10:29:45,300 [INFO]     第 11 页 20 条 (2025/11/06 10:30:00 → 2025/11/06 09:43:26)
2026-05-20 10:29:45,302 [INFO]   ✓ 2025-11-06 10:03:21  折算价=708.65
2026-05-20 10:29:46,684 [INFO] === 2025-11-07 ===
2026-05-20 10:29:46,729 [INFO]   #1 OCR=udzp
2026-05-20 10:29:46,900 [INFO]     第 1 页 20 条 (2025/11/07 23:58:35 → 2025/11/07 22:53:35)  共 14 页
2026-05-20 10:29:47,028 [INFO]     第 2 页 20 条 (2025/11/07 22:53:16 → 2025/11/07 21:47:08)
2026-05-20 10:29:47,632 [INFO]     第 3 页 20 条 (2025/11/07 21:43:35 → 2025/11/07 20:38:35)
2026-05-20 10:29:48,118 [INFO]     第 4 页 20 条 (2025/11/07 20:33:35 → 2025/11/07 19:08:34)
2026-05-20 10:29:48,851 [INFO]     第 5 页 20 条 (2025/11/07 19:03:34 → 2025/11/07 17:33:34)
2026-05-20 10:29:49,627 [INFO]     第 6 页 20 条 (2025/11/07 17:28:34 → 2025/11/07 15:58:33)
2026-05-20 10:29:50,452 [INFO]     第 7 页 20 条 (2025/11/07 15:55:32 → 2025/11/07 14:28:33)
2026-05-20 10:29:51,171 [INFO]     第 8 页 20 条 (2025/11/07 14:23:33 → 2025/11/07 13:03:33)
2026-05-20 10:29:51,679 [WARNING]     第9页第1次服务端错误提示, 等待重试
2026-05-20 10:29:53,296 [INFO]     第 9 页 20 条 (2025/11/07 12:58:33 → 2025/11/07 11:23:32)
2026-05-20 10:29:53,818 [WARNING]     第10页第1次服务端错误提示, 等待重试
2026-05-20 10:29:55,362 [WARNING]     第10页第2次服务端错误提示, 等待重试
2026-05-20 10:29:58,503 [INFO]     第 10 页 20 条 (2025/11/07 11:18:32 → 2025/11/07 10:13:32)
2026-05-20 10:29:59,178 [INFO]     第 11 页 20 条 (2025/11/07 10:13:14 → 2025/11/07 09:30:49)
2026-05-20 10:29:59,180 [INFO]   ✓ 2025-11-07 10:03:32  折算价=708.36
2026-05-20 10:29:59,181 [INFO] >>> 进度: 150/344 (43.6%) <<<
2026-05-20 10:30:00,507 [INFO] === 2025-11-08 ===
2026-05-20 10:30:00,552 [INFO]   #1 OCR=z92z
2026-05-20 10:30:00,645 [INFO]   #1 验证码/服务端错误
2026-05-20 10:30:00,695 [INFO]   #2 OCR=s615
2026-05-20 10:30:00,788 [INFO]   #2 验证码/服务端错误
2026-05-20 10:30:00,830 [INFO]   #3 OCR=RAre
2026-05-20 10:30:00,918 [INFO]   #3 验证码/服务端错误
2026-05-20 10:30:00,959 [INFO]   #4 OCR=xyj4
2026-05-20 10:30:01,043 [INFO]   #4 验证码/服务端错误
2026-05-20 10:30:01,094 [INFO]   #5 OCR=sic
2026-05-20 10:30:01,190 [INFO]   #5 验证码/服务端错误
2026-05-20 10:30:01,232 [INFO]   #6 OCR=xu8
2026-05-20 10:30:01,327 [INFO]   #6 验证码/服务端错误
2026-05-20 10:30:01,372 [INFO]   #7 OCR=1np5
2026-05-20 10:30:01,469 [INFO]   #7 验证码/服务端错误
2026-05-20 10:30:01,516 [INFO]   #8 OCR=dnLn
2026-05-20 10:30:01,703 [INFO]     第 1 页 20 条 (2025/11/08 10:30:00 → 2025/11/08 02:03:36)  共 3 页
2026-05-20 10:30:01,703 [INFO]   ✓ 2025-11-08 10:30:00  折算价=708.36
2026-05-20 10:30:02,894 [INFO] === 2025-11-09 ===
2026-05-20 10:30:02,937 [INFO]   #1 OCR=dq6b
2026-05-20 10:30:03,049 [INFO]     第 1 页 6 条 (2025/11/09 10:30:00 → 2025/11/09 00:00:05)  共 1 页
2026-05-20 10:30:03,049 [INFO]   ✓ 2025-11-09 10:30:00  折算价=708.36
2026-05-20 10:30:04,330 [INFO] === 2025-11-10 ===
2026-05-20 10:30:04,382 [INFO]   #1 OCR=qsx1
2026-05-20 10:30:04,470 [INFO]   #1 验证码/服务端错误
2026-05-20 10:30:04,517 [INFO]   #2 OCR=e6bg
2026-05-20 10:30:04,604 [INFO]   #2 验证码/服务端错误
2026-05-20 10:30:04,645 [INFO]   #3 OCR=1gfq
2026-05-20 10:30:04,719 [INFO]   #3 验证码/服务端错误
2026-05-20 10:30:04,760 [INFO]   #4 OCR=xcHb
2026-05-20 10:30:04,836 [INFO]   #4 验证码/服务端错误
2026-05-20 10:30:04,878 [INFO]   #5 OCR=oRt
2026-05-20 10:30:04,962 [INFO]   #5 验证码/服务端错误
2026-05-20 10:30:05,004 [INFO]   #6 OCR=74ID
2026-05-20 10:30:05,056 [INFO]   #6 验证码/服务端错误
2026-05-20 10:30:05,098 [INFO]   #7 OCR=ats
2026-05-20 10:30:05,186 [INFO]   #7 验证码/服务端错误
2026-05-20 10:30:05,227 [INFO]   #8 OCR=mhw4
2026-05-20 10:30:05,319 [INFO]   #8 验证码/服务端错误
2026-05-20 10:30:05,319 [ERROR]   ✗ 2025-11-10 已重试 8 次, 跳过
2026-05-20 10:30:06,186 [INFO] === 2025-11-11 ===
2026-05-20 10:30:06,230 [INFO]   #1 OCR=5gTj
2026-05-20 10:30:06,271 [INFO]   #1 验证码/服务端错误
2026-05-20 10:30:06,318 [INFO]   #2 OCR=Ipr
2026-05-20 10:30:06,365 [INFO]   #2 验证码/服务端错误
2026-05-20 10:30:06,407 [INFO]   #3 OCR=hxnw
2026-05-20 10:30:06,483 [INFO]   #3 验证码/服务端错误
2026-05-20 10:30:06,526 [INFO]   #4 OCR=6ykx
2026-05-20 10:30:06,654 [INFO]     第 1 页 20 条 (2025/11/11 23:58:59 → 2025/11/11 22:38:59)  共 13 页
2026-05-20 10:30:06,770 [INFO]     第 2 页 20 条 (2025/11/11 22:37:26 → 2025/11/11 21:26:29)
2026-05-20 10:30:07,539 [WARNING]     第3页第1次服务端错误提示, 等待重试
2026-05-20 10:30:09,077 [WARNING]     第3页第2次服务端错误提示, 等待重试
2026-05-20 10:30:12,205 [INFO]     第 3 页 20 条 (2025/11/11 21:25:21 → 2025/11/11 20:03:58)
2026-05-20 10:30:12,710 [WARNING]     第4页第1次服务端错误提示, 等待重试
2026-05-20 10:30:14,248 [WARNING]     第4页第2次服务端错误提示, 等待重试
2026-05-20 10:30:17,285 [WARNING]     第4页第3次服务端错误提示, 等待重试
2026-05-20 10:30:21,786 [WARNING]   第4页重试全部失败 → 重取验证码重启
2026-05-20 10:30:21,828 [INFO]   #5 OCR=kust
2026-05-20 10:30:21,915 [INFO]   #5 验证码/服务端错误
2026-05-20 10:30:21,960 [INFO]   #6 OCR=y6Lm
2026-05-20 10:30:22,002 [INFO]   #6 验证码/服务端错误
2026-05-20 10:30:22,048 [INFO]   #7 OCR=8sbh
2026-05-20 10:30:22,095 [INFO]   #7 验证码/服务端错误
2026-05-20 10:30:22,136 [INFO]   #8 OCR=QPd8
2026-05-20 10:30:22,210 [INFO]   #8 验证码/服务端错误
2026-05-20 10:30:22,210 [ERROR]   ✗ 2025-11-11 已重试 8 次, 跳过
2026-05-20 10:30:23,190 [INFO] === 2025-11-12 ===
2026-05-20 10:30:23,236 [INFO]   #1 OCR=daiH
2026-05-20 10:30:23,289 [INFO]   #1 验证码/服务端错误
2026-05-20 10:30:23,329 [INFO]   #2 OCR=tvNE
2026-05-20 10:30:23,379 [INFO]   #2 验证码/服务端错误
2026-05-20 10:30:23,419 [INFO]   #3 OCR=rybv
2026-05-20 10:30:23,563 [INFO]     第 1 页 20 条 (2025/11/12 23:59:05 → 2025/11/12 22:49:05)  共 13 页
2026-05-20 10:30:23,602 [WARNING]     第2页第1次服务端错误提示, 等待重试
2026-05-20 10:30:25,138 [WARNING]     第2页第2次服务端错误提示, 等待重试
2026-05-20 10:30:28,261 [INFO]     第 2 页 20 条 (2025/11/12 22:44:05 → 2025/11/12 21:24:04)
2026-05-20 10:30:29,075 [INFO]     第 3 页 20 条 (2025/11/12 21:19:04 → 2025/11/12 19:54:04)
2026-05-20 10:30:29,952 [INFO]     第 4 页 20 条 (2025/11/12 19:49:04 → 2025/11/12 18:19:04)
2026-05-20 10:30:30,423 [WARNING]     第5页第1次服务端错误提示, 等待重试
2026-05-20 10:30:32,062 [INFO]     第 5 页 20 条 (2025/11/12 18:14:03 → 2025/11/12 16:59:03)
2026-05-20 10:30:32,791 [WARNING]     第6页第1次服务端错误提示, 等待重试
2026-05-20 10:30:34,448 [INFO]     第 6 页 20 条 (2025/11/12 16:55:35 → 2025/11/12 15:49:03)
2026-05-20 10:30:35,059 [INFO]     第 7 页 20 条 (2025/11/12 15:44:03 → 2025/11/12 14:09:03)
2026-05-20 10:30:35,636 [WARNING]     第8页第1次服务端错误提示, 等待重试
2026-05-20 10:30:37,300 [INFO]     第 8 页 20 条 (2025/11/12 14:04:02 → 2025/11/12 12:34:02)
2026-05-20 10:30:37,959 [INFO]     第 9 页 20 条 (2025/11/12 12:29:02 → 2025/11/12 10:59:02)
2026-05-20 10:30:38,685 [INFO]     第 10 页 20 条 (2025/11/12 10:54:02 → 2025/11/12 09:49:01)
2026-05-20 10:30:38,686 [INFO]   ✓ 2025-11-12 10:04:02  折算价=708.33
2026-05-20 10:30:40,151 [INFO] === 2025-11-13 ===
2026-05-20 10:30:40,193 [INFO]   #1 OCR=5k84
2026-05-20 10:30:40,364 [INFO]     第 1 页 20 条 (2025/11/13 23:59:11 → 2025/11/13 22:34:10)  共 15 页
2026-05-20 10:30:40,475 [INFO]     第 2 页 20 条 (2025/11/13 22:29:10 → 2025/11/13 21:14:10)
2026-05-20 10:30:41,391 [INFO]     第 3 页 20 条 (2025/11/13 21:09:10 → 2025/11/13 19:49:10)
2026-05-20 10:30:42,173 [INFO]     第 4 页 20 条 (2025/11/13 19:47:30 → 2025/11/13 18:14:09)
2026-05-20 10:30:42,838 [INFO]     第 5 页 20 条 (2025/11/13 18:09:09 → 2025/11/13 16:53:29)
2026-05-20 10:30:43,443 [INFO]     第 6 页 20 条 (2025/11/13 16:53:04 → 2025/11/13 16:09:04)
2026-05-20 10:30:44,131 [INFO]     第 7 页 20 条 (2025/11/13 16:06:14 → 2025/11/13 15:28:04)
2026-05-20 10:30:44,892 [INFO]     第 8 页 20 条 (2025/11/13 15:24:09 → 2025/11/13 14:34:08)
2026-05-20 10:30:45,767 [INFO]     第 9 页 20 条 (2025/11/13 14:31:54 → 2025/11/13 13:24:08)
2026-05-20 10:30:46,198 [WARNING]     第10页第1次服务端错误提示, 等待重试
2026-05-20 10:30:47,733 [WARNING]     第10页第2次服务端错误提示, 等待重试
2026-05-20 10:30:50,869 [INFO]     第 10 页 20 条 (2025/11/13 13:19:08 → 2025/11/13 11:54:08)
2026-05-20 10:30:51,696 [INFO]     第 11 页 20 条 (2025/11/13 11:52:43 → 2025/11/13 11:11:10)
2026-05-20 10:30:52,609 [INFO]     第 12 页 20 条 (2025/11/13 11:09:08 → 2025/11/13 10:14:40)
2026-05-20 10:30:53,455 [INFO]     第 13 页 20 条 (2025/11/13 10:14:07 → 2025/11/13 07:25:38)
2026-05-20 10:30:53,456 [INFO]   ✓ 2025-11-13 10:04:04  折算价=708.65
2026-05-20 10:30:54,356 [INFO] === 2025-11-14 ===
2026-05-20 10:30:54,395 [INFO]   #1 OCR=quf2
2026-05-20 10:30:54,589 [INFO]     第 1 页 20 条 (2025/11/14 23:59:17 → 2025/11/14 23:04:16)  共 19 页
2026-05-20 10:30:54,730 [INFO]     第 2 页 20 条 (2025/11/14 23:01:05 → 2025/11/14 22:14:16)
2026-05-20 10:30:55,423 [INFO]     第 3 页 20 条 (2025/11/14 22:13:23 → 2025/11/14 21:26:59)
2026-05-20 10:30:56,058 [WARNING]     第4页第1次服务端错误提示, 等待重试
2026-05-20 10:30:57,697 [INFO]     第 4 页 20 条 (2025/11/14 21:23:32 → 2025/11/14 20:34:16)
2026-05-20 10:30:58,519 [WARNING]     第5页第1次服务端错误提示, 等待重试
2026-05-20 10:31:00,147 [INFO]     第 5 页 20 条 (2025/11/14 20:29:16 → 2025/11/14 19:27:47)
2026-05-20 10:31:00,781 [INFO]     第 6 页 20 条 (2025/11/14 19:24:55 → 2025/11/14 18:18:57)
2026-05-20 10:31:01,438 [INFO]     第 7 页 20 条 (2025/11/14 18:14:15 → 2025/11/14 17:04:15)
2026-05-20 10:31:01,924 [INFO]     第 8 页 20 条 (2025/11/14 17:03:25 → 2025/11/14 16:42:07)
2026-05-20 10:31:02,481 [INFO]     第 9 页 20 条 (2025/11/14 16:39:15 → 2025/11/14 16:05:11)
2026-05-20 10:31:02,920 [WARNING]     第10页第1次服务端错误提示, 等待重试
2026-05-20 10:31:04,456 [WARNING]     第10页第2次服务端错误提示, 等待重试
2026-05-20 10:31:07,588 [INFO]     第 10 页 20 条 (2025/11/14 16:04:15 → 2025/11/14 15:31:13)
2026-05-20 10:31:08,407 [WARNING]     第11页第1次服务端错误提示, 等待重试
2026-05-20 10:31:09,943 [WARNING]     第11页第2次服务端错误提示, 等待重试
2026-05-20 10:31:13,072 [INFO]     第 11 页 20 条 (2025/11/14 15:29:14 → 2025/11/14 14:44:14)
2026-05-20 10:31:13,905 [INFO]     第 12 页 20 条 (2025/11/14 14:43:26 → 2025/11/14 13:44:14)
2026-05-20 10:31:14,725 [WARNING]     第13页第1次服务端错误提示, 等待重试
2026-05-20 10:31:16,359 [INFO]     第 13 页 20 条 (2025/11/14 13:39:14 → 2025/11/14 12:04:14)
2026-05-20 10:31:17,095 [WARNING]     第14页第1次服务端错误提示, 等待重试
2026-05-20 10:31:18,722 [INFO]     第 14 页 20 条 (2025/11/14 11:59:14 → 2025/11/14 10:45:50)
2026-05-20 10:31:19,359 [WARNING]     第15页第1次服务端错误提示, 等待重试
2026-05-20 10:31:20,989 [INFO]     第 15 页 20 条 (2025/11/14 10:44:52 → 2025/11/14 10:06:00)
2026-05-20 10:31:21,787 [INFO]     第 16 页 20 条 (2025/11/14 10:05:28 → 2025/11/14 09:40:19)
2026-05-20 10:31:21,788 [INFO]   ✓ 2025-11-14 10:00:19  折算价=708.25
2026-05-20 10:31:22,870 [INFO] === 2025-11-15 ===
2026-05-20 10:31:22,915 [INFO]   #1 OCR=MFaw
2026-05-20 10:31:23,005 [INFO]   #1 验证码/服务端错误
2026-05-20 10:31:23,051 [INFO]   #2 OCR=hsga
2026-05-20 10:31:23,140 [INFO]   #2 验证码/服务端错误
2026-05-20 10:31:23,179 [INFO]   #3 OCR=9PBI
2026-05-20 10:31:23,328 [INFO]     第 1 页 20 条 (2025/11/15 10:30:00 → 2025/11/15 01:54:17)  共 3 页
2026-05-20 10:31:23,329 [INFO]   ✓ 2025-11-15 10:30:00  折算价=708.25
2026-05-20 10:31:24,650 [INFO] === 2025-11-16 ===
2026-05-20 10:31:24,693 [INFO]   #1 OCR=sbok
2026-05-20 10:31:24,863 [INFO]     第 1 页 6 条 (2025/11/16 10:30:00 → 2025/11/16 00:00:05)  共 1 页
2026-05-20 10:31:24,863 [INFO]   ✓ 2025-11-16 10:30:00  折算价=708.25
2026-05-20 10:31:25,767 [INFO] === 2025-11-17 ===
2026-05-20 10:31:25,810 [INFO]   #1 OCR=AdeF
2026-05-20 10:31:26,020 [INFO]     第 1 页 20 条 (2025/11/17 23:59:34 → 2025/11/17 22:34:34)  共 12 页
2026-05-20 10:31:26,062 [WARNING]     第2页第1次服务端错误提示, 等待重试
2026-05-20 10:31:27,708 [INFO]     第 2 页 20 条 (2025/11/17 22:29:34 → 2025/11/17 20:59:34)
2026-05-20 10:31:28,164 [WARNING]     第3页第1次服务端错误提示, 等待重试
2026-05-20 10:31:29,780 [INFO]     第 3 页 20 条 (2025/11/17 20:54:34 → 2025/11/17 19:29:33)
2026-05-20 10:31:30,263 [WARNING]     第4页第1次服务端错误提示, 等待重试
2026-05-20 10:31:31,876 [INFO]     第 4 页 20 条 (2025/11/17 19:24:33 → 2025/11/17 17:59:33)
2026-05-20 10:31:32,423 [WARNING]     第5页第1次服务端错误提示, 等待重试
2026-05-20 10:31:34,034 [INFO]     第 5 页 20 条 (2025/11/17 17:54:33 → 2025/11/17 16:52:34)
2026-05-20 10:31:34,528 [WARNING]     第6页第1次服务端错误提示, 等待重试
2026-05-20 10:31:36,146 [INFO]     第 6 页 20 条 (2025/11/17 16:49:33 → 2025/11/17 15:39:32)
2026-05-20 10:31:36,945 [INFO]     第 7 页 20 条 (2025/11/17 15:38:47 → 2025/11/17 14:44:32)
2026-05-20 10:31:37,389 [WARNING]     第8页第1次服务端错误提示, 等待重试
2026-05-20 10:31:39,036 [INFO]     第 8 页 20 条 (2025/11/17 14:39:32 → 2025/11/17 13:14:32)
2026-05-20 10:31:39,851 [INFO]     第 9 页 20 条 (2025/11/17 13:09:32 → 2025/11/17 11:39:31)
2026-05-20 10:31:40,301 [INFO]     第 10 页 20 条 (2025/11/17 11:34:31 → 2025/11/17 10:19:31)
2026-05-20 10:31:40,986 [WARNING]     第11页第1次服务端错误提示, 等待重试
2026-05-20 10:31:42,715 [INFO]     第 11 页 20 条 (2025/11/17 10:19:31 → 2025/11/17 09:37:25)
2026-05-20 10:31:42,718 [INFO]   ✓ 2025-11-17 10:04:31  折算价=708.16
2026-05-20 10:31:42,721 [INFO] >>> 进度: 160/344 (46.5%) <<<
2026-05-20 10:31:43,549 [INFO] === 2025-11-18 ===
2026-05-20 10:31:43,593 [INFO]   #1 OCR=5rnr
2026-05-20 10:31:43,738 [INFO]     第 1 页 20 条 (2025/11/18 23:59:40 → 2025/11/18 22:54:40)  共 15 页
2026-05-20 10:31:43,856 [INFO]     第 2 页 20 条 (2025/11/18 22:52:05 → 2025/11/18 21:34:40)
2026-05-20 10:31:44,341 [INFO]     第 3 页 20 条 (2025/11/18 21:29:40 → 2025/11/18 20:24:39)
2026-05-20 10:31:44,700 [WARNING]     第4页第1次服务端错误提示, 等待重试
2026-05-20 10:31:46,317 [INFO]     第 4 页 20 条 (2025/11/18 20:19:39 → 2025/11/18 18:49:39)
2026-05-20 10:31:47,044 [INFO]     第 5 页 20 条 (2025/11/18 18:44:39 → 2025/11/18 17:14:39)
2026-05-20 10:31:47,610 [INFO]     第 6 页 20 条 (2025/11/18 17:09:39 → 2025/11/18 15:59:38)
2026-05-20 10:31:48,136 [INFO]     第 7 页 20 条 (2025/11/18 15:58:05 → 2025/11/18 15:07:35)
2026-05-20 10:31:49,052 [INFO]     第 8 页 20 条 (2025/11/18 15:04:38 → 2025/11/18 14:14:38)
2026-05-20 10:31:49,890 [INFO]     第 9 页 20 条 (2025/11/18 14:09:38 → 2025/11/18 12:54:37)
2026-05-20 10:31:50,515 [WARNING]     第10页第1次服务端错误提示, 等待重试
2026-05-20 10:31:52,134 [INFO]     第 10 页 20 条 (2025/11/18 12:49:37 → 2025/11/18 11:30:25)
2026-05-20 10:31:52,845 [INFO]     第 11 页 20 条 (2025/11/18 11:30:01 → 2025/11/18 10:19:37)
2026-05-20 10:31:53,666 [WARNING]     第12页第1次服务端错误提示, 等待重试
2026-05-20 10:31:55,295 [INFO]     第 12 页 20 条 (2025/11/18 10:15:49 → 2025/11/18 09:39:37)
2026-05-20 10:31:55,296 [INFO]   ✓ 2025-11-18 10:04:10  折算价=708.56
2026-05-20 10:31:56,370 [INFO] === 2025-11-19 ===
2026-05-20 10:31:56,417 [INFO]   #1 OCR=r9QM
2026-05-20 10:31:56,578 [INFO]     第 1 页 20 条 (2025/11/19 23:59:46 → 2025/11/19 22:44:46)  共 14 页
2026-05-20 10:31:56,618 [WARNING]     第2页第1次服务端错误提示, 等待重试
2026-05-20 10:31:58,254 [INFO]     第 2 页 20 条 (2025/11/19 22:39:46 → 2025/11/19 21:14:45)
2026-05-20 10:31:58,787 [WARNING]     第3页第1次服务端错误提示, 等待重试
2026-05-20 10:32:00,329 [WARNING]     第3页第2次服务端错误提示, 等待重试
2026-05-20 10:32:03,463 [INFO]     第 3 页 20 条 (2025/11/19 21:09:45 → 2025/11/19 19:49:45)
2026-05-20 10:32:03,906 [INFO]     第 4 页 20 条 (2025/11/19 19:44:45 → 2025/11/19 18:34:45)
2026-05-20 10:32:04,844 [INFO]     第 5 页 20 条 (2025/11/19 18:29:45 → 2025/11/19 17:14:44)
2026-05-20 10:32:05,372 [INFO]     第 6 页 20 条 (2025/11/19 17:09:44 → 2025/11/19 15:56:02)
2026-05-20 10:32:06,098 [INFO]     第 7 页 20 条 (2025/11/19 15:55:39 → 2025/11/19 14:59:26)
2026-05-20 10:32:06,962 [INFO]     第 8 页 20 条 (2025/11/19 14:56:40 → 2025/11/19 13:34:44)
2026-05-20 10:32:07,904 [INFO]     第 9 页 20 条 (2025/11/19 13:33:43 → 2025/11/19 11:59:43)
2026-05-20 10:32:08,628 [WARNING]     第10页第1次服务端错误提示, 等待重试
2026-05-20 10:32:10,167 [WARNING]     第10页第2次服务端错误提示, 等待重试
2026-05-20 10:32:13,211 [WARNING]     第10页第3次服务端错误提示, 等待重试
2026-05-20 10:32:17,712 [WARNING]   第10页重试全部失败 → 重取验证码重启
2026-05-20 10:32:17,756 [INFO]   #2 OCR=qRwh
2026-05-20 10:32:17,841 [INFO]   #2 验证码/服务端错误
2026-05-20 10:32:17,886 [INFO]   #3 OCR=myap
2026-05-20 10:32:18,058 [INFO]     第 1 页 20 条 (2025/11/19 23:59:46 → 2025/11/19 22:44:46)  共 14 页
2026-05-20 10:32:18,208 [INFO]     第 2 页 20 条 (2025/11/19 22:39:46 → 2025/11/19 21:14:45)
2026-05-20 10:32:18,922 [INFO]     第 3 页 20 条 (2025/11/19 21:09:45 → 2025/11/19 19:49:45)
2026-05-20 10:32:19,359 [INFO]     第 4 页 20 条 (2025/11/19 19:44:45 → 2025/11/19 18:34:45)
2026-05-20 10:32:19,958 [INFO]     第 5 页 20 条 (2025/11/19 18:29:45 → 2025/11/19 17:14:44)
2026-05-20 10:32:20,545 [WARNING]     第6页第1次服务端错误提示, 等待重试
2026-05-20 10:32:22,084 [WARNING]     第6页第2次服务端错误提示, 等待重试
2026-05-20 10:32:25,128 [WARNING]     第6页第3次服务端错误提示, 等待重试
2026-05-20 10:32:29,629 [WARNING]   第6页重试全部失败 → 重取验证码重启
2026-05-20 10:32:31,704 [INFO]   #4 OCR=nwiq
2026-05-20 10:32:31,762 [INFO]   #4 验证码/服务端错误
2026-05-20 10:32:31,815 [INFO]   #5 OCR=1sTw
2026-05-20 10:32:31,998 [INFO]     第 1 页 20 条 (2025/11/19 23:59:46 → 2025/11/19 22:44:46)  共 14 页
2026-05-20 10:32:32,132 [INFO]     第 2 页 20 条 (2025/11/19 22:39:46 → 2025/11/19 21:14:45)
2026-05-20 10:32:32,612 [WARNING]     第3页第1次服务端错误提示, 等待重试
2026-05-20 10:32:34,155 [WARNING]     第3页第2次服务端错误提示, 等待重试
2026-05-20 10:32:37,271 [INFO]     第 3 页 20 条 (2025/11/19 21:09:45 → 2025/11/19 19:49:45)
2026-05-20 10:32:38,040 [INFO]     第 4 页 20 条 (2025/11/19 19:44:45 → 2025/11/19 18:34:45)
2026-05-20 10:32:38,491 [INFO]     第 5 页 20 条 (2025/11/19 18:29:45 → 2025/11/19 17:14:44)
2026-05-20 10:32:39,112 [WARNING]     第6页第1次服务端错误提示, 等待重试
2026-05-20 10:32:40,755 [INFO]     第 6 页 20 条 (2025/11/19 17:09:44 → 2025/11/19 15:56:02)
2026-05-20 10:32:41,288 [INFO]     第 7 页 20 条 (2025/11/19 15:55:39 → 2025/11/19 14:59:26)
2026-05-20 10:32:41,928 [INFO]     第 8 页 20 条 (2025/11/19 14:56:40 → 2025/11/19 13:34:44)
2026-05-20 10:32:42,698 [WARNING]     第9页第1次服务端错误提示, 等待重试
2026-05-20 10:32:44,322 [INFO]     第 9 页 20 条 (2025/11/19 13:33:43 → 2025/11/19 11:59:43)
2026-05-20 10:32:44,809 [INFO]     第 10 页 20 条 (2025/11/19 11:58:25 → 2025/11/19 10:39:42)
2026-05-20 10:32:45,247 [INFO]     第 11 页 20 条 (2025/11/19 10:34:43 → 2025/11/19 09:50:08)
2026-05-20 10:32:45,249 [INFO]   ✓ 2025-11-19 10:04:43  折算价=708.72
2026-05-20 10:32:46,652 [INFO] === 2025-11-20 ===
2026-05-20 10:32:46,699 [INFO]   #1 OCR=koa7
2026-05-20 10:32:46,848 [INFO]     第 1 页 20 条 (2025/11/20 23:59:52 → 2025/11/20 22:59:52)  共 16 页
2026-05-20 10:32:46,953 [INFO]     第 2 页 20 条 (2025/11/20 22:54:52 → 2025/11/20 21:54:51)
2026-05-20 10:32:47,812 [INFO]     第 3 页 20 条 (2025/11/20 21:50:38 → 2025/11/20 21:19:51)
2026-05-20 10:32:48,636 [INFO]     第 4 页 20 条 (2025/11/20 21:14:51 → 2025/11/20 19:54:51)
2026-05-20 10:32:49,414 [INFO]     第 5 页 20 条 (2025/11/20 19:49:51 → 2025/11/20 18:14:51)
2026-05-20 10:32:50,134 [INFO]     第 6 页 20 条 (2025/11/20 18:09:51 → 2025/11/20 16:34:50)
2026-05-20 10:32:50,677 [INFO]     第 7 页 20 条 (2025/11/20 16:33:41 → 2025/11/20 15:29:50)
2026-05-20 10:32:51,349 [INFO]     第 8 页 20 条 (2025/11/20 15:24:50 → 2025/11/20 14:24:50)
2026-05-20 10:32:51,954 [INFO]     第 9 页 20 条 (2025/11/20 14:19:50 → 2025/11/20 12:54:49)
2026-05-20 10:32:52,497 [INFO]     第 10 页 20 条 (2025/11/20 12:49:49 → 2025/11/20 11:14:49)
2026-05-20 10:32:53,356 [INFO]     第 11 页 20 条 (2025/11/20 11:14:17 → 2025/11/20 10:28:14)
2026-05-20 10:32:53,969 [INFO]     第 12 页 20 条 (2025/11/20 10:24:49 → 2025/11/20 09:49:48)
2026-05-20 10:32:53,971 [INFO]   ✓ 2025-11-20 10:00:34  折算价=709.05
2026-05-20 10:32:54,973 [INFO] === 2025-11-21 ===
2026-05-20 10:32:55,019 [INFO]   #1 OCR=rLf
2026-05-20 10:32:55,138 [INFO]   #1 验证码/服务端错误
2026-05-20 10:32:55,182 [INFO]   #2 OCR=1mtp
2026-05-20 10:32:55,293 [INFO]   #2 验证码/服务端错误
2026-05-20 10:32:55,338 [INFO]   #3 OCR=8kNi
2026-05-20 10:32:55,526 [INFO]     第 1 页 20 条 (2025/11/21 23:59:58 → 2025/11/21 23:18:08)  共 17 页
2026-05-20 10:32:55,563 [WARNING]     第2页第1次服务端错误提示, 等待重试
2026-05-20 10:32:57,099 [WARNING]     第2页第2次服务端错误提示, 等待重试
2026-05-20 10:33:00,216 [INFO]     第 2 页 20 条 (2025/11/21 23:14:58 → 2025/11/21 22:34:57)
2026-05-20 10:33:00,642 [WARNING]     第3页第1次服务端错误提示, 等待重试
2026-05-20 10:33:02,258 [INFO]     第 3 页 20 条 (2025/11/21 22:29:57 → 2025/11/21 21:14:57)
2026-05-20 10:33:02,857 [INFO]     第 4 页 20 条 (2025/11/21 21:09:57 → 2025/11/21 20:19:57)
2026-05-20 10:33:03,611 [INFO]     第 5 页 20 条 (2025/11/21 20:14:57 → 2025/11/21 18:44:57)
2026-05-20 10:33:04,552 [INFO]     第 6 页 20 条 (2025/11/21 18:39:56 → 2025/11/21 17:33:59)
2026-05-20 10:33:04,931 [WARNING]     第7页第1次服务端错误提示, 等待重试
2026-05-20 10:33:06,604 [INFO]     第 7 页 20 条 (2025/11/21 17:30:43 → 2025/11/21 16:36:48)
2026-05-20 10:33:07,318 [WARNING]     第8页第1次服务端错误提示, 等待重试
2026-05-20 10:33:08,857 [WARNING]     第8页第2次服务端错误提示, 等待重试
2026-05-20 10:33:11,894 [WARNING]     第8页第3次服务端错误提示, 等待重试
2026-05-20 10:33:16,395 [WARNING]   第8页重试全部失败 → 重取验证码重启
2026-05-20 10:33:16,437 [INFO]   #4 OCR=swry
2026-05-20 10:33:16,476 [INFO]   #4 验证码/服务端错误
2026-05-20 10:33:16,517 [INFO]   #5 OCR=see9
2026-05-20 10:33:16,632 [INFO]     第 1 页 20 条 (2025/11/21 23:59:58 → 2025/11/21 23:18:08)  共 17 页
2026-05-20 10:33:16,761 [INFO]     第 2 页 20 条 (2025/11/21 23:14:58 → 2025/11/21 22:34:57)
2026-05-20 10:33:17,448 [INFO]     第 3 页 20 条 (2025/11/21 22:29:57 → 2025/11/21 21:14:57)
2026-05-20 10:33:18,011 [WARNING]     第4页第1次服务端错误提示, 等待重试
2026-05-20 10:33:19,558 [WARNING]     第4页第2次服务端错误提示, 等待重试
2026-05-20 10:33:22,596 [WARNING]     第4页第3次服务端错误提示, 等待重试
2026-05-20 10:33:27,097 [WARNING]   第4页重试全部失败 → 重取验证码重启
2026-05-20 10:33:31,115 [INFO]   #6 OCR=7jvk
2026-05-20 10:33:31,754 [INFO]     第 1 页 20 条 (2025/11/21 23:59:58 → 2025/11/21 23:18:08)  共 17 页
2026-05-20 10:33:31,791 [WARNING]     第2页第1次服务端错误提示, 等待重试
2026-05-20 10:33:33,448 [INFO]     第 2 页 20 条 (2025/11/21 23:14:58 → 2025/11/21 22:34:57)
2026-05-20 10:33:33,875 [WARNING]     第3页第1次服务端错误提示, 等待重试
2026-05-20 10:33:35,414 [WARNING]     第3页第2次服务端错误提示, 等待重试
2026-05-20 10:33:38,454 [WARNING]     第3页第3次服务端错误提示, 等待重试
2026-05-20 10:33:42,955 [WARNING]   第3页重试全部失败 → 重取验证码重启
2026-05-20 10:33:43,015 [INFO]   #7 OCR=e9j
2026-05-20 10:33:43,117 [INFO]   #7 验证码/服务端错误
2026-05-20 10:33:43,174 [INFO]   #8 OCR=5dzh
2026-05-20 10:33:43,278 [INFO]   #8 验证码/服务端错误
2026-05-20 10:33:43,279 [ERROR]   ✗ 2025-11-21 已重试 8 次, 跳过
2026-05-20 10:33:44,705 [INFO] === 2025-11-22 ===
2026-05-20 10:33:44,755 [INFO]   #1 OCR=cuux
2026-05-20 10:33:44,918 [INFO]     第 1 页 20 条 (2025/11/22 10:30:00 → 2025/11/22 02:14:58)  共 3 页
2026-05-20 10:33:44,918 [INFO]   ✓ 2025-11-22 10:30:00  折算价=708.75
2026-05-20 10:33:45,847 [INFO] === 2025-11-23 ===
2026-05-20 10:33:45,909 [INFO]   #1 OCR=9mt3
2026-05-20 10:33:46,005 [INFO]   #1 验证码/服务端错误
2026-05-20 10:33:46,050 [INFO]   #2 OCR=oTtx
2026-05-20 10:33:46,141 [INFO]   #2 验证码/服务端错误
2026-05-20 10:33:46,182 [INFO]   #3 OCR=xoig
2026-05-20 10:33:46,341 [INFO]     第 1 页 9 条 (2025/11/23 10:50:50 → 2025/11/23 00:00:05)  共 1 页
2026-05-20 10:33:46,341 [INFO]   ✓ 2025-11-23 10:30:00  折算价=708.75
2026-05-20 10:33:47,809 [INFO] === 2025-11-24 ===
2026-05-20 10:33:47,850 [INFO]   #1 OCR=Hpe0
2026-05-20 10:33:48,055 [INFO]     第 1 页 20 条 (2025/11/24 23:55:46 → 2025/11/24 23:00:43)  共 13 页
2026-05-20 10:33:48,192 [INFO]     第 2 页 20 条 (2025/11/24 22:55:46 → 2025/11/24 21:40:46)
2026-05-20 10:33:48,670 [INFO]     第 3 页 20 条 (2025/11/24 21:35:46 → 2025/11/24 20:34:50)
2026-05-20 10:33:49,152 [INFO]     第 4 页 20 条 (2025/11/24 20:30:45 → 2025/11/24 19:20:45)
2026-05-20 10:33:49,702 [INFO]     第 5 页 20 条 (2025/11/24 19:15:45 → 2025/11/24 17:45:45)
2026-05-20 10:33:50,524 [INFO]     第 6 页 20 条 (2025/11/24 17:40:45 → 2025/11/24 16:21:52)
2026-05-20 10:33:51,296 [INFO]     第 7 页 20 条 (2025/11/24 16:20:44 → 2025/11/24 15:15:32)
2026-05-20 10:33:52,103 [INFO]     第 8 页 20 条 (2025/11/24 15:10:44 → 2025/11/24 13:50:44)
2026-05-20 10:33:52,617 [INFO]     第 9 页 20 条 (2025/11/24 13:45:44 → 2025/11/24 12:35:43)
2026-05-20 10:33:53,057 [INFO]     第 10 页 20 条 (2025/11/24 12:30:43 → 2025/11/24 10:50:43)
2026-05-20 10:33:53,730 [INFO]     第 11 页 20 条 (2025/11/24 10:45:43 → 2025/11/24 09:52:46)
2026-05-20 10:33:53,731 [INFO]   ✓ 2025-11-24 10:00:43  折算价=708.47
2026-05-20 10:33:54,651 [INFO] === 2025-11-25 ===
2026-05-20 10:33:54,697 [INFO]   #1 OCR=d8ob
2026-05-20 10:33:54,883 [INFO]     第 1 页 20 条 (2025/11/25 23:55:52 → 2025/11/25 22:48:03)  共 16 页
2026-05-20 10:33:55,018 [INFO]     第 2 页 20 条 (2025/11/25 22:45:52 → 2025/11/25 21:40:51)
2026-05-20 10:33:55,949 [INFO]     第 3 页 20 条 (2025/11/25 21:35:51 → 2025/11/25 20:52:31)
2026-05-20 10:33:56,421 [INFO]     第 4 页 20 条 (2025/11/25 20:50:51 → 2025/11/25 19:50:51)
2026-05-20 10:33:57,254 [INFO]     第 5 页 20 条 (2025/11/25 19:45:51 → 2025/11/25 18:14:16)
2026-05-20 10:33:57,891 [INFO]     第 6 页 20 条 (2025/11/25 18:10:51 → 2025/11/25 17:18:53)
2026-05-20 10:33:58,434 [INFO]     第 7 页 20 条 (2025/11/25 17:17:37 → 2025/11/25 16:17:18)
2026-05-20 10:33:59,067 [INFO]     第 8 页 20 条 (2025/11/25 16:16:16 → 2025/11/25 15:12:45)
2026-05-20 10:33:59,661 [INFO]     第 9 页 20 条 (2025/11/25 15:10:50 → 2025/11/25 13:54:32)
2026-05-20 10:34:00,410 [INFO]     第 10 页 20 条 (2025/11/25 13:50:49 → 2025/11/25 12:00:49)
2026-05-20 10:34:01,241 [INFO]     第 11 页 20 条 (2025/11/25 11:55:49 → 2025/11/25 10:50:49)
2026-05-20 10:34:01,978 [INFO]     第 12 页 20 条 (2025/11/25 10:49:51 → 2025/11/25 10:05:49)
2026-05-20 10:34:02,430 [WARNING]     第13页第1次服务端错误提示, 等待重试
2026-05-20 10:34:04,049 [INFO]     第 13 页 20 条 (2025/11/25 10:00:49 → 2025/11/25 08:57:25)
2026-05-20 10:34:04,051 [INFO]   ✓ 2025-11-25 10:00:13  折算价=708.26
2026-05-20 10:34:05,027 [INFO] === 2025-11-26 ===
2026-05-20 10:34:05,072 [INFO]   #1 OCR=mtxs
2026-05-20 10:34:05,166 [INFO]   #1 验证码/服务端错误
2026-05-20 10:34:05,205 [INFO]   #2 OCR=pcDv
2026-05-20 10:34:05,361 [INFO]     第 1 页 20 条 (2025/11/26 23:59:03 → 2025/11/26 23:15:17)  共 21 页
2026-05-20 10:34:05,480 [INFO]     第 2 页 20 条 (2025/11/26 23:10:57 → 2025/11/26 22:05:57)
2026-05-20 10:34:05,923 [WARNING]     第3页第1次服务端错误提示, 等待重试
2026-05-20 10:34:07,466 [WARNING]     第3页第2次服务端错误提示, 等待重试
2026-05-20 10:34:10,641 [INFO]     第 3 页 20 条 (2025/11/26 22:00:57 → 2025/11/26 21:33:13)
2026-05-20 10:34:11,003 [WARNING]     第4页第1次服务端错误提示, 等待重试
2026-05-20 10:34:12,824 [INFO]     第 4 页 20 条 (2025/11/26 21:30:57 → 2025/11/26 20:44:52)
2026-05-20 10:34:13,442 [INFO]     第 5 页 20 条 (2025/11/26 20:43:43 → 2025/11/26 20:13:21)
2026-05-20 10:34:14,258 [INFO]     第 6 页 20 条 (2025/11/26 20:11:50 → 2025/11/26 19:49:31)
2026-05-20 10:34:15,065 [WARNING]     第7页第1次服务端错误提示, 等待重试
2026-05-20 10:34:16,704 [WARNING]     第7页第2次服务端错误提示, 等待重试
2026-05-20 10:34:19,830 [INFO]     第 7 页 20 条 (2025/11/26 19:48:25 → 2025/11/26 19:10:57)
2026-05-20 10:34:20,403 [INFO]     第 8 页 20 条 (2025/11/26 19:05:56 → 2025/11/26 18:00:56)
2026-05-20 10:34:21,085 [WARNING]     第9页第1次服务端错误提示, 等待重试
2026-05-20 10:34:22,624 [WARNING]     第9页第2次服务端错误提示, 等待重试
2026-05-20 10:34:25,751 [WARNING]     第9页第3次服务端错误提示, 等待重试
2026-05-20 10:34:30,252 [WARNING]   第9页重试全部失败 → 重取验证码重启
2026-05-20 10:34:30,305 [INFO]   #3 OCR=zvc7
2026-05-20 10:34:30,460 [INFO]     第 1 页 20 条 (2025/11/26 23:59:03 → 2025/11/26 23:15:17)  共 21 页
2026-05-20 10:34:30,506 [WARNING]     第2页第1次服务端错误提示, 等待重试
2026-05-20 10:34:32,045 [WARNING]     第2页第2次服务端错误提示, 等待重试
2026-05-20 10:34:35,086 [WARNING]     第2页第3次服务端错误提示, 等待重试
2026-05-20 10:34:39,587 [WARNING]   第2页重试全部失败 → 重取验证码重启
2026-05-20 10:34:39,633 [INFO]   #4 OCR=c3np
2026-05-20 10:34:39,821 [INFO]     第 1 页 20 条 (2025/11/26 23:59:03 → 2025/11/26 23:15:17)  共 21 页
2026-05-20 10:34:39,857 [WARNING]     第2页第1次服务端错误提示, 等待重试
2026-05-20 10:34:41,400 [WARNING]     第2页第2次服务端错误提示, 等待重试
2026-05-20 10:34:44,451 [WARNING]     第2页第3次服务端错误提示, 等待重试
2026-05-20 10:34:48,952 [WARNING]   第2页重试全部失败 → 重取验证码重启
2026-05-20 10:34:49,001 [INFO]   #5 OCR=QfGk
2026-05-20 10:34:49,174 [INFO]     第 1 页 20 条 (2025/11/26 23:59:03 → 2025/11/26 23:15:17)  共 21 页
2026-05-20 10:34:49,297 [INFO]     第 2 页 20 条 (2025/11/26 23:10:57 → 2025/11/26 22:05:57)
2026-05-20 10:34:49,974 [INFO]     第 3 页 20 条 (2025/11/26 22:00:57 → 2025/11/26 21:33:13)
2026-05-20 10:34:50,865 [INFO]     第 4 页 20 条 (2025/11/26 21:30:57 → 2025/11/26 20:44:52)
2026-05-20 10:34:51,537 [INFO]     第 5 页 20 条 (2025/11/26 20:43:43 → 2025/11/26 20:13:21)
2026-05-20 10:34:52,364 [INFO]     第 6 页 20 条 (2025/11/26 20:11:50 → 2025/11/26 19:49:31)
2026-05-20 10:34:52,910 [INFO]     第 7 页 20 条 (2025/11/26 19:48:25 → 2025/11/26 19:10:57)
2026-05-20 10:34:53,368 [INFO]     第 8 页 20 条 (2025/11/26 19:05:56 → 2025/11/26 18:00:56)
2026-05-20 10:34:54,138 [INFO]     第 9 页 20 条 (2025/11/26 17:55:56 → 2025/11/26 17:00:56)
2026-05-20 10:34:54,722 [INFO]     第 10 页 20 条 (2025/11/26 16:55:56 → 2025/11/26 16:15:56)
2026-05-20 10:34:55,301 [INFO]     第 11 页 20 条 (2025/11/26 16:15:14 → 2025/11/26 15:25:56)
2026-05-20 10:34:55,998 [INFO]     第 12 页 20 条 (2025/11/26 15:20:56 → 2025/11/26 14:33:38)
2026-05-20 10:34:56,745 [INFO]     第 13 页 20 条 (2025/11/26 14:30:55 → 2025/11/26 13:40:55)
2026-05-20 10:34:57,584 [INFO]     第 14 页 20 条 (2025/11/26 13:35:55 → 2025/11/26 12:00:55)
2026-05-20 10:34:58,265 [INFO]     第 15 页 20 条 (2025/11/26 11:55:55 → 2025/11/26 10:55:55)
2026-05-20 10:34:58,740 [INFO]     第 16 页 20 条 (2025/11/26 10:50:55 → 2025/11/26 10:19:57)
2026-05-20 10:34:59,486 [INFO]     第 17 页 20 条 (2025/11/26 10:15:54 → 2025/11/26 09:45:03)
2026-05-20 10:34:59,488 [INFO]   ✓ 2025-11-26 10:00:54  折算价=707.96
2026-05-20 10:35:00,936 [INFO] === 2025-11-27 ===
2026-05-20 10:35:00,987 [INFO]   #1 OCR=4xwp
2026-05-20 10:35:01,185 [INFO]     第 1 页 20 条 (2025/11/27 23:59:45 → 2025/11/27 22:46:03)  共 14 页
2026-05-20 10:35:01,296 [INFO]     第 2 页 20 条 (2025/11/27 22:41:03 → 2025/11/27 21:06:03)
2026-05-20 10:35:01,940 [INFO]     第 3 页 20 条 (2025/11/27 21:01:03 → 2025/11/27 19:26:02)
2026-05-20 10:35:02,633 [INFO]     第 4 页 20 条 (2025/11/27 19:21:02 → 2025/11/27 17:46:02)
2026-05-20 10:35:03,356 [INFO]     第 5 页 20 条 (2025/11/27 17:41:02 → 2025/11/27 16:41:02)
2026-05-20 10:35:04,021 [INFO]     第 6 页 20 条 (2025/11/27 16:36:02 → 2025/11/27 15:31:01)
2026-05-20 10:35:04,742 [INFO]     第 7 页 20 条 (2025/11/27 15:26:01 → 2025/11/27 14:20:49)
2026-05-20 10:35:05,325 [INFO]     第 8 页 20 条 (2025/11/27 14:16:01 → 2025/11/27 12:51:01)
2026-05-20 10:35:05,842 [INFO]     第 9 页 20 条 (2025/11/27 12:46:01 → 2025/11/27 11:16:00)
2026-05-20 10:35:06,658 [INFO]     第 10 页 20 条 (2025/11/27 11:11:00 → 2025/11/27 10:11:00)
2026-05-20 10:35:07,133 [INFO]     第 11 页 20 条 (2025/11/27 10:10:46 → 2025/11/27 09:16:01)
2026-05-20 10:35:07,134 [INFO]   ✓ 2025-11-27 10:01:00  折算价=707.79
2026-05-20 10:35:07,136 [INFO] >>> 进度: 170/344 (49.4%) <<<
2026-05-20 10:35:08,431 [INFO] === 2025-11-28 ===
2026-05-20 10:35:08,474 [INFO]   #1 OCR=1qnM
2026-05-20 10:35:08,684 [INFO]     第 1 页 20 条 (2025/11/28 23:59:13 → 2025/11/28 23:01:09)  共 17 页
2026-05-20 10:35:08,806 [INFO]     第 2 页 20 条 (2025/11/28 22:56:09 → 2025/11/28 21:32:33)
2026-05-20 10:35:09,444 [INFO]     第 3 页 20 条 (2025/11/28 21:31:09 → 2025/11/28 20:27:25)
2026-05-20 10:35:10,152 [INFO]     第 4 页 20 条 (2025/11/28 20:26:08 → 2025/11/28 19:46:08)
2026-05-20 10:35:10,932 [INFO]     第 5 页 20 条 (2025/11/28 19:45:32 → 2025/11/28 18:46:08)
2026-05-20 10:35:11,389 [WARNING]     第6页第1次服务端错误提示, 等待重试
2026-05-20 10:35:13,016 [INFO]     第 6 页 20 条 (2025/11/28 18:41:08 → 2025/11/28 17:36:08)
2026-05-20 10:35:13,814 [WARNING]     第7页第1次服务端错误提示, 等待重试
2026-05-20 10:35:15,351 [WARNING]     第7页第2次服务端错误提示, 等待重试
2026-05-20 10:35:18,392 [WARNING]     第7页第3次服务端错误提示, 等待重试
2026-05-20 10:35:22,893 [WARNING]   第7页重试全部失败 → 重取验证码重启
2026-05-20 10:35:22,940 [INFO]   #2 OCR=aETs
2026-05-20 10:35:23,099 [INFO]     第 1 页 20 条 (2025/11/28 23:59:13 → 2025/11/28 23:01:09)  共 17 页
2026-05-20 10:35:23,137 [WARNING]     第2页第1次服务端错误提示, 等待重试
2026-05-20 10:35:24,760 [INFO]     第 2 页 20 条 (2025/11/28 22:56:09 → 2025/11/28 21:32:33)
2026-05-20 10:35:25,309 [WARNING]     第3页第1次服务端错误提示, 等待重试
2026-05-20 10:35:26,854 [WARNING]     第3页第2次服务端错误提示, 等待重试
2026-05-20 10:35:29,894 [WARNING]     第3页第3次服务端错误提示, 等待重试
2026-05-20 10:35:34,396 [WARNING]   第3页重试全部失败 → 重取验证码重启
2026-05-20 10:35:34,437 [INFO]   #3 OCR=ootw
2026-05-20 10:35:34,478 [INFO]   #3 验证码/服务端错误
2026-05-20 10:35:34,521 [INFO]   #4 OCR=mfjg
2026-05-20 10:35:34,575 [INFO]   #4 验证码/服务端错误
2026-05-20 10:35:34,615 [INFO]   #5 OCR=Bkkc
2026-05-20 10:35:34,722 [INFO]     第 1 页 20 条 (2025/11/28 23:59:13 → 2025/11/28 23:01:09)  共 17 页
2026-05-20 10:35:34,761 [WARNING]     第2页第1次服务端错误提示, 等待重试
2026-05-20 10:35:36,301 [WARNING]     第2页第2次服务端错误提示, 等待重试
2026-05-20 10:35:39,339 [WARNING]     第2页第3次服务端错误提示, 等待重试
2026-05-20 10:35:43,840 [WARNING]   第2页重试全部失败 → 重取验证码重启
2026-05-20 10:35:43,883 [INFO]   #6 OCR=8kRo
2026-05-20 10:35:43,971 [INFO]   #6 验证码/服务端错误
2026-05-20 10:35:44,016 [INFO]   #7 OCR=2RLt
2026-05-20 10:35:44,113 [INFO]   #7 验证码/服务端错误
2026-05-20 10:35:44,153 [INFO]   #8 OCR=7IM
2026-05-20 10:35:44,198 [INFO]   #8 验证码/服务端错误
2026-05-20 10:35:44,200 [ERROR]   ✗ 2025-11-28 已重试 8 次, 跳过
2026-05-20 10:35:45,426 [INFO] === 2025-11-29 ===
2026-05-20 10:35:45,472 [INFO]   #1 OCR=l273
2026-05-20 10:35:45,560 [INFO]   #1 验证码/服务端错误
2026-05-20 10:35:45,600 [INFO]   #2 OCR=zwmn
2026-05-20 10:35:45,778 [INFO]     第 1 页 20 条 (2025/11/29 10:30:00 → 2025/11/29 01:41:10)  共 3 页
2026-05-20 10:35:45,779 [INFO]   ✓ 2025-11-29 10:30:00  折算价=707.89
2026-05-20 10:35:47,096 [INFO] === 2025-11-30 ===
2026-05-20 10:35:47,137 [INFO]   #1 OCR=A1y8
2026-05-20 10:35:47,221 [INFO]   #1 验证码/服务端错误
2026-05-20 10:35:47,260 [INFO]   #2 OCR=3mc2
2026-05-20 10:35:47,412 [INFO]     第 1 页 6 条 (2025/11/30 10:30:00 → 2025/11/30 00:00:05)  共 1 页
2026-05-20 10:35:47,412 [INFO]   ✓ 2025-11-30 10:30:00  折算价=707.89
2026-05-20 10:35:48,222 [INFO] === 2025-12-01 ===
2026-05-20 10:35:48,264 [INFO]   #1 OCR=idx1
2026-05-20 10:35:48,442 [INFO]     第 1 页 20 条 (2025/12/01 23:56:27 → 2025/12/01 22:51:27)  共 12 页
2026-05-20 10:35:48,558 [INFO]     第 2 页 20 条 (2025/12/01 22:46:27 → 2025/12/01 21:26:26)
2026-05-20 10:35:49,095 [INFO]     第 3 页 20 条 (2025/12/01 21:21:26 → 2025/12/01 20:01:26)
2026-05-20 10:35:49,708 [INFO]     第 4 页 20 条 (2025/12/01 19:57:17 → 2025/12/01 18:36:26)
2026-05-20 10:35:50,504 [INFO]     第 5 页 20 条 (2025/12/01 18:31:26 → 2025/12/01 17:05:43)
2026-05-20 10:35:51,097 [INFO]     第 6 页 20 条 (2025/12/01 17:01:25 → 2025/12/01 16:00:27)
2026-05-20 10:35:51,519 [INFO]     第 7 页 20 条 (2025/12/01 15:56:25 → 2025/12/01 14:51:25)
2026-05-20 10:35:52,312 [WARNING]     第8页第1次服务端错误提示, 等待重试
2026-05-20 10:35:53,923 [INFO]     第 8 页 20 条 (2025/12/01 14:46:25 → 2025/12/01 13:21:24)
2026-05-20 10:35:54,680 [INFO]     第 9 页 20 条 (2025/12/01 13:16:24 → 2025/12/01 11:41:24)
2026-05-20 10:35:55,436 [INFO]     第 10 页 20 条 (2025/12/01 11:36:24 → 2025/12/01 10:28:29)
2026-05-20 10:35:55,911 [INFO]     第 11 页 20 条 (2025/12/01 10:26:24 → 2025/12/01 09:32:39)
2026-05-20 10:35:55,913 [INFO]   ✓ 2025-12-01 10:01:24  折算价=707.59
2026-05-20 10:35:56,860 [INFO] === 2025-12-02 ===
2026-05-20 10:35:56,899 [INFO]   #1 OCR=mbcz
2026-05-20 10:35:57,082 [INFO]     第 1 页 20 条 (2025/12/02 23:56:33 → 2025/12/02 22:51:32)  共 14 页
2026-05-20 10:35:57,204 [INFO]     第 2 页 20 条 (2025/12/02 22:46:32 → 2025/12/02 21:11:32)
2026-05-20 10:35:57,633 [INFO]     第 3 页 20 条 (2025/12/02 21:06:32 → 2025/12/02 19:41:32)
2026-05-20 10:35:58,137 [INFO]     第 4 页 20 条 (2025/12/02 19:36:32 → 2025/12/02 18:11:31)
2026-05-20 10:35:58,591 [INFO]     第 5 页 20 条 (2025/12/02 18:06:31 → 2025/12/02 17:05:21)
2026-05-20 10:35:59,219 [INFO]     第 6 页 20 条 (2025/12/02 17:01:31 → 2025/12/02 15:46:31)
2026-05-20 10:36:00,149 [INFO]     第 7 页 20 条 (2025/12/02 15:43:17 → 2025/12/02 14:36:30)
2026-05-20 10:36:00,659 [INFO]     第 8 页 20 条 (2025/12/02 14:31:30 → 2025/12/02 13:01:30)
2026-05-20 10:36:01,206 [INFO]     第 9 页 20 条 (2025/12/02 12:56:30 → 2025/12/02 11:26:30)
2026-05-20 10:36:01,938 [INFO]     第 10 页 20 条 (2025/12/02 11:21:30 → 2025/12/02 10:12:13)
2026-05-20 10:36:02,703 [INFO]     第 11 页 20 条 (2025/12/02 10:11:29 → 2025/12/02 05:30:00)
2026-05-20 10:36:02,704 [INFO]   ✓ 2025-12-02 10:01:29  折算价=707.94
2026-05-20 10:36:03,651 [INFO] === 2025-12-03 ===
2026-05-20 10:36:03,694 [INFO]   #1 OCR=pp7v
2026-05-20 10:36:03,871 [INFO]     第 1 页 20 条 (2025/12/03 23:56:39 → 2025/12/03 23:02:56)  共 15 页
2026-05-20 10:36:03,993 [INFO]     第 2 页 20 条 (2025/12/03 23:01:38 → 2025/12/03 21:51:34)
2026-05-20 10:36:04,702 [INFO]     第 3 页 20 条 (2025/12/03 21:46:38 → 2025/12/03 20:36:38)
2026-05-20 10:36:05,395 [INFO]     第 4 页 20 条 (2025/12/03 20:31:38 → 2025/12/03 18:56:37)
2026-05-20 10:36:06,196 [INFO]     第 5 页 20 条 (2025/12/03 18:51:37 → 2025/12/03 17:31:37)
2026-05-20 10:36:06,856 [INFO]     第 6 页 20 条 (2025/12/03 17:30:25 → 2025/12/03 16:21:37)
2026-05-20 10:36:07,743 [INFO]     第 7 页 20 条 (2025/12/03 16:20:47 → 2025/12/03 15:11:36)
2026-05-20 10:36:08,086 [WARNING]     第8页第1次服务端错误提示, 等待重试
2026-05-20 10:36:09,696 [INFO]     第 8 页 20 条 (2025/12/03 15:06:36 → 2025/12/03 13:56:36)
2026-05-20 10:36:10,201 [WARNING]     第9页第1次服务端错误提示, 等待重试
2026-05-20 10:36:11,837 [INFO]     第 9 页 20 条 (2025/12/03 13:56:00 → 2025/12/03 12:26:36)
2026-05-20 10:36:12,351 [WARNING]     第10页第1次服务端错误提示, 等待重试
2026-05-20 10:36:13,888 [WARNING]     第10页第2次服务端错误提示, 等待重试
2026-05-20 10:36:17,008 [INFO]     第 10 页 20 条 (2025/12/03 12:21:36 → 2025/12/03 10:51:35)
2026-05-20 10:36:17,694 [WARNING]     第11页第1次服务端错误提示, 等待重试
2026-05-20 10:36:19,313 [INFO]     第 11 页 20 条 (2025/12/03 10:46:35 → 2025/12/03 09:56:35)
2026-05-20 10:36:19,314 [INFO]   ✓ 2025-12-03 10:01:35  折算价=707.54
2026-05-20 10:36:20,777 [INFO] === 2025-12-04 ===
2026-05-20 10:36:20,818 [INFO]   #1 OCR=wft3
2026-05-20 10:36:20,985 [INFO]     第 1 页 20 条 (2025/12/04 23:59:53 → 2025/12/04 23:44:58)  共 23 页
2026-05-20 10:36:21,023 [WARNING]     第2页第1次服务端错误提示, 等待重试
2026-05-20 10:36:22,563 [WARNING]     第2页第2次服务端错误提示, 等待重试
2026-05-20 10:36:25,602 [WARNING]     第2页第3次服务端错误提示, 等待重试
2026-05-20 10:36:30,103 [WARNING]   第2页重试全部失败 → 重取验证码重启
2026-05-20 10:36:31,760 [INFO]   #2 OCR=qFz
2026-05-20 10:36:31,865 [INFO]   #2 验证码/服务端错误
2026-05-20 10:36:31,905 [INFO]   #3 OCR=svCk
2026-05-20 10:36:31,992 [INFO]   #3 验证码/服务端错误
2026-05-20 10:36:32,034 [INFO]   #4 OCR=Gp6m
2026-05-20 10:36:32,119 [INFO]   #4 验证码/服务端错误
2026-05-20 10:36:32,162 [INFO]   #5 OCR=zDGD
2026-05-20 10:36:32,245 [INFO]   #5 验证码/服务端错误
2026-05-20 10:36:32,288 [INFO]   #6 OCR=0es0
2026-05-20 10:36:32,384 [INFO]   #6 验证码/服务端错误
2026-05-20 10:36:32,430 [INFO]   #7 OCR=FvqL
2026-05-20 10:36:32,534 [INFO]   #7 验证码/服务端错误
2026-05-20 10:36:32,573 [INFO]   #8 OCR=Tbrv
2026-05-20 10:36:32,746 [INFO]     第 1 页 20 条 (2025/12/04 23:59:53 → 2025/12/04 23:44:58)  共 23 页
2026-05-20 10:36:32,910 [INFO]     第 2 页 20 条 (2025/12/04 23:44:09 → 2025/12/04 23:30:07)
2026-05-20 10:36:33,748 [INFO]     第 3 页 20 条 (2025/12/04 23:29:40 → 2025/12/04 23:16:03)
2026-05-20 10:36:34,402 [WARNING]     第4页第1次服务端错误提示, 等待重试
2026-05-20 10:36:35,941 [WARNING]     第4页第2次服务端错误提示, 等待重试
2026-05-20 10:36:38,989 [WARNING]     第4页第3次服务端错误提示, 等待重试
2026-05-20 10:36:43,490 [WARNING]   第4页重试全部失败 → 重取验证码重启
2026-05-20 10:36:43,490 [ERROR]   ✗ 2025-12-04 已重试 8 次, 跳过
2026-05-20 10:36:44,816 [INFO] === 2025-12-05 ===
2026-05-20 10:36:44,865 [INFO]   #1 OCR='iP' 长度异常
2026-05-20 10:36:44,954 [INFO]   #2 OCR=zzqt
2026-05-20 10:36:45,040 [INFO]   #2 验证码/服务端错误
2026-05-20 10:36:45,083 [INFO]   #3 OCR=jaPo
2026-05-20 10:36:45,178 [INFO]   #3 验证码/服务端错误
2026-05-20 10:36:45,222 [INFO]   #4 OCR=0epL
2026-05-20 10:36:45,309 [INFO]   #4 验证码/服务端错误
2026-05-20 10:36:45,353 [INFO]   #5 OCR=kx8k
2026-05-20 10:36:45,436 [INFO]   #5 验证码/服务端错误
2026-05-20 10:36:45,480 [INFO]   #6 OCR=H6vf
2026-05-20 10:36:45,645 [INFO]     第 1 页 20 条 (2025/12/05 23:59:53 → 2025/12/05 23:32:23)  共 30 页
2026-05-20 10:36:45,759 [INFO]     第 2 页 20 条 (2025/12/05 23:31:50 → 2025/12/05 23:09:35)
2026-05-20 10:36:46,566 [INFO]     第 3 页 20 条 (2025/12/05 23:08:56 → 2025/12/05 22:51:18)
2026-05-20 10:36:47,026 [WARNING]     第4页第1次服务端错误提示, 等待重试
2026-05-20 10:36:48,561 [WARNING]     第4页第2次服务端错误提示, 等待重试
2026-05-20 10:36:51,705 [INFO]     第 4 页 20 条 (2025/12/05 22:46:50 → 2025/12/05 22:21:50)
2026-05-20 10:36:52,225 [INFO]     第 5 页 20 条 (2025/12/05 22:21:37 → 2025/12/05 21:57:37)
2026-05-20 10:36:53,024 [INFO]     第 6 页 20 条 (2025/12/05 21:57:16 → 2025/12/05 21:41:49)
2026-05-20 10:36:53,755 [INFO]     第 7 页 20 条 (2025/12/05 21:41:20 → 2025/12/05 21:19:55)
2026-05-20 10:36:54,566 [INFO]     第 8 页 20 条 (2025/12/05 21:19:34 → 2025/12/05 20:56:44)
2026-05-20 10:36:55,279 [INFO]     第 9 页 20 条 (2025/12/05 20:56:24 → 2025/12/05 20:36:49)
2026-05-20 10:36:56,003 [INFO]     第 10 页 20 条 (2025/12/05 20:36:23 → 2025/12/05 20:23:55)
2026-05-20 10:36:56,807 [INFO]     第 11 页 20 条 (2025/12/05 20:23:32 → 2025/12/05 20:13:43)
2026-05-20 10:36:57,356 [INFO]     第 12 页 20 条 (2025/12/05 20:11:49 → 2025/12/05 19:51:47)
2026-05-20 10:36:58,028 [INFO]     第 13 页 20 条 (2025/12/05 19:51:27 → 2025/12/05 19:11:49)
2026-05-20 10:36:58,654 [INFO]     第 14 页 20 条 (2025/12/05 19:07:56 → 2025/12/05 18:42:37)
2026-05-20 10:36:59,531 [INFO]     第 15 页 20 条 (2025/12/05 18:41:49 → 2025/12/05 18:19:49)
2026-05-20 10:37:00,266 [INFO]     第 16 页 20 条 (2025/12/05 18:19:28 → 2025/12/05 18:01:49)
2026-05-20 10:37:01,031 [INFO]     第 17 页 20 条 (2025/12/05 17:56:49 → 2025/12/05 17:33:11)
2026-05-20 10:37:01,918 [INFO]     第 18 页 20 条 (2025/12/05 17:32:51 → 2025/12/05 16:58:48)
2026-05-20 10:37:02,554 [INFO]     第 19 页 20 条 (2025/12/05 16:56:48 → 2025/12/05 16:32:38)
2026-05-20 10:37:02,968 [INFO]     第 20 页 20 条 (2025/12/05 16:31:48 → 2025/12/05 16:02:18)
2026-05-20 10:37:03,670 [INFO]     第 21 页 20 条 (2025/12/05 16:01:48 → 2025/12/05 15:41:41)
2026-05-20 10:37:04,377 [INFO]     第 22 页 20 条 (2025/12/05 15:41:21 → 2025/12/05 15:32:09)
2026-05-20 10:37:04,819 [INFO]     第 23 页 20 条 (2025/12/05 15:31:48 → 2025/12/05 14:41:48)
2026-05-20 10:37:05,659 [INFO]     第 24 页 20 条 (2025/12/05 14:36:48 → 2025/12/05 13:01:47)
2026-05-20 10:37:06,528 [INFO]     第 25 页 20 条 (2025/12/05 12:56:47 → 2025/12/05 11:30:53)
2026-05-20 10:37:07,119 [INFO]     第 26 页 20 条 (2025/12/05 11:26:47 → 2025/12/05 10:10:20)
2026-05-20 10:37:07,722 [INFO]     第 27 页 20 条 (2025/12/05 10:10:17 → 2025/12/05 06:45:55)
2026-05-20 10:37:07,725 [INFO]   ✓ 2025-12-05 10:01:47  折算价=707.49
2026-05-20 10:37:08,726 [INFO] === 2025-12-06 ===
2026-05-20 10:37:08,771 [INFO]   #1 OCR=DFlo
2026-05-20 10:37:08,859 [INFO]   #1 验证码/服务端错误
2026-05-20 10:37:08,903 [INFO]   #2 OCR=m9Jk
2026-05-20 10:37:09,057 [INFO]     第 1 页 20 条 (2025/12/06 10:30:00 → 2025/12/06 01:51:50)  共 4 页
2026-05-20 10:37:09,057 [INFO]   ✓ 2025-12-06 10:30:00  折算价=707.49
2026-05-20 10:37:10,225 [INFO] === 2025-12-07 ===
2026-05-20 10:37:10,268 [INFO]   #1 OCR=zu2t
2026-05-20 10:37:10,353 [INFO]   #1 验证码/服务端错误
2026-05-20 10:37:10,394 [INFO]   #2 OCR=smxr
2026-05-20 10:37:10,480 [INFO]   #2 验证码/服务端错误
2026-05-20 10:37:10,521 [INFO]   #3 OCR=ouMs
2026-05-20 10:37:10,714 [INFO]     第 1 页 7 条 (2025/12/07 10:30:00 → 2025/12/07 00:00:05)  共 1 页
2026-05-20 10:37:10,714 [INFO]   ✓ 2025-12-07 10:30:00  折算价=707.49
2026-05-20 10:37:10,715 [INFO] >>> 进度: 180/344 (52.3%) <<<
2026-05-20 10:37:11,620 [INFO] === 2025-12-08 ===
2026-05-20 10:37:11,663 [INFO]   #1 OCR=wkcy
2026-05-20 10:37:11,826 [INFO]     第 1 页 20 条 (2025/12/08 23:57:42 → 2025/12/08 23:40:55)  共 53 页
2026-05-20 10:37:11,939 [INFO]     第 2 页 20 条 (2025/12/08 23:39:51 → 2025/12/08 23:22:44)
2026-05-20 10:37:12,532 [INFO]     第 3 页 20 条 (2025/12/08 23:21:48 → 2025/12/08 22:58:29)
2026-05-20 10:37:13,394 [INFO]     第 4 页 20 条 (2025/12/08 22:56:48 → 2025/12/08 22:41:48)
2026-05-20 10:37:13,876 [WARNING]     第5页第1次服务端错误提示, 等待重试
2026-05-20 10:37:15,415 [WARNING]     第5页第2次服务端错误提示, 等待重试
2026-05-20 10:37:18,548 [INFO]     第 5 页 20 条 (2025/12/08 22:36:48 → 2025/12/08 22:20:01)
2026-05-20 10:37:19,274 [WARNING]     第6页第1次服务端错误提示, 等待重试
2026-05-20 10:37:20,928 [INFO]     第 6 页 20 条 (2025/12/08 22:19:40 → 2025/12/08 22:06:18)
2026-05-20 10:37:21,746 [WARNING]     第7页第1次服务端错误提示, 等待重试
2026-05-20 10:37:23,368 [INFO]     第 7 页 20 条 (2025/12/08 22:05:57 → 2025/12/08 21:48:56)
2026-05-20 10:37:24,051 [WARNING]     第8页第1次服务端错误提示, 等待重试
2026-05-20 10:37:25,588 [WARNING]     第8页第2次服务端错误提示, 等待重试
2026-05-20 10:37:29,992 [INFO]     第 8 页 20 条 (2025/12/08 21:48:36 → 2025/12/08 21:32:47)
2026-05-20 10:37:31,457 [WARNING]     第9页第1次服务端错误提示, 等待重试
2026-05-20 10:37:32,993 [WARNING]     第9页第2次服务端错误提示, 等待重试
2026-05-20 10:37:36,032 [WARNING]     第9页第3次服务端错误提示, 等待重试
2026-05-20 10:37:40,533 [WARNING]   第9页重试全部失败 → 重取验证码重启
2026-05-20 10:37:40,584 [INFO]   #2 OCR=mc9x
2026-05-20 10:37:40,773 [INFO]     第 1 页 20 条 (2025/12/08 23:57:42 → 2025/12/08 23:40:55)  共 53 页
2026-05-20 10:37:40,809 [WARNING]     第2页第1次服务端错误提示, 等待重试
2026-05-20 10:37:42,349 [WARNING]     第2页第2次服务端错误提示, 等待重试
2026-05-20 10:37:45,386 [WARNING]     第2页第3次服务端错误提示, 等待重试
2026-05-20 10:37:49,887 [WARNING]   第2页重试全部失败 → 重取验证码重启
2026-05-20 10:37:49,935 [INFO]   #3 OCR=R4cl
2026-05-20 10:37:50,156 [INFO]     第 1 页 20 条 (2025/12/08 23:57:42 → 2025/12/08 23:40:55)  共 53 页
2026-05-20 10:37:50,279 [INFO]     第 2 页 20 条 (2025/12/08 23:39:51 → 2025/12/08 23:22:44)
2026-05-20 10:37:50,760 [INFO]     第 3 页 20 条 (2025/12/08 23:21:48 → 2025/12/08 22:58:29)
2026-05-20 10:37:51,131 [WARNING]     第4页第1次服务端错误提示, 等待重试
2026-05-20 10:37:52,800 [INFO]     第 4 页 20 条 (2025/12/08 22:56:48 → 2025/12/08 22:41:48)
2026-05-20 10:37:53,544 [INFO]     第 5 页 20 条 (2025/12/08 22:36:48 → 2025/12/08 22:20:01)
2026-05-20 10:37:54,328 [INFO]     第 6 页 20 条 (2025/12/08 22:19:40 → 2025/12/08 22:06:18)
2026-05-20 10:37:54,848 [INFO]     第 7 页 20 条 (2025/12/08 22:05:57 → 2025/12/08 21:48:56)
2026-05-20 10:37:55,714 [INFO]     第 8 页 20 条 (2025/12/08 21:48:36 → 2025/12/08 21:32:47)
2026-05-20 10:37:56,309 [INFO]     第 9 页 20 条 (2025/12/08 21:32:25 → 2025/12/08 21:23:54)
2026-05-20 10:37:57,245 [INFO]     第 10 页 20 条 (2025/12/08 21:23:29 → 2025/12/08 21:14:29)
2026-05-20 10:37:57,734 [INFO]     第 11 页 20 条 (2025/12/08 21:13:41 → 2025/12/08 20:59:25)
2026-05-20 10:37:58,641 [INFO]     第 12 页 20 条 (2025/12/08 20:58:58 → 2025/12/08 20:43:58)
2026-05-20 10:37:59,510 [INFO]     第 13 页 20 条 (2025/12/08 20:43:37 → 2025/12/08 20:36:39)
2026-05-20 10:38:00,412 [INFO]     第 14 页 20 条 (2025/12/08 20:36:17 → 2025/12/08 20:29:33)
2026-05-20 10:38:01,175 [INFO]     第 15 页 20 条 (2025/12/08 20:29:09 → 2025/12/08 20:22:32)
2026-05-20 10:38:01,786 [INFO]     第 16 页 20 条 (2025/12/08 20:22:10 → 2025/12/08 20:15:32)
2026-05-20 10:38:02,341 [INFO]     第 17 页 20 条 (2025/12/08 20:15:12 → 2025/12/08 20:08:41)
2026-05-20 10:38:03,225 [INFO]     第 18 页 20 条 (2025/12/08 20:08:17 → 2025/12/08 20:00:05)
2026-05-20 10:38:03,862 [WARNING]     第19页第1次服务端错误提示, 等待重试
2026-05-20 10:38:05,505 [INFO]     第 19 页 20 条 (2025/12/08 19:59:45 → 2025/12/08 19:52:32)
2026-05-20 10:38:06,408 [INFO]     第 20 页 20 条 (2025/12/08 19:52:11 → 2025/12/08 19:44:28)
2026-05-20 10:38:07,039 [INFO]     第 21 页 20 条 (2025/12/08 19:44:07 → 2025/12/08 19:34:50)
2026-05-20 10:38:07,963 [INFO]     第 22 页 20 条 (2025/12/08 19:34:28 → 2025/12/08 19:26:48)
2026-05-20 10:38:08,741 [INFO]     第 23 页 20 条 (2025/12/08 19:25:44 → 2025/12/08 19:16:25)
2026-05-20 10:38:09,568 [INFO]     第 24 页 20 条 (2025/12/08 19:16:05 → 2025/12/08 19:06:47)
2026-05-20 10:38:10,455 [INFO]     第 25 页 20 条 (2025/12/08 19:06:26 → 2025/12/08 18:59:24)
2026-05-20 10:38:11,153 [INFO]     第 26 页 20 条 (2025/12/08 18:59:02 → 2025/12/08 18:48:36)
2026-05-20 10:38:11,959 [INFO]     第 27 页 20 条 (2025/12/08 18:48:14 → 2025/12/08 18:39:32)
2026-05-20 10:38:12,681 [INFO]     第 28 页 20 条 (2025/12/08 18:38:48 → 2025/12/08 18:29:54)
2026-05-20 10:38:13,142 [WARNING]     第29页第1次服务端错误提示, 等待重试
2026-05-20 10:38:14,785 [INFO]     第 29 页 20 条 (2025/12/08 18:29:16 → 2025/12/08 18:18:14)
2026-05-20 10:38:15,721 [INFO]     第 30 页 20 条 (2025/12/08 18:17:54 → 2025/12/08 18:11:21)
2026-05-20 10:38:16,152 [INFO]     第 31 页 20 条 (2025/12/08 18:11:01 → 2025/12/08 18:04:22)
2026-05-20 10:38:16,652 [INFO]     第 32 页 20 条 (2025/12/08 18:04:01 → 2025/12/08 17:57:30)
2026-05-20 10:38:17,083 [INFO]     第 33 页 20 条 (2025/12/08 17:57:07 → 2025/12/08 17:50:47)
2026-05-20 10:38:17,720 [INFO]     第 34 页 20 条 (2025/12/08 17:50:22 → 2025/12/08 17:43:22)
2026-05-20 10:38:18,518 [INFO]     第 35 页 20 条 (2025/12/08 17:43:01 → 2025/12/08 17:36:01)
2026-05-20 10:38:18,957 [WARNING]     第36页第1次服务端错误提示, 等待重试
2026-05-20 10:38:20,495 [WARNING]     第36页第2次服务端错误提示, 等待重试
2026-05-20 10:38:23,534 [WARNING]     第36页第3次服务端错误提示, 等待重试
2026-05-20 10:38:28,035 [WARNING]   第36页重试全部失败 → 重取验证码重启
2026-05-20 10:38:31,401 [INFO]   #4 OCR=xqse
2026-05-20 10:38:31,480 [INFO]   #4 验证码/服务端错误
2026-05-20 10:38:31,525 [INFO]   #5 OCR=fL3p
2026-05-20 10:38:31,579 [INFO]   #5 验证码/服务端错误
2026-05-20 10:38:31,622 [INFO]   #6 OCR=ctqx
2026-05-20 10:38:31,737 [INFO]     第 1 页 20 条 (2025/12/08 23:57:42 → 2025/12/08 23:40:55)  共 53 页
2026-05-20 10:38:31,881 [INFO]     第 2 页 20 条 (2025/12/08 23:39:51 → 2025/12/08 23:22:44)
2026-05-20 10:38:32,673 [INFO]     第 3 页 20 条 (2025/12/08 23:21:48 → 2025/12/08 22:58:29)
2026-05-20 10:38:33,568 [INFO]     第 4 页 20 条 (2025/12/08 22:56:48 → 2025/12/08 22:41:48)
2026-05-20 10:38:33,930 [WARNING]     第5页第1次服务端错误提示, 等待重试
2026-05-20 10:38:35,536 [INFO]     第 5 页 20 条 (2025/12/08 22:36:48 → 2025/12/08 22:20:01)
2026-05-20 10:38:36,308 [INFO]     第 6 页 20 条 (2025/12/08 22:19:40 → 2025/12/08 22:06:18)
2026-05-20 10:38:37,036 [WARNING]     第7页第1次服务端错误提示, 等待重试
2026-05-20 10:38:38,578 [WARNING]     第7页第2次服务端错误提示, 等待重试
2026-05-20 10:38:41,710 [INFO]     第 7 页 20 条 (2025/12/08 22:05:57 → 2025/12/08 21:48:56)
2026-05-20 10:38:42,503 [WARNING]     第8页第1次服务端错误提示, 等待重试
2026-05-20 10:38:44,040 [WARNING]     第8页第2次服务端错误提示, 等待重试
2026-05-20 10:38:47,078 [WARNING]     第8页第3次服务端错误提示, 等待重试
2026-05-20 10:38:51,579 [WARNING]   第8页重试全部失败 → 重取验证码重启
2026-05-20 10:38:51,624 [INFO]   #7 OCR=2yu
2026-05-20 10:38:51,743 [INFO]   #7 验证码/服务端错误
2026-05-20 10:38:51,791 [INFO]   #8 OCR=5omh
2026-05-20 10:38:51,876 [INFO]   #8 验证码/服务端错误
2026-05-20 10:38:51,876 [ERROR]   ✗ 2025-12-08 已重试 8 次, 跳过
2026-05-20 10:38:53,046 [INFO] === 2025-12-09 ===
2026-05-20 10:38:53,087 [INFO]   #1 OCR=ktze
2026-05-20 10:38:53,206 [INFO]   #1 验证码/服务端错误
2026-05-20 10:38:53,249 [INFO]   #2 OCR=LcfP
2026-05-20 10:38:53,358 [INFO]   #2 验证码/服务端错误
2026-05-20 10:38:53,399 [INFO]   #3 OCR=fn3q
2026-05-20 10:38:53,508 [INFO]   #3 验证码/服务端错误
2026-05-20 10:38:53,549 [INFO]   #4 OCR=yur5
2026-05-20 10:38:53,732 [INFO]     第 1 页 20 条 (2025/12/09 23:56:54 → 2025/12/09 23:00:03)  共 17 页
2026-05-20 10:38:53,768 [WARNING]     第2页第1次服务端错误提示, 等待重试
2026-05-20 10:38:55,407 [INFO]     第 2 页 20 条 (2025/12/09 22:56:54 → 2025/12/09 21:36:54)
2026-05-20 10:38:55,922 [INFO]     第 3 页 20 条 (2025/12/09 21:31:54 → 2025/12/09 20:06:53)
2026-05-20 10:38:56,542 [INFO]     第 4 页 20 条 (2025/12/09 20:01:53 → 2025/12/09 18:31:53)
2026-05-20 10:38:57,049 [INFO]     第 5 页 20 条 (2025/12/09 18:26:53 → 2025/12/09 17:51:53)
2026-05-20 10:38:57,949 [INFO]     第 6 页 20 条 (2025/12/09 17:51:03 → 2025/12/09 17:11:53)
2026-05-20 10:38:58,867 [INFO]     第 7 页 20 条 (2025/12/09 17:09:25 → 2025/12/09 16:41:35)
2026-05-20 10:38:59,540 [INFO]     第 8 页 20 条 (2025/12/09 16:36:53 → 2025/12/09 15:36:52)
2026-05-20 10:39:00,329 [INFO]     第 9 页 20 条 (2025/12/09 15:35:12 → 2025/12/09 14:51:52)
2026-05-20 10:39:00,833 [INFO]     第 10 页 20 条 (2025/12/09 14:46:52 → 2025/12/09 13:11:52)
2026-05-20 10:39:01,278 [INFO]     第 11 页 20 条 (2025/12/09 13:07:24 → 2025/12/09 11:46:51)
2026-05-20 10:39:02,175 [INFO]     第 12 页 20 条 (2025/12/09 11:41:51 → 2025/12/09 10:30:00)
2026-05-20 10:39:02,772 [INFO]     第 13 页 20 条 (2025/12/09 10:29:55 → 2025/12/09 09:22:28)
2026-05-20 10:39:02,774 [INFO]   ✓ 2025-12-09 10:01:51  折算价=707.73
2026-05-20 10:39:03,599 [INFO] === 2025-12-10 ===
2026-05-20 10:39:03,649 [INFO]   #1 OCR=zpag
2026-05-20 10:39:03,738 [INFO]   #1 验证码/服务端错误
2026-05-20 10:39:03,784 [INFO]   #2 OCR=Lyum
2026-05-20 10:39:03,989 [INFO]     第 1 页 20 条 (2025/12/10 23:57:00 → 2025/12/10 22:47:00)  共 14 页
2026-05-20 10:39:04,115 [INFO]     第 2 页 20 条 (2025/12/10 22:46:55 → 2025/12/10 21:26:56)
2026-05-20 10:39:04,671 [INFO]     第 3 页 20 条 (2025/12/10 21:21:59 → 2025/12/10 19:51:59)
2026-05-20 10:39:05,260 [INFO]     第 4 页 20 条 (2025/12/10 19:46:59 → 2025/12/10 18:21:59)
2026-05-20 10:39:05,685 [INFO]     第 5 页 20 条 (2025/12/10 18:16:59 → 2025/12/10 16:56:58)
2026-05-20 10:39:06,255 [INFO]     第 6 页 20 条 (2025/12/10 16:51:58 → 2025/12/10 15:41:58)
2026-05-20 10:39:06,951 [INFO]     第 7 页 20 条 (2025/12/10 15:40:19 → 2025/12/10 14:11:58)
2026-05-20 10:39:07,854 [INFO]     第 8 页 20 条 (2025/12/10 14:06:58 → 2025/12/10 12:51:57)
2026-05-20 10:39:08,474 [INFO]     第 9 页 20 条 (2025/12/10 12:46:57 → 2025/12/10 11:16:57)
2026-05-20 10:39:08,907 [INFO]     第 10 页 20 条 (2025/12/10 11:11:57 → 2025/12/10 10:06:57)
2026-05-20 10:39:09,724 [INFO]     第 11 页 20 条 (2025/12/10 10:01:57 → 2025/12/10 09:16:44)
2026-05-20 10:39:09,725 [INFO]   ✓ 2025-12-10 10:01:57  折算价=707.53
2026-05-20 10:39:11,078 [INFO] === 2025-12-11 ===
2026-05-20 10:39:11,123 [INFO]   #1 OCR=Aybn
2026-05-20 10:39:11,281 [INFO]     第 1 页 20 条 (2025/12/11 23:57:06 → 2025/12/11 22:27:05)  共 13 页
2026-05-20 10:39:11,447 [INFO]     第 2 页 20 条 (2025/12/11 22:22:05 → 2025/12/11 21:12:05)
2026-05-20 10:39:12,300 [INFO]     第 3 页 20 条 (2025/12/11 21:07:05 → 2025/12/11 19:42:05)
2026-05-20 10:39:13,056 [INFO]     第 4 页 20 条 (2025/12/11 19:37:05 → 2025/12/11 18:06:58)
2026-05-20 10:39:13,843 [INFO]     第 5 页 20 条 (2025/12/11 17:42:04 → 2025/12/11 16:27:04)
2026-05-20 10:39:14,483 [INFO]     第 6 页 20 条 (2025/12/11 16:22:04 → 2025/12/11 15:07:04)
2026-05-20 10:39:14,945 [INFO]     第 7 页 20 条 (2025/12/11 15:02:04 → 2025/12/11 13:32:03)
2026-05-20 10:39:15,563 [INFO]     第 8 页 20 条 (2025/12/11 13:27:03 → 2025/12/11 11:52:03)
2026-05-20 10:39:16,228 [WARNING]     第9页第1次服务端错误提示, 等待重试
2026-05-20 10:39:17,849 [INFO]     第 9 页 20 条 (2025/12/11 11:47:03 → 2025/12/11 10:30:00)
2026-05-20 10:39:18,615 [WARNING]     第10页第1次服务端错误提示, 等待重试
2026-05-20 10:39:20,217 [INFO]     第 10 页 20 条 (2025/12/11 10:27:03 → 2025/12/11 09:33:07)
2026-05-20 10:39:20,218 [INFO]   ✓ 2025-12-11 10:02:02  折算价=706.86
2026-05-20 10:39:21,437 [INFO] === 2025-12-12 ===
2026-05-20 10:39:21,484 [INFO]   #1 OCR=Bnsk
2026-05-20 10:39:21,592 [INFO]   #1 验证码/服务端错误
2026-05-20 10:39:21,633 [INFO]   #2 OCR=ufox
2026-05-20 10:39:21,741 [INFO]   #2 验证码/服务端错误
2026-05-20 10:39:21,781 [INFO]   #3 OCR=rpt3
2026-05-20 10:39:21,891 [INFO]   #3 验证码/服务端错误
2026-05-20 10:39:21,933 [INFO]   #4 OCR=uk21
2026-05-20 10:39:22,045 [INFO]   #4 验证码/服务端错误
2026-05-20 10:39:22,085 [INFO]   #5 OCR=80a7
2026-05-20 10:39:22,268 [INFO]     第 1 页 20 条 (2025/12/12 23:58:10 → 2025/12/12 23:17:11)  共 15 页
2026-05-20 10:39:22,435 [INFO]     第 2 页 20 条 (2025/12/12 23:15:15 → 2025/12/12 22:01:32)
2026-05-20 10:39:22,922 [INFO]     第 3 页 20 条 (2025/12/12 21:57:11 → 2025/12/12 20:37:06)
2026-05-20 10:39:23,320 [WARNING]     第4页第1次服务端错误提示, 等待重试
2026-05-20 10:39:24,860 [WARNING]     第4页第2次服务端错误提示, 等待重试
2026-05-20 10:39:27,995 [INFO]     第 4 页 20 条 (2025/12/12 20:35:53 → 2025/12/12 19:37:11)
2026-05-20 10:39:30,138 [INFO]     第 5 页 20 条 (2025/12/12 19:36:37 → 2025/12/12 18:42:10)
2026-05-20 10:39:31,196 [WARNING]     第6页第1次服务端错误提示, 等待重试
2026-05-20 10:39:32,733 [WARNING]     第6页第2次服务端错误提示, 等待重试
2026-05-20 10:39:35,876 [WARNING]     第6页第3次服务端错误提示, 等待重试
2026-05-20 10:39:40,377 [WARNING]   第6页重试全部失败 → 重取验证码重启
2026-05-20 10:39:40,419 [INFO]   #6 OCR=nhv
2026-05-20 10:39:40,529 [INFO]   #6 验证码/服务端错误
2026-05-20 10:39:40,574 [INFO]   #7 OCR=ETkL
2026-05-20 10:39:40,758 [INFO]     第 1 页 20 条 (2025/12/12 23:58:10 → 2025/12/12 23:17:11)  共 15 页
2026-05-20 10:39:40,807 [WARNING]     第2页第1次服务端错误提示, 等待重试
2026-05-20 10:39:42,349 [WARNING]     第2页第2次服务端错误提示, 等待重试
2026-05-20 10:39:45,466 [INFO]     第 2 页 20 条 (2025/12/12 23:15:15 → 2025/12/12 22:01:32)
2026-05-20 10:39:46,002 [INFO]     第 3 页 20 条 (2025/12/12 21:57:11 → 2025/12/12 20:37:06)
2026-05-20 10:39:46,500 [WARNING]     第4页第1次服务端错误提示, 等待重试
2026-05-20 10:39:48,045 [WARNING]     第4页第2次服务端错误提示, 等待重试
2026-05-20 10:39:51,198 [WARNING]     第4页第3次服务端错误提示, 等待重试
2026-05-20 10:39:55,699 [WARNING]   第4页重试全部失败 → 重取验证码重启
2026-05-20 10:39:55,743 [INFO]   #8 OCR=h8hu
2026-05-20 10:39:55,905 [INFO]   #8 验证码/服务端错误
2026-05-20 10:39:55,906 [ERROR]   ✗ 2025-12-12 已重试 8 次, 跳过
2026-05-20 10:39:56,910 [INFO] === 2025-12-13 ===
2026-05-20 10:39:56,954 [INFO]   #1 OCR=ivsr
2026-05-20 10:39:57,324 [INFO]     第 1 页 20 条 (2025/12/13 10:30:00 → 2025/12/13 01:52:12)  共 3 页
2026-05-20 10:39:57,325 [INFO]   ✓ 2025-12-13 10:30:00  折算价=706.38
2026-05-20 10:39:58,156 [INFO] === 2025-12-14 ===
2026-05-20 10:39:58,202 [INFO]   #1 OCR=qk8
2026-05-20 10:39:58,245 [INFO]   #1 验证码/服务端错误
2026-05-20 10:39:58,289 [INFO]   #2 OCR=fgca
2026-05-20 10:39:58,327 [INFO]   #2 验证码/服务端错误
2026-05-20 10:39:58,372 [INFO]   #3 OCR=oess
2026-05-20 10:39:58,474 [INFO]     第 1 页 6 条 (2025/12/14 10:30:00 → 2025/12/14 00:00:05)  共 1 页
2026-05-20 10:39:58,474 [INFO]   ✓ 2025-12-14 10:30:00  折算价=706.38
2026-05-20 10:39:59,511 [INFO] === 2025-12-15 ===
2026-05-20 10:39:59,552 [INFO]   #1 OCR=ebez
2026-05-20 10:39:59,661 [INFO]     第 1 页 20 条 (2025/12/15 23:56:26 → 2025/12/15 22:51:26)  共 12 页
2026-05-20 10:39:59,773 [INFO]     第 2 页 20 条 (2025/12/15 22:46:26 → 2025/12/15 22:01:26)
2026-05-20 10:40:00,329 [INFO]     第 3 页 20 条 (2025/12/15 21:59:41 → 2025/12/15 20:56:25)
2026-05-20 10:40:01,055 [INFO]     第 4 页 20 条 (2025/12/15 20:51:25 → 2025/12/15 19:16:25)
2026-05-20 10:40:01,520 [INFO]     第 5 页 20 条 (2025/12/15 19:11:25 → 2025/12/15 17:36:25)
2026-05-20 10:40:02,305 [INFO]     第 6 页 20 条 (2025/12/15 17:31:25 → 2025/12/15 16:31:24)
2026-05-20 10:40:02,801 [INFO]     第 7 页 20 条 (2025/12/15 16:26:24 → 2025/12/15 15:06:24)
2026-05-20 10:40:03,589 [INFO]     第 8 页 20 条 (2025/12/15 15:02:01 → 2025/12/15 13:51:24)
2026-05-20 10:40:04,420 [INFO]     第 9 页 20 条 (2025/12/15 13:46:24 → 2025/12/15 12:01:23)
2026-05-20 10:40:04,858 [INFO]     第 10 页 20 条 (2025/12/15 11:56:23 → 2025/12/15 10:35:54)
2026-05-20 10:40:05,776 [INFO]     第 11 页 20 条 (2025/12/15 10:31:23 → 2025/12/15 09:37:49)
2026-05-20 10:40:05,777 [INFO]   ✓ 2025-12-15 10:01:23  折算价=706.56
2026-05-20 10:40:06,743 [INFO] === 2025-12-16 ===
2026-05-20 10:40:06,795 [INFO]   #1 OCR=kumy
2026-05-20 10:40:06,907 [INFO]     第 1 页 20 条 (2025/12/16 23:59:22 → 2025/12/16 23:00:43)  共 14 页
2026-05-20 10:40:07,020 [INFO]     第 2 页 20 条 (2025/12/16 22:56:32 → 2025/12/16 21:46:31)
2026-05-20 10:40:07,872 [INFO]     第 3 页 20 条 (2025/12/16 21:43:36 → 2025/12/16 20:56:31)
2026-05-20 10:40:08,403 [INFO]     第 4 页 20 条 (2025/12/16 20:51:31 → 2025/12/16 19:32:36)
2026-05-20 10:40:09,009 [INFO]     第 5 页 20 条 (2025/12/16 19:31:31 → 2025/12/16 18:26:30)
2026-05-20 10:40:09,737 [INFO]     第 6 页 20 条 (2025/12/16 18:21:30 → 2025/12/16 17:06:30)
2026-05-20 10:40:10,487 [INFO]     第 7 页 20 条 (2025/12/16 17:01:30 → 2025/12/16 15:36:30)
2026-05-20 10:40:11,458 [INFO]     第 8 页 20 条 (2025/12/16 15:31:30 → 2025/12/16 14:06:29)
2026-05-20 10:40:12,067 [INFO]     第 9 页 20 条 (2025/12/16 14:01:29 → 2025/12/16 12:26:29)
2026-05-20 10:40:13,094 [INFO]     第 10 页 20 条 (2025/12/16 12:21:29 → 2025/12/16 10:56:29)
2026-05-20 10:40:14,056 [INFO]     第 11 页 20 条 (2025/12/16 10:51:29 → 2025/12/16 10:06:28)
2026-05-20 10:40:14,940 [INFO]     第 12 页 20 条 (2025/12/16 10:04:35 → 2025/12/16 02:51:24)
2026-05-20 10:40:14,941 [INFO]   ✓ 2025-12-16 10:01:28  折算价=706.02
2026-05-20 10:40:16,245 [INFO] === 2025-12-17 ===
2026-05-20 10:40:16,391 [INFO]   #1 OCR=PtoJ
2026-05-20 10:40:16,593 [INFO]   #1 验证码/服务端错误
2026-05-20 10:40:16,637 [INFO]   #2 OCR=d7vk
2026-05-20 10:40:16,983 [INFO]     第 1 页 20 条 (2025/12/17 23:58:35 → 2025/12/17 23:01:37)  共 15 页
2026-05-20 10:40:17,197 [INFO]     第 2 页 20 条 (2025/12/17 22:56:37 → 2025/12/17 21:31:37)
2026-05-20 10:40:17,639 [INFO]     第 3 页 20 条 (2025/12/17 21:26:37 → 2025/12/17 20:06:37)
2026-05-20 10:40:18,397 [INFO]     第 4 页 20 条 (2025/12/17 20:01:37 → 2025/12/17 18:51:36)
2026-05-20 10:40:19,005 [INFO]     第 5 页 20 条 (2025/12/17 18:46:36 → 2025/12/17 17:36:36)
2026-05-20 10:40:19,432 [INFO]     第 6 页 20 条 (2025/12/17 17:33:06 → 2025/12/17 16:51:36)
2026-05-20 10:40:20,318 [INFO]     第 7 页 20 条 (2025/12/17 16:46:36 → 2025/12/17 15:46:36)
2026-05-20 10:40:21,207 [INFO]     第 8 页 20 条 (2025/12/17 15:41:36 → 2025/12/17 14:36:35)
2026-05-20 10:40:21,743 [INFO]     第 9 页 20 条 (2025/12/17 14:35:48 → 2025/12/17 13:26:35)
2026-05-20 10:40:22,380 [INFO]     第 10 页 20 条 (2025/12/17 13:21:35 → 2025/12/17 11:51:35)
2026-05-20 10:40:23,056 [INFO]     第 11 页 20 条 (2025/12/17 11:46:35 → 2025/12/17 10:32:06)
2026-05-20 10:40:23,849 [WARNING]     第12页第1次服务端错误提示, 等待重试
2026-05-20 10:40:25,386 [WARNING]     第12页第2次服务端错误提示, 等待重试
2026-05-20 10:40:31,400 [INFO]     第 12 页 20 条 (2025/12/17 10:31:34 → 2025/12/17 09:41:34)
2026-05-20 10:40:31,401 [INFO]   ✓ 2025-12-17 10:01:34  折算价=705.73
2026-05-20 10:40:31,403 [INFO] >>> 进度: 190/344 (55.2%) <<<
2026-05-20 10:40:32,714 [INFO] === 2025-12-18 ===
2026-05-20 10:40:32,757 [INFO]   #1 OCR=tTd3
2026-05-20 10:40:32,865 [INFO]   #1 验证码/服务端错误
2026-05-20 10:40:32,905 [INFO]   #2 OCR=Fo29
2026-05-20 10:40:33,088 [INFO]     第 1 页 20 条 (2025/12/18 23:56:43 → 2025/12/18 22:51:43)  共 14 页
2026-05-20 10:40:33,128 [WARNING]     第2页第1次服务端错误提示, 等待重试
2026-05-20 10:40:34,666 [WARNING]     第2页第2次服务端错误提示, 等待重试
2026-05-20 10:40:37,702 [WARNING]     第2页第3次服务端错误提示, 等待重试
2026-05-20 10:40:42,203 [WARNING]   第2页重试全部失败 → 重取验证码重启
2026-05-20 10:40:42,245 [INFO]   #3 OCR=Fthj
2026-05-20 10:40:42,352 [INFO]   #3 验证码/服务端错误
2026-05-20 10:40:42,395 [INFO]   #4 OCR=z1Iw
2026-05-20 10:40:42,503 [INFO]   #4 验证码/服务端错误
2026-05-20 10:40:42,549 [INFO]   #5 OCR=vzde
2026-05-20 10:40:42,654 [INFO]   #5 验证码/服务端错误
2026-05-20 10:40:42,695 [INFO]   #6 OCR=o03x
2026-05-20 10:40:42,814 [INFO]   #6 验证码/服务端错误
2026-05-20 10:40:42,861 [INFO]   #7 OCR=t2px
2026-05-20 10:40:42,971 [INFO]   #7 验证码/服务端错误
2026-05-20 10:40:43,012 [INFO]   #8 OCR=Lzo4
2026-05-20 10:40:43,121 [INFO]   #8 验证码/服务端错误
2026-05-20 10:40:43,121 [ERROR]   ✗ 2025-12-18 已重试 8 次, 跳过
2026-05-20 10:40:44,287 [INFO] === 2025-12-19 ===
2026-05-20 10:40:44,331 [INFO]   #1 OCR=ov4
2026-05-20 10:40:44,443 [INFO]   #1 验证码/服务端错误
2026-05-20 10:40:44,488 [INFO]   #2 OCR=f7n
2026-05-20 10:40:44,593 [INFO]   #2 验证码/服务端错误
2026-05-20 10:40:44,637 [INFO]   #3 OCR=kmjo
2026-05-20 10:40:44,755 [INFO]   #3 验证码/服务端错误
2026-05-20 10:40:44,799 [INFO]   #4 OCR=zzFt
2026-05-20 10:40:44,916 [INFO]   #4 验证码/服务端错误
2026-05-20 10:40:44,960 [INFO]   #5 OCR=Pezz
2026-05-20 10:40:45,070 [INFO]   #5 验证码/服务端错误
2026-05-20 10:40:45,113 [INFO]   #6 OCR=513e
2026-05-20 10:40:45,222 [INFO]   #6 验证码/服务端错误
2026-05-20 10:40:45,268 [INFO]   #7 OCR=i4L
2026-05-20 10:40:45,374 [INFO]   #7 验证码/服务端错误
2026-05-20 10:40:45,415 [INFO]   #8 OCR=pytc
2026-05-20 10:40:45,526 [INFO]   #8 验证码/服务端错误
2026-05-20 10:40:45,526 [ERROR]   ✗ 2025-12-19 已重试 8 次, 跳过
2026-05-20 10:40:46,591 [INFO] === 2025-12-20 ===
2026-05-20 10:40:46,631 [INFO]   #1 OCR=Gct
2026-05-20 10:40:46,741 [INFO]   #1 验证码/服务端错误
2026-05-20 10:40:46,786 [INFO]   #2 OCR=Bs5o
2026-05-20 10:40:46,892 [INFO]   #2 验证码/服务端错误
2026-05-20 10:40:46,933 [INFO]   #3 OCR=owli
2026-05-20 10:40:47,039 [INFO]   #3 验证码/服务端错误
2026-05-20 10:40:47,080 [INFO]   #4 OCR=jEt4
2026-05-20 10:40:47,187 [INFO]   #4 验证码/服务端错误
2026-05-20 10:40:47,231 [INFO]   #5 OCR=3d5v
2026-05-20 10:40:47,339 [INFO]   #5 验证码/服务端错误
2026-05-20 10:40:47,381 [INFO]   #6 OCR=zmh9
2026-05-20 10:40:47,491 [INFO]   #6 验证码/服务端错误
2026-05-20 10:40:47,535 [INFO]   #7 OCR=GMaq
2026-05-20 10:40:47,642 [INFO]   #7 验证码/服务端错误
2026-05-20 10:40:47,682 [INFO]   #8 OCR=sw2u
2026-05-20 10:40:47,791 [INFO]   #8 验证码/服务端错误
2026-05-20 10:40:47,791 [ERROR]   ✗ 2025-12-20 已重试 8 次, 跳过
2026-05-20 10:40:49,213 [INFO] === 2025-12-21 ===
2026-05-20 10:40:49,256 [INFO]   #1 OCR=gykq
2026-05-20 10:40:49,363 [INFO]   #1 验证码/服务端错误
2026-05-20 10:40:49,406 [INFO]   #2 OCR=doox
2026-05-20 10:40:49,495 [INFO]   #2 验证码/服务端错误
2026-05-20 10:40:49,542 [INFO]   #3 OCR=mkRD
2026-05-20 10:40:49,627 [INFO]   #3 验证码/服务端错误
2026-05-20 10:40:49,671 [INFO]   #4 OCR=iDup
2026-05-20 10:40:49,774 [INFO]   #4 验证码/服务端错误
2026-05-20 10:40:49,821 [INFO]   #5 OCR=ibu4
2026-05-20 10:40:49,929 [INFO]   #5 验证码/服务端错误
2026-05-20 10:40:49,976 [INFO]   #6 OCR=p46m
2026-05-20 10:40:50,082 [INFO]   #6 验证码/服务端错误
2026-05-20 10:40:50,126 [INFO]   #7 OCR=raxa
2026-05-20 10:40:50,228 [INFO]   #7 验证码/服务端错误
2026-05-20 10:40:50,274 [INFO]   #8 OCR='F9' 长度异常
2026-05-20 10:40:50,275 [ERROR]   ✗ 2025-12-21 已重试 8 次, 跳过
2026-05-20 10:40:51,314 [INFO] === 2025-12-22 ===
2026-05-20 10:40:51,358 [INFO]   #1 OCR=2cEo
2026-05-20 10:40:51,467 [INFO]   #1 验证码/服务端错误
2026-05-20 10:40:51,508 [INFO]   #2 OCR=Hs52
2026-05-20 10:40:51,617 [INFO]   #2 验证码/服务端错误
2026-05-20 10:40:51,656 [INFO]   #3 OCR=y6pt
2026-05-20 10:40:51,764 [INFO]   #3 验证码/服务端错误
2026-05-20 10:40:51,809 [INFO]   #4 OCR=jkh
2026-05-20 10:40:51,915 [INFO]   #4 验证码/服务端错误
2026-05-20 10:40:51,962 [INFO]   #5 OCR=zf0e
2026-05-20 10:40:52,071 [INFO]   #5 验证码/服务端错误
2026-05-20 10:40:52,116 [INFO]   #6 OCR=x0ig
2026-05-20 10:40:52,220 [INFO]   #6 验证码/服务端错误
2026-05-20 10:40:52,262 [INFO]   #7 OCR=Hdg
2026-05-20 10:40:52,375 [INFO]   #7 验证码/服务端错误
2026-05-20 10:40:52,419 [INFO]   #8 OCR=6chb
2026-05-20 10:40:52,525 [INFO]   #8 验证码/服务端错误
2026-05-20 10:40:52,525 [ERROR]   ✗ 2025-12-22 已重试 8 次, 跳过
2026-05-20 10:40:53,900 [INFO] === 2025-12-23 ===
2026-05-20 10:40:53,948 [INFO]   #1 OCR=Tjbd
2026-05-20 10:40:54,054 [INFO]   #1 验证码/服务端错误
2026-05-20 10:40:54,098 [INFO]   #2 OCR=4vjh
2026-05-20 10:40:54,204 [INFO]   #2 验证码/服务端错误
2026-05-20 10:40:54,248 [INFO]   #3 OCR=oe98
2026-05-20 10:40:54,356 [INFO]   #3 验证码/服务端错误
2026-05-20 10:40:54,400 [INFO]   #4 OCR=P2Rw
2026-05-20 10:40:54,503 [INFO]   #4 验证码/服务端错误
2026-05-20 10:40:54,548 [INFO]   #5 OCR=26zs
2026-05-20 10:40:54,656 [INFO]   #5 验证码/服务端错误
2026-05-20 10:40:54,695 [INFO]   #6 OCR=ubox
2026-05-20 10:40:54,803 [INFO]   #6 验证码/服务端错误
2026-05-20 10:40:54,841 [INFO]   #7 OCR=fgnh
2026-05-20 10:40:54,948 [INFO]   #7 验证码/服务端错误
2026-05-20 10:40:54,989 [INFO]   #8 OCR=fayr
2026-05-20 10:40:55,097 [INFO]   #8 验证码/服务端错误
2026-05-20 10:40:55,098 [ERROR]   ✗ 2025-12-23 已重试 8 次, 跳过
2026-05-20 10:40:56,002 [INFO] === 2025-12-24 ===
2026-05-20 10:40:56,047 [INFO]   #1 OCR=ovaw
2026-05-20 10:40:56,097 [INFO]   #1 验证码/服务端错误
2026-05-20 10:40:56,152 [INFO]   #2 OCR=7mDy
2026-05-20 10:40:56,192 [INFO]   #2 验证码/服务端错误
2026-05-20 10:40:56,247 [INFO]   #3 OCR=B9Fd
2026-05-20 10:40:56,286 [INFO]   #3 验证码/服务端错误
2026-05-20 10:40:56,333 [INFO]   #4 OCR=xok
2026-05-20 10:40:56,383 [INFO]   #4 验证码/服务端错误
2026-05-20 10:40:56,429 [INFO]   #5 OCR=Rgih
2026-05-20 10:40:56,468 [INFO]   #5 验证码/服务端错误
2026-05-20 10:40:56,515 [INFO]   #6 OCR=uysn
2026-05-20 10:40:56,553 [INFO]   #6 验证码/服务端错误
2026-05-20 10:40:56,594 [INFO]   #7 OCR=erjw
2026-05-20 10:40:56,634 [INFO]   #7 验证码/服务端错误
2026-05-20 10:40:56,680 [INFO]   #8 OCR=FuDF
2026-05-20 10:40:56,773 [INFO]   #8 验证码/服务端错误
2026-05-20 10:40:56,773 [ERROR]   ✗ 2025-12-24 已重试 8 次, 跳过
2026-05-20 10:40:57,933 [INFO] === 2025-12-25 ===
2026-05-20 10:40:57,975 [INFO]   #1 OCR=o7i
2026-05-20 10:40:58,015 [INFO]   #1 验证码/服务端错误
2026-05-20 10:40:58,060 [INFO]   #2 OCR=DzFh
2026-05-20 10:40:58,102 [INFO]   #2 验证码/服务端错误
2026-05-20 10:40:58,146 [INFO]   #3 OCR=mhsj
2026-05-20 10:40:58,271 [INFO]     第 1 页 20 条 (2025/12/25 23:51:43 → 2025/12/25 16:22:46)  共 11 页
2026-05-20 10:40:58,307 [WARNING]     第2页第1次服务端错误提示, 等待重试
2026-05-20 10:40:59,915 [INFO]     第 2 页 20 条 (2025/12/25 16:17:58 → 2025/12/25 15:22:21)
2026-05-20 10:41:00,559 [INFO]     第 3 页 20 条 (2025/12/25 15:17:21 → 2025/12/25 14:17:21)
2026-05-20 10:41:01,141 [INFO]     第 4 页 20 条 (2025/12/25 14:14:33 → 2025/12/25 12:12:21)
2026-05-20 10:41:01,912 [WARNING]     第5页第1次服务端错误提示, 等待重试
2026-05-20 10:41:03,531 [INFO]     第 5 页 20 条 (2025/12/25 12:07:21 → 2025/12/25 10:30:00)
2026-05-20 10:41:04,063 [INFO]     第 6 页 20 条 (2025/12/25 10:30:00 → 2025/12/25 10:07:20)
2026-05-20 10:41:04,478 [WARNING]     第7页第1次服务端错误提示, 等待重试
2026-05-20 10:41:06,104 [INFO]     第 7 页 20 条 (2025/12/25 10:06:31 → 2025/12/25 09:34:36)
2026-05-20 10:41:06,106 [INFO]   ✓ 2025-12-25 10:00:49  折算价=703.92
2026-05-20 10:41:07,316 [INFO] === 2025-12-26 ===
2026-05-20 10:41:07,361 [INFO]   #1 OCR=59u
2026-05-20 10:41:07,455 [INFO]   #1 验证码/服务端错误
2026-05-20 10:41:07,495 [INFO]   #2 OCR=z527
2026-05-20 10:41:07,681 [INFO]     第 1 页 20 条 (2025/12/26 23:57:29 → 2025/12/26 22:32:29)  共 12 页
2026-05-20 10:41:07,791 [INFO]     第 2 页 20 条 (2025/12/26 22:27:29 → 2025/12/26 20:57:28)
2026-05-20 10:41:08,343 [INFO]     第 3 页 20 条 (2025/12/26 20:52:28 → 2025/12/26 19:27:28)
2026-05-20 10:41:08,801 [INFO]     第 4 页 20 条 (2025/12/26 19:22:28 → 2025/12/26 17:47:28)
2026-05-20 10:41:09,527 [INFO]     第 5 页 20 条 (2025/12/26 17:42:28 → 2025/12/26 16:17:27)
2026-05-20 10:41:10,199 [INFO]     第 6 页 20 条 (2025/12/26 16:12:27 → 2025/12/26 15:12:27)
2026-05-20 10:41:10,879 [INFO]     第 7 页 20 条 (2025/12/26 15:07:27 → 2025/12/26 13:57:27)
2026-05-20 10:41:11,550 [INFO]     第 8 页 20 条 (2025/12/26 13:52:27 → 2025/12/26 12:30:31)
2026-05-20 10:41:12,211 [INFO]     第 9 页 20 条 (2025/12/26 12:27:26 → 2025/12/26 10:52:26)
2026-05-20 10:41:13,053 [INFO]     第 10 页 20 条 (2025/12/26 10:47:26 → 2025/12/26 10:02:05)
2026-05-20 10:41:13,927 [INFO]     第 11 页 20 条 (2025/12/26 09:59:25 → 2025/12/26 05:30:00)
2026-05-20 10:41:13,929 [INFO]   ✓ 2025-12-26 10:02:05  折算价=703.58
2026-05-20 10:41:14,759 [INFO] === 2025-12-27 ===
2026-05-20 10:41:14,808 [INFO]   #1 OCR=dEt1
2026-05-20 10:41:14,894 [INFO]   #1 验证码/服务端错误
2026-05-20 10:41:14,934 [INFO]   #2 OCR=nR5
2026-05-20 10:41:15,022 [INFO]   #2 验证码/服务端错误
2026-05-20 10:41:15,062 [INFO]   #3 OCR=xwnf
2026-05-20 10:41:15,151 [INFO]   #3 验证码/服务端错误
2026-05-20 10:41:15,194 [INFO]   #4 OCR=ybFQ
2026-05-20 10:41:15,359 [INFO]     第 1 页 20 条 (2025/12/27 10:30:00 → 2025/12/27 01:52:30)  共 3 页
2026-05-20 10:41:15,359 [INFO]   ✓ 2025-12-27 10:30:00  折算价=703.58
2026-05-20 10:41:15,361 [INFO] >>> 进度: 200/344 (58.1%) <<<
2026-05-20 10:41:16,218 [INFO] --- 定期刷新 session (已处理 200 天) ---
2026-05-20 10:41:16,612 [INFO] === 2025-12-28 ===
2026-05-20 10:41:16,683 [INFO]   #1 OCR=bHmk
2026-05-20 10:41:16,902 [INFO]     第 1 页 6 条 (2025/12/28 10:30:00 → 2025/12/28 00:00:05)  共 1 页
2026-05-20 10:41:16,903 [INFO]   ✓ 2025-12-28 10:30:00  折算价=703.58
2026-05-20 10:41:17,993 [INFO] === 2025-12-29 ===
2026-05-20 10:41:18,072 [INFO]   #1 OCR=TDmD
2026-05-20 10:41:18,276 [INFO]     第 1 页 20 条 (2025/12/29 23:57:47 → 2025/12/29 23:07:47)  共 14 页
2026-05-20 10:41:18,410 [INFO]     第 2 页 20 条 (2025/12/29 23:07:31 → 2025/12/29 21:57:46)
2026-05-20 10:41:18,883 [INFO]     第 3 页 20 条 (2025/12/29 21:52:46 → 2025/12/29 20:27:46)
2026-05-20 10:41:19,812 [INFO]     第 4 页 20 条 (2025/12/29 20:22:46 → 2025/12/29 18:57:46)
2026-05-20 10:41:20,351 [INFO]     第 5 页 20 条 (2025/12/29 18:57:38 → 2025/12/29 18:07:25)
2026-05-20 10:41:20,895 [INFO]     第 6 页 20 条 (2025/12/29 18:02:45 → 2025/12/29 17:07:42)
2026-05-20 10:41:21,546 [INFO]     第 7 页 20 条 (2025/12/29 17:02:45 → 2025/12/29 16:17:45)
2026-05-20 10:41:22,153 [INFO]     第 8 页 20 条 (2025/12/29 16:12:45 → 2025/12/29 14:52:45)
2026-05-20 10:41:23,057 [INFO]     第 9 页 20 条 (2025/12/29 14:47:45 → 2025/12/29 13:07:44)
2026-05-20 10:41:23,951 [INFO]     第 10 页 20 条 (2025/12/29 13:02:44 → 2025/12/29 11:27:44)
2026-05-20 10:41:24,853 [INFO]     第 11 页 20 条 (2025/12/29 11:25:34 → 2025/12/29 10:30:00)
2026-05-20 10:41:25,643 [INFO]     第 12 页 20 条 (2025/12/29 10:29:08 → 2025/12/29 10:07:43)
2026-05-20 10:41:26,534 [INFO]     第 13 页 20 条 (2025/12/29 10:06:11 → 2025/12/29 08:01:53)
2026-05-20 10:41:26,536 [INFO]   ✓ 2025-12-29 10:02:43  折算价=703.31
2026-05-20 10:41:27,926 [INFO] === 2025-12-30 ===
2026-05-20 10:41:31,451 [INFO]   #1 OCR=egyk
2026-05-20 10:41:31,724 [INFO]     第 1 页 20 条 (2025/12/30 23:57:52 → 2025/12/30 23:24:38)  共 18 页
2026-05-20 10:41:31,880 [INFO]     第 2 页 20 条 (2025/12/30 23:24:05 → 2025/12/30 22:37:52)
2026-05-20 10:41:32,726 [INFO]     第 3 页 20 条 (2025/12/30 22:37:32 → 2025/12/30 22:12:52)
2026-05-20 10:41:33,529 [INFO]     第 4 页 20 条 (2025/12/30 22:07:52 → 2025/12/30 21:17:52)
2026-05-20 10:41:34,471 [INFO]     第 5 页 20 条 (2025/12/30 21:12:52 → 2025/12/30 19:52:51)
2026-05-20 10:41:35,249 [INFO]     第 6 页 20 条 (2025/12/30 19:47:51 → 2025/12/30 18:47:51)
2026-05-20 10:41:35,816 [INFO]     第 7 页 20 条 (2025/12/30 18:46:43 → 2025/12/30 17:26:05)
2026-05-20 10:41:36,483 [INFO]     第 8 页 20 条 (2025/12/30 17:22:51 → 2025/12/30 16:22:51)
2026-05-20 10:41:37,163 [INFO]     第 9 页 20 条 (2025/12/30 16:17:51 → 2025/12/30 15:11:07)
2026-05-20 10:41:38,106 [INFO]     第 10 页 20 条 (2025/12/30 15:07:50 → 2025/12/30 14:22:32)
2026-05-20 10:41:38,971 [INFO]     第 11 页 20 条 (2025/12/30 14:17:50 → 2025/12/30 13:35:51)
2026-05-20 10:41:39,792 [INFO]     第 12 页 20 条 (2025/12/30 13:35:00 → 2025/12/30 13:02:50)
2026-05-20 10:41:40,587 [INFO]     第 13 页 20 条 (2025/12/30 12:58:13 → 2025/12/30 11:32:49)
2026-05-20 10:41:41,466 [INFO]     第 14 页 20 条 (2025/12/30 11:27:49 → 2025/12/30 10:12:49)
2026-05-20 10:41:42,079 [INFO]     第 15 页 20 条 (2025/12/30 10:10:42 → 2025/12/30 09:37:38)
2026-05-20 10:41:42,080 [INFO]   ✓ 2025-12-30 10:02:49  折算价=703.48
2026-05-20 10:41:43,008 [INFO] === 2025-12-31 ===
2026-05-20 10:41:43,082 [INFO]   #1 OCR=Izuz
2026-05-20 10:41:43,287 [INFO]     第 1 页 20 条 (2025/12/31 23:58:04 → 2025/12/31 23:18:07)  共 17 页
2026-05-20 10:41:43,422 [INFO]     第 2 页 20 条 (2025/12/31 23:17:02 → 2025/12/31 22:28:56)
2026-05-20 10:41:43,978 [INFO]     第 3 页 20 条 (2025/12/31 22:27:34 → 2025/12/31 21:33:16)
2026-05-20 10:41:44,552 [INFO]     第 4 页 20 条 (2025/12/31 21:30:57 → 2025/12/31 19:30:52)
2026-05-20 10:41:45,030 [INFO]     第 5 页 20 条 (2025/12/31 19:29:35 → 2025/12/31 18:56:28)
2026-05-20 10:41:45,794 [INFO]     第 6 页 20 条 (2025/12/31 18:53:29 → 2025/12/31 17:35:22)
2026-05-20 10:41:46,469 [INFO]     第 7 页 20 条 (2025/12/31 17:34:57 → 2025/12/31 16:30:03)
2026-05-20 10:41:47,174 [INFO]     第 8 页 20 条 (2025/12/31 16:27:56 → 2025/12/31 15:56:23)
2026-05-20 10:41:47,648 [INFO]     第 9 页 20 条 (2025/12/31 15:52:56 → 2025/12/31 15:21:05)
2026-05-20 10:41:48,149 [INFO]     第 10 页 20 条 (2025/12/31 15:18:49 → 2025/12/31 15:07:52)
2026-05-20 10:41:48,937 [INFO]     第 11 页 20 条 (2025/12/31 15:02:56 → 2025/12/31 13:49:10)
2026-05-20 10:41:49,864 [INFO]     第 12 页 20 条 (2025/12/31 13:47:56 → 2025/12/31 12:22:55)
2026-05-20 10:41:50,693 [INFO]     第 13 页 20 条 (2025/12/31 12:22:51 → 2025/12/31 10:26:57)
2026-05-20 10:41:51,559 [INFO]     第 14 页 20 条 (2025/12/31 10:25:30 → 2025/12/31 09:37:55)
2026-05-20 10:41:51,561 [INFO]   ✓ 2025-12-31 10:02:55  折算价=702.88
2026-05-20 10:41:52,541 [INFO] === 2026-01-01 ===
2026-05-20 10:41:52,618 [INFO]   #1 OCR=rzA7
2026-05-20 10:41:52,847 [INFO]     第 1 页 20 条 (2026/01/01 10:30:00 → 2026/01/01 02:32:59)  共 4 页
2026-05-20 10:41:52,847 [INFO]   ✓ 2026-01-01 10:30:00  折算价=702.88
2026-05-20 10:41:54,008 [INFO] === 2026-01-02 ===
2026-05-20 10:41:54,082 [INFO]   #1 OCR=coKe
2026-05-20 10:41:54,211 [INFO]   #1 验证码/服务端错误
2026-05-20 10:41:54,283 [INFO]   #2 OCR=oFnT
2026-05-20 10:41:54,436 [INFO]     第 1 页 20 条 (2026/01/02 22:59:31 → 2026/01/02 20:13:09)  共 9 页
2026-05-20 10:41:54,572 [INFO]     第 2 页 20 条 (2026/01/02 20:08:09 → 2026/01/02 19:03:08)
2026-05-20 10:41:55,380 [INFO]     第 3 页 20 条 (2026/01/02 18:58:08 → 2026/01/02 17:48:08)
2026-05-20 10:41:56,134 [INFO]     第 4 页 20 条 (2026/01/02 17:43:08 → 2026/01/02 16:08:08)
2026-05-20 10:41:57,043 [INFO]     第 5 页 20 条 (2026/01/02 16:03:08 → 2026/01/02 14:33:07)
2026-05-20 10:41:57,927 [INFO]     第 6 页 20 条 (2026/01/02 14:28:07 → 2026/01/02 12:53:07)
2026-05-20 10:41:58,695 [INFO]     第 7 页 20 条 (2026/01/02 12:48:07 → 2026/01/02 11:13:07)
2026-05-20 10:41:59,427 [INFO]     第 8 页 20 条 (2026/01/02 11:08:06 → 2026/01/02 09:48:06)
2026-05-20 10:41:59,428 [INFO]   ✓ 2026-01-02 10:03:06  折算价=702.88
2026-05-20 10:42:00,442 [INFO] === 2026-01-03 ===
2026-05-20 10:42:00,516 [INFO]   #1 OCR=Iytc
2026-05-20 10:42:00,701 [INFO]     第 1 页 7 条 (2026/01/03 10:30:00 → 2026/01/03 00:00:05)  共 1 页
2026-05-20 10:42:00,701 [INFO]   ✓ 2026-01-03 10:30:00  折算价=702.88
2026-05-20 10:42:01,943 [INFO] === 2026-01-04 ===
2026-05-20 10:42:02,017 [INFO]   #1 OCR=ms3b
2026-05-20 10:42:02,133 [INFO]   #1 验证码/服务端错误
2026-05-20 10:42:02,201 [INFO]   #2 OCR=Fqec
2026-05-20 10:42:02,319 [INFO]   #2 验证码/服务端错误
2026-05-20 10:42:02,398 [INFO]   #3 OCR=8ndw
2026-05-20 10:42:02,626 [INFO]     第 1 页 10 条 (2026/01/04 17:19:01 → 2026/01/04 00:00:05)  共 1 页
2026-05-20 10:42:02,626 [INFO]   ✓ 2026-01-04 10:30:00  折算价=702.88
2026-05-20 10:42:03,512 [INFO] === 2026-01-05 ===
2026-05-20 10:42:03,584 [INFO]   #1 OCR=Tv79
2026-05-20 10:42:03,788 [INFO]     第 1 页 20 条 (2026/01/05 23:58:27 → 2026/01/05 22:45:44)  共 13 页
2026-05-20 10:42:03,926 [INFO]     第 2 页 20 条 (2026/01/05 22:45:44 → 2026/01/05 21:43:26)
2026-05-20 10:42:04,683 [INFO]     第 3 页 20 条 (2026/01/05 21:38:26 → 2026/01/05 20:28:26)
2026-05-20 10:42:05,192 [INFO]     第 4 页 20 条 (2026/01/05 20:23:26 → 2026/01/05 18:58:26)
2026-05-20 10:42:05,778 [INFO]     第 5 页 20 条 (2026/01/05 18:58:08 → 2026/01/05 17:13:25)
2026-05-20 10:42:06,632 [INFO]     第 6 页 20 条 (2026/01/05 17:08:25 → 2026/01/05 15:43:25)
2026-05-20 10:42:07,148 [WARNING]     第7页第1次服务端错误提示, 等待重试
2026-05-20 10:42:08,718 [WARNING]     第7页第2次服务端错误提示, 等待重试
2026-05-20 10:42:11,859 [INFO]     第 7 页 20 条 (2026/01/05 15:40:00 → 2026/01/05 14:48:25)
2026-05-20 10:42:12,653 [INFO]     第 8 页 20 条 (2026/01/05 14:43:25 → 2026/01/05 13:33:24)
2026-05-20 10:42:13,305 [INFO]     第 9 页 20 条 (2026/01/05 13:28:24 → 2026/01/05 11:53:24)
2026-05-20 10:42:14,227 [INFO]     第 10 页 20 条 (2026/01/05 11:48:24 → 2026/01/05 10:33:24)
2026-05-20 10:42:14,979 [INFO]     第 11 页 20 条 (2026/01/05 10:31:39 → 2026/01/05 09:51:20)
2026-05-20 10:42:14,980 [INFO]   ✓ 2026-01-05 10:03:24  折算价=702.3
2026-05-20 10:42:16,115 [INFO] === 2026-01-06 ===
2026-05-20 10:42:16,196 [INFO]   #1 OCR=ytbq
2026-05-20 10:42:16,420 [INFO]     第 1 页 20 条 (2026/01/06 23:58:33 → 2026/01/06 22:43:32)  共 15 页
2026-05-20 10:42:16,568 [INFO]     第 2 页 20 条 (2026/01/06 22:38:32 → 2026/01/06 21:23:32)
2026-05-20 10:42:17,293 [INFO]     第 3 页 20 条 (2026/01/06 21:20:36 → 2026/01/06 19:58:32)
2026-05-20 10:42:18,140 [WARNING]     第4页第1次服务端错误提示, 等待重试
2026-05-20 10:42:19,708 [WARNING]     第4页第2次服务端错误提示, 等待重试
2026-05-20 10:42:22,774 [WARNING]     第4页第3次服务端错误提示, 等待重试
2026-05-20 10:42:27,275 [WARNING]   第4页重试全部失败 → 重取验证码重启
2026-05-20 10:42:30,147 [INFO]   #2 OCR=urg2
2026-05-20 10:42:31,696 [INFO]   #2 验证码/服务端错误
2026-05-20 10:42:31,770 [INFO]   #3 OCR=uusa
2026-05-20 10:42:31,998 [INFO]     第 1 页 20 条 (2026/01/06 23:58:33 → 2026/01/06 22:43:32)  共 15 页
2026-05-20 10:42:32,149 [INFO]     第 2 页 20 条 (2026/01/06 22:38:32 → 2026/01/06 21:23:32)
2026-05-20 10:42:32,770 [INFO]     第 3 页 20 条 (2026/01/06 21:20:36 → 2026/01/06 19:58:32)
2026-05-20 10:42:33,730 [INFO]     第 4 页 20 条 (2026/01/06 19:53:32 → 2026/01/06 18:18:31)
2026-05-20 10:42:34,511 [INFO]     第 5 页 20 条 (2026/01/06 18:13:31 → 2026/01/06 17:03:31)
2026-05-20 10:42:35,198 [INFO]     第 6 页 20 条 (2026/01/06 17:00:05 → 2026/01/06 15:58:31)
2026-05-20 10:42:35,674 [INFO]     第 7 页 20 条 (2026/01/06 15:53:31 → 2026/01/06 14:33:01)
2026-05-20 10:42:36,232 [WARNING]     第8页第1次服务端错误提示, 等待重试
2026-05-20 10:42:37,869 [INFO]     第 8 页 20 条 (2026/01/06 14:28:30 → 2026/01/06 12:58:30)
2026-05-20 10:42:38,429 [INFO]     第 9 页 20 条 (2026/01/06 12:53:30 → 2026/01/06 11:24:35)
2026-05-20 10:42:38,924 [INFO]     第 10 页 20 条 (2026/01/06 11:23:30 → 2026/01/06 10:13:29)
2026-05-20 10:42:39,866 [INFO]     第 11 页 20 条 (2026/01/06 10:12:50 → 2026/01/06 09:43:29)
2026-05-20 10:42:39,869 [INFO]   ✓ 2026-01-06 10:00:17  折算价=701.73
2026-05-20 10:42:39,872 [INFO] >>> 进度: 210/344 (61.0%) <<<
2026-05-20 10:42:40,947 [INFO] === 2026-01-07 ===
2026-05-20 10:42:41,020 [INFO]   #1 OCR=kLLe
2026-05-20 10:42:41,209 [INFO]     第 1 页 20 条 (2026/01/07 23:58:38 → 2026/01/07 23:17:34)  共 18 页
2026-05-20 10:42:41,359 [INFO]     第 2 页 20 条 (2026/01/07 23:15:52 → 2026/01/07 22:43:38)
2026-05-20 10:42:41,978 [INFO]     第 3 页 20 条 (2026/01/07 22:41:32 → 2026/01/07 21:47:43)
2026-05-20 10:42:42,882 [INFO]     第 4 页 20 条 (2026/01/07 21:45:31 → 2026/01/07 20:45:46)
2026-05-20 10:42:43,345 [INFO]     第 5 页 20 条 (2026/01/07 20:43:58 → 2026/01/07 19:23:52)
2026-05-20 10:42:44,191 [INFO]     第 6 页 20 条 (2026/01/07 19:22:22 → 2026/01/07 17:33:37)
2026-05-20 10:42:44,861 [INFO]     第 7 页 20 条 (2026/01/07 17:28:37 → 2026/01/07 16:32:14)
2026-05-20 10:42:45,584 [INFO]     第 8 页 20 条 (2026/01/07 16:31:42 → 2026/01/07 15:47:43)
2026-05-20 10:42:46,518 [INFO]     第 9 页 20 条 (2026/01/07 15:43:36 → 2026/01/07 15:15:49)
2026-05-20 10:42:47,450 [INFO]     第 10 页 20 条 (2026/01/07 15:14:35 → 2026/01/07 14:13:36)
2026-05-20 10:42:48,269 [INFO]     第 11 页 20 条 (2026/01/07 14:08:36 → 2026/01/07 12:48:36)
2026-05-20 10:42:48,996 [INFO]     第 12 页 20 条 (2026/01/07 12:43:36 → 2026/01/07 11:17:23)
2026-05-20 10:42:49,530 [INFO]     第 13 页 20 条 (2026/01/07 11:16:47 → 2026/01/07 10:41:43)
2026-05-20 10:42:50,091 [INFO]     第 14 页 20 条 (2026/01/07 10:40:59 → 2026/01/07 10:04:23)
2026-05-20 10:42:50,844 [INFO]     第 15 页 20 条 (2026/01/07 10:03:35 → 2026/01/07 09:43:35)
2026-05-20 10:42:50,846 [INFO]   ✓ 2026-01-07 10:00:14  折算价=701.87
2026-05-20 10:42:51,986 [INFO] === 2026-01-08 ===
2026-05-20 10:42:52,057 [INFO]   #1 OCR=lpuwn
2026-05-20 10:42:52,173 [INFO]   #1 验证码/服务端错误
2026-05-20 10:42:52,244 [INFO]   #2 OCR=3rbn
2026-05-20 10:42:52,446 [INFO]     第 1 页 20 条 (2026/01/08 23:58:44 → 2026/01/08 22:37:40)  共 17 页
2026-05-20 10:42:52,604 [INFO]     第 2 页 20 条 (2026/01/08 22:33:44 → 2026/01/08 21:43:43)
2026-05-20 10:42:53,133 [INFO]     第 3 页 20 条 (2026/01/08 21:38:43 → 2026/01/08 20:18:43)
2026-05-20 10:42:53,659 [INFO]     第 4 页 20 条 (2026/01/08 20:13:43 → 2026/01/08 18:52:07)
2026-05-20 10:42:54,603 [INFO]     第 5 页 20 条 (2026/01/08 18:52:01 → 2026/01/08 17:13:42)
2026-05-20 10:42:55,349 [INFO]     第 6 页 20 条 (2026/01/08 17:10:01 → 2026/01/08 16:18:42)
2026-05-20 10:42:56,155 [INFO]     第 7 页 20 条 (2026/01/08 16:13:42 → 2026/01/08 15:08:42)
2026-05-20 10:42:56,737 [INFO]     第 8 页 20 条 (2026/01/08 15:03:42 → 2026/01/08 14:18:42)
2026-05-20 10:42:57,333 [INFO]     第 9 页 20 条 (2026/01/08 14:18:28 → 2026/01/08 13:31:18)
2026-05-20 10:42:58,110 [INFO]     第 10 页 20 条 (2026/01/08 13:28:41 → 2026/01/08 11:53:41)
2026-05-20 10:42:59,053 [INFO]     第 11 页 20 条 (2026/01/08 11:48:41 → 2026/01/08 10:57:08)
2026-05-20 10:42:59,749 [INFO]     第 12 页 20 条 (2026/01/08 10:56:48 → 2026/01/08 10:33:41)
2026-05-20 10:43:00,709 [INFO]     第 13 页 20 条 (2026/01/08 10:33:31 → 2026/01/08 10:08:41)
2026-05-20 10:43:01,590 [INFO]     第 14 页 20 条 (2026/01/08 10:08:20 → 2026/01/08 09:30:55)
2026-05-20 10:43:01,591 [INFO]   ✓ 2026-01-08 10:03:41  折算价=701.97
2026-05-20 10:43:02,982 [INFO] === 2026-01-09 ===
2026-05-20 10:43:03,054 [INFO]   #1 OCR=vya8
2026-05-20 10:43:03,252 [INFO]     第 1 页 20 条 (2026/01/09 23:58:50 → 2026/01/09 23:16:36)  共 16 页
2026-05-20 10:43:03,430 [INFO]     第 2 页 20 条 (2026/01/09 23:13:50 → 2026/01/09 22:13:49)
2026-05-20 10:43:04,121 [INFO]     第 3 页 20 条 (2026/01/09 22:13:04 → 2026/01/09 21:38:36)
2026-05-20 10:43:05,011 [INFO]     第 4 页 20 条 (2026/01/09 21:37:41 → 2026/01/09 21:03:02)
2026-05-20 10:43:05,564 [INFO]     第 5 页 20 条 (2026/01/09 20:58:49 → 2026/01/09 19:23:49)
2026-05-20 10:43:06,312 [INFO]     第 6 页 20 条 (2026/01/09 19:18:49 → 2026/01/09 18:23:48)
2026-05-20 10:43:07,093 [INFO]     第 7 页 20 条 (2026/01/09 18:20:44 → 2026/01/09 17:08:40)
2026-05-20 10:43:07,785 [INFO]     第 8 页 20 条 (2026/01/09 17:05:41 → 2026/01/09 15:46:53)
2026-05-20 10:43:08,431 [INFO]     第 9 页 20 条 (2026/01/09 15:43:48 → 2026/01/09 14:23:47)
2026-05-20 10:43:09,255 [INFO]     第 10 页 20 条 (2026/01/09 14:18:47 → 2026/01/09 13:08:47)
2026-05-20 10:43:09,988 [INFO]     第 11 页 20 条 (2026/01/09 13:03:47 → 2026/01/09 11:33:47)
2026-05-20 10:43:10,849 [INFO]     第 12 页 20 条 (2026/01/09 11:28:47 → 2026/01/09 10:30:00)
2026-05-20 10:43:11,577 [INFO]     第 13 页 20 条 (2026/01/09 10:30:00 → 2026/01/09 09:40:25)
2026-05-20 10:43:11,580 [INFO]   ✓ 2026-01-09 10:03:46  折算价=701.28
2026-05-20 10:43:12,789 [INFO] === 2026-01-10 ===
2026-05-20 10:43:12,865 [INFO]   #1 OCR=pix9
2026-05-20 10:43:13,053 [INFO]     第 1 页 20 条 (2026/01/10 10:30:00 → 2026/01/10 01:53:50)  共 3 页
2026-05-20 10:43:13,054 [INFO]   ✓ 2026-01-10 10:30:00  折算价=701.28
2026-05-20 10:43:14,369 [INFO] === 2026-01-11 ===
2026-05-20 10:43:14,442 [INFO]   #1 OCR=v1Di
2026-05-20 10:43:14,639 [INFO]     第 1 页 6 条 (2026/01/11 10:30:00 → 2026/01/11 00:00:05)  共 1 页
2026-05-20 10:43:14,639 [INFO]   ✓ 2026-01-11 10:30:00  折算价=701.28
2026-05-20 10:43:15,887 [INFO] === 2026-01-12 ===
2026-05-20 10:43:15,961 [INFO]   #1 OCR=4RH6
2026-05-20 10:43:16,143 [INFO]     第 1 页 20 条 (2026/01/12 23:59:07 → 2026/01/12 22:24:07)  共 15 页
2026-05-20 10:43:16,306 [INFO]     第 2 页 20 条 (2026/01/12 22:19:07 → 2026/01/12 20:54:06)
2026-05-20 10:43:17,096 [INFO]     第 3 页 20 条 (2026/01/12 20:49:06 → 2026/01/12 20:00:08)
2026-05-20 10:43:17,884 [INFO]     第 4 页 20 条 (2026/01/12 19:59:06 → 2026/01/12 19:30:08)
2026-05-20 10:43:18,615 [INFO]     第 5 页 20 条 (2026/01/12 19:29:06 → 2026/01/12 18:44:06)
2026-05-20 10:43:19,498 [INFO]     第 6 页 20 条 (2026/01/12 18:40:38 → 2026/01/12 18:09:06)
2026-05-20 10:43:20,220 [INFO]     第 7 页 20 条 (2026/01/12 18:09:05 → 2026/01/12 17:48:27)
2026-05-20 10:43:20,833 [INFO]     第 8 页 20 条 (2026/01/12 17:48:04 → 2026/01/12 16:54:06)
2026-05-20 10:43:21,486 [INFO]     第 9 页 20 条 (2026/01/12 16:49:05 → 2026/01/12 15:59:05)
2026-05-20 10:43:21,993 [INFO]     第 10 页 20 条 (2026/01/12 15:57:47 → 2026/01/12 14:39:05)
2026-05-20 10:43:22,866 [INFO]     第 11 页 20 条 (2026/01/12 14:34:05 → 2026/01/12 13:04:05)
2026-05-20 10:43:23,804 [INFO]     第 12 页 20 条 (2026/01/12 12:59:05 → 2026/01/12 11:24:04)
2026-05-20 10:43:24,393 [INFO]     第 13 页 20 条 (2026/01/12 11:19:04 → 2026/01/12 10:14:04)
2026-05-20 10:43:24,975 [INFO]     第 14 页 20 条 (2026/01/12 10:10:15 → 2026/01/12 08:39:01)
2026-05-20 10:43:24,977 [INFO]   ✓ 2026-01-12 10:04:04  折算价=701.08
2026-05-20 10:43:25,874 [INFO] === 2026-01-13 ===
2026-05-20 10:43:25,943 [INFO]   #1 OCR=w2qm
2026-05-20 10:43:26,059 [INFO]   #1 验证码/服务端错误
2026-05-20 10:43:26,129 [INFO]   #2 OCR=gksi
2026-05-20 10:43:26,240 [INFO]   #2 验证码/服务端错误
2026-05-20 10:43:26,345 [INFO]   #3 OCR=a3qe
2026-05-20 10:43:26,564 [INFO]     第 1 页 20 条 (2026/01/13 23:59:13 → 2026/01/13 23:02:09)  共 15 页
2026-05-20 10:43:30,041 [INFO]     第 2 页 20 条 (2026/01/13 22:59:13 → 2026/01/13 21:54:12)
2026-05-20 10:43:31,708 [INFO]     第 3 页 20 条 (2026/01/13 21:49:12 → 2026/01/13 20:49:12)
2026-05-20 10:43:32,447 [WARNING]     第4页第1次服务端错误提示, 等待重试
2026-05-20 10:43:34,013 [WARNING]     第4页第2次服务端错误提示, 等待重试
2026-05-20 10:43:37,152 [INFO]     第 4 页 20 条 (2026/01/13 20:44:12 → 2026/01/13 19:09:12)
2026-05-20 10:43:38,106 [INFO]     第 5 页 20 条 (2026/01/13 19:04:12 → 2026/01/13 17:37:00)
2026-05-20 10:43:38,990 [INFO]     第 6 页 20 条 (2026/01/13 17:34:11 → 2026/01/13 16:39:11)
2026-05-20 10:43:39,923 [INFO]     第 7 页 20 条 (2026/01/13 16:38:01 → 2026/01/13 15:19:11)
2026-05-20 10:43:40,491 [INFO]     第 8 页 20 条 (2026/01/13 15:17:21 → 2026/01/13 14:28:33)
2026-05-20 10:43:41,399 [INFO]     第 9 页 20 条 (2026/01/13 14:24:11 → 2026/01/13 13:04:10)
2026-05-20 10:43:42,124 [INFO]     第 10 页 20 条 (2026/01/13 12:59:10 → 2026/01/13 11:44:10)
2026-05-20 10:43:42,951 [INFO]     第 11 页 20 条 (2026/01/13 11:39:10 → 2026/01/13 10:30:00)
2026-05-20 10:43:43,679 [INFO]     第 12 页 20 条 (2026/01/13 10:29:10 → 2026/01/13 09:40:14)
2026-05-20 10:43:43,681 [INFO]   ✓ 2026-01-13 10:01:58  折算价=701.03
2026-05-20 10:43:44,497 [INFO] === 2026-01-14 ===
2026-05-20 10:43:44,569 [INFO]   #1 OCR=ind1
2026-05-20 10:43:44,738 [INFO]   #1 验证码/服务端错误
2026-05-20 10:43:44,820 [INFO]   #2 OCR=sqYa
2026-05-20 10:43:45,027 [INFO]     第 1 页 20 条 (2026/01/14 23:59:19 → 2026/01/14 23:13:31)  共 16 页
2026-05-20 10:43:45,166 [INFO]     第 2 页 20 条 (2026/01/14 23:13:09 → 2026/01/14 22:44:18)
2026-05-20 10:43:46,098 [INFO]     第 3 页 20 条 (2026/01/14 22:42:00 → 2026/01/14 22:05:28)
2026-05-20 10:43:46,898 [INFO]     第 4 页 20 条 (2026/01/14 22:04:38 → 2026/01/14 20:54:18)
2026-05-20 10:43:47,510 [INFO]     第 5 页 20 条 (2026/01/14 20:49:18 → 2026/01/14 19:44:18)
2026-05-20 10:43:48,429 [INFO]     第 6 页 20 条 (2026/01/14 19:39:18 → 2026/01/14 17:41:56)
2026-05-20 10:43:49,346 [INFO]     第 7 页 20 条 (2026/01/14 17:39:17 → 2026/01/14 16:19:17)
2026-05-20 10:43:50,216 [INFO]     第 8 页 20 条 (2026/01/14 16:14:17 → 2026/01/14 14:55:58)
2026-05-20 10:43:50,979 [INFO]     第 9 页 20 条 (2026/01/14 14:54:16 → 2026/01/14 13:47:13)
2026-05-20 10:43:51,645 [INFO]     第 10 页 20 条 (2026/01/14 13:44:16 → 2026/01/14 12:14:16)
2026-05-20 10:43:52,456 [INFO]     第 11 页 20 条 (2026/01/14 12:09:16 → 2026/01/14 10:39:15)
2026-05-20 10:43:53,181 [INFO]     第 12 页 20 条 (2026/01/14 10:34:15 → 2026/01/14 09:57:11)
2026-05-20 10:43:53,182 [INFO]   ✓ 2026-01-14 10:01:59  折算价=701.2
2026-05-20 10:43:54,573 [INFO] === 2026-01-15 ===
2026-05-20 10:43:54,648 [INFO]   #1 OCR=Fd6u
2026-05-20 10:43:54,830 [INFO]     第 1 页 20 条 (2026/01/15 23:59:24 → 2026/01/15 22:42:18)  共 15 页
2026-05-20 10:43:54,991 [INFO]     第 2 页 20 条 (2026/01/15 22:39:24 → 2026/01/15 21:21:45)
2026-05-20 10:43:55,568 [INFO]     第 3 页 20 条 (2026/01/15 21:19:24 → 2026/01/15 19:54:23)
2026-05-20 10:43:56,273 [INFO]     第 4 页 20 条 (2026/01/15 19:49:23 → 2026/01/15 18:34:23)
2026-05-20 10:43:56,866 [INFO]     第 5 页 20 条 (2026/01/15 18:29:23 → 2026/01/15 17:14:23)
2026-05-20 10:43:57,803 [INFO]     第 6 页 20 条 (2026/01/15 17:09:23 → 2026/01/15 15:54:22)
2026-05-20 10:43:58,544 [INFO]     第 7 页 20 条 (2026/01/15 15:49:22 → 2026/01/15 15:13:25)
2026-05-20 10:43:59,226 [INFO]     第 8 页 20 条 (2026/01/15 15:11:48 → 2026/01/15 14:14:22)
2026-05-20 10:44:00,125 [INFO]     第 9 页 20 条 (2026/01/15 14:09:22 → 2026/01/15 12:39:22)
2026-05-20 10:44:00,678 [INFO]     第 10 页 20 条 (2026/01/15 12:34:22 → 2026/01/15 11:10:06)
2026-05-20 10:44:01,525 [INFO]     第 11 页 20 条 (2026/01/15 11:09:21 → 2026/01/15 10:10:21)
2026-05-20 10:44:02,413 [INFO]     第 12 页 20 条 (2026/01/15 10:09:21 → 2026/01/15 05:30:00)
2026-05-20 10:44:02,414 [INFO]   ✓ 2026-01-15 10:04:21  折算价=700.64
2026-05-20 10:44:03,251 [INFO] === 2026-01-16 ===
2026-05-20 10:44:03,326 [INFO]   #1 OCR=iczg
2026-05-20 10:44:03,446 [INFO]   #1 验证码/服务端错误
2026-05-20 10:44:03,517 [INFO]   #2 OCR=cgij
2026-05-20 10:44:03,739 [INFO]     第 1 页 20 条 (2026/01/16 23:59:30 → 2026/01/16 23:19:15)  共 14 页
2026-05-20 10:44:03,877 [INFO]     第 2 页 20 条 (2026/01/16 23:18:36 → 2026/01/16 21:49:30)
2026-05-20 10:44:04,570 [INFO]     第 3 页 20 条 (2026/01/16 21:44:30 → 2026/01/16 20:14:29)
2026-05-20 10:44:05,191 [INFO]     第 4 页 20 条 (2026/01/16 20:09:29 → 2026/01/16 18:34:29)
2026-05-20 10:44:05,939 [INFO]     第 5 页 20 条 (2026/01/16 18:29:29 → 2026/01/16 17:14:28)
2026-05-20 10:44:06,438 [INFO]     第 6 页 20 条 (2026/01/16 17:09:28 → 2026/01/16 15:58:46)
2026-05-20 10:44:07,114 [INFO]     第 7 页 20 条 (2026/01/16 15:54:28 → 2026/01/16 14:50:38)
2026-05-20 10:44:07,978 [INFO]     第 8 页 20 条 (2026/01/16 14:50:17 → 2026/01/16 13:51:23)
2026-05-20 10:44:08,883 [INFO]     第 9 页 20 条 (2026/01/16 13:49:28 → 2026/01/16 12:24:27)
2026-05-20 10:44:09,592 [INFO]     第 10 页 20 条 (2026/01/16 12:19:27 → 2026/01/16 11:04:27)
2026-05-20 10:44:10,276 [INFO]     第 11 页 20 条 (2026/01/16 10:59:27 → 2026/01/16 10:10:27)
2026-05-20 10:44:10,882 [INFO]     第 12 页 20 条 (2026/01/16 10:09:27 → 2026/01/16 05:30:00)
2026-05-20 10:44:10,883 [INFO]   ✓ 2026-01-16 10:01:41  折算价=700.78
2026-05-20 10:44:10,885 [INFO] >>> 进度: 220/344 (64.0%) <<<
2026-05-20 10:44:11,757 [INFO] === 2026-01-17 ===
2026-05-20 10:44:11,836 [INFO]   #1 OCR=hwzx
2026-05-20 10:44:12,063 [INFO]     第 1 页 20 条 (2026/01/17 10:30:00 → 2026/01/17 01:49:31)  共 3 页
2026-05-20 10:44:12,063 [INFO]   ✓ 2026-01-17 10:30:00  折算价=700.78
2026-05-20 10:44:13,449 [INFO] === 2026-01-18 ===
2026-05-20 10:44:13,524 [INFO]   #1 OCR=9sit
2026-05-20 10:44:13,640 [INFO]   #1 验证码/服务端错误
2026-05-20 10:44:13,711 [INFO]   #2 OCR=Bku1
2026-05-20 10:44:13,890 [INFO]     第 1 页 6 条 (2026/01/18 10:30:00 → 2026/01/18 00:00:05)  共 1 页
2026-05-20 10:44:13,890 [INFO]   ✓ 2026-01-18 10:30:00  折算价=700.78
2026-05-20 10:44:14,712 [INFO] === 2026-01-19 ===
2026-05-20 10:44:14,785 [INFO]   #1 OCR=un5
2026-05-20 10:44:14,899 [INFO]   #1 验证码/服务端错误
2026-05-20 10:44:14,972 [INFO]   #2 OCR=1JBa
2026-05-20 10:44:15,085 [INFO]   #2 验证码/服务端错误
2026-05-20 10:44:15,156 [INFO]   #3 OCR=a9uu
2026-05-20 10:44:15,345 [INFO]     第 1 页 20 条 (2026/01/19 23:59:48 → 2026/01/19 22:24:47)  共 11 页
2026-05-20 10:44:15,488 [INFO]     第 2 页 20 条 (2026/01/19 22:19:47 → 2026/01/19 20:44:47)
2026-05-20 10:44:16,353 [INFO]     第 3 页 20 条 (2026/01/19 20:39:47 → 2026/01/19 19:04:46)
2026-05-20 10:44:16,908 [INFO]     第 4 页 20 条 (2026/01/19 18:59:47 → 2026/01/19 17:29:46)
2026-05-20 10:44:17,680 [INFO]     第 5 页 20 条 (2026/01/19 17:24:46 → 2026/01/19 15:54:46)
2026-05-20 10:44:18,388 [INFO]     第 6 页 20 条 (2026/01/19 15:49:46 → 2026/01/19 14:39:45)
2026-05-20 10:44:19,096 [INFO]     第 7 页 20 条 (2026/01/19 14:34:45 → 2026/01/19 12:59:45)
2026-05-20 10:44:19,614 [INFO]     第 8 页 20 条 (2026/01/19 12:54:45 → 2026/01/19 11:21:46)
2026-05-20 10:44:20,146 [INFO]     第 9 页 20 条 (2026/01/19 11:19:45 → 2026/01/19 10:09:44)
2026-05-20 10:44:20,829 [INFO]     第 10 页 20 条 (2026/01/19 10:04:44 → 2026/01/19 07:09:05)
2026-05-20 10:44:20,831 [INFO]   ✓ 2026-01-19 10:04:44  折算价=700.51
2026-05-20 10:44:22,264 [INFO] === 2026-01-20 ===
2026-05-20 10:44:22,338 [INFO]   #1 OCR=Qcit
2026-05-20 10:44:22,538 [INFO]     第 1 页 20 条 (2026/01/20 23:59:53 → 2026/01/20 22:31:51)  共 15 页
2026-05-20 10:44:22,692 [INFO]     第 2 页 20 条 (2026/01/20 22:29:53 → 2026/01/20 21:39:07)
2026-05-20 10:44:23,553 [INFO]     第 3 页 20 条 (2026/01/20 21:37:38 → 2026/01/20 20:39:53)
2026-05-20 10:44:24,128 [INFO]     第 4 页 20 条 (2026/01/20 20:34:53 → 2026/01/20 19:09:52)
2026-05-20 10:44:25,052 [INFO]     第 5 页 20 条 (2026/01/20 19:04:52 → 2026/01/20 17:39:52)
2026-05-20 10:44:25,530 [WARNING]     第6页第1次服务端错误提示, 等待重试
2026-05-20 10:44:31,573 [INFO]     第 6 页 20 条 (2026/01/20 17:34:52 → 2026/01/20 16:31:22)
2026-05-20 10:44:32,354 [INFO]     第 7 页 20 条 (2026/01/20 16:29:52 → 2026/01/20 15:49:51)
2026-05-20 10:44:33,102 [INFO]     第 8 页 20 条 (2026/01/20 15:44:51 → 2026/01/20 14:34:51)
2026-05-20 10:44:33,924 [WARNING]     第9页第1次服务端错误提示, 等待重试
2026-05-20 10:44:35,591 [INFO]     第 9 页 20 条 (2026/01/20 14:29:51 → 2026/01/20 13:04:51)
2026-05-20 10:44:36,202 [INFO]     第 10 页 20 条 (2026/01/20 12:59:51 → 2026/01/20 11:24:50)
2026-05-20 10:44:36,984 [INFO]     第 11 页 20 条 (2026/01/20 11:23:16 → 2026/01/20 10:10:41)
2026-05-20 10:44:37,766 [INFO]     第 12 页 20 条 (2026/01/20 10:10:20 → 2026/01/20 09:30:32)
2026-05-20 10:44:37,767 [INFO]   ✓ 2026-01-20 10:03:50  折算价=700.06
2026-05-20 10:44:38,581 [INFO] === 2026-01-21 ===
2026-05-20 10:44:38,653 [INFO]   #1 OCR=f1t2
2026-05-20 10:44:38,900 [INFO]     第 1 页 20 条 (2026/01/21 23:59:59 → 2026/01/21 22:54:59)  共 15 页
2026-05-20 10:44:38,966 [WARNING]     第2页第1次服务端错误提示, 等待重试
2026-05-20 10:44:40,606 [INFO]     第 2 页 20 条 (2026/01/21 22:54:50 → 2026/01/21 22:03:33)
2026-05-20 10:44:41,263 [INFO]     第 3 页 20 条 (2026/01/21 21:59:59 → 2026/01/21 20:29:58)
2026-05-20 10:44:41,800 [INFO]     第 4 页 20 条 (2026/01/21 20:24:58 → 2026/01/21 18:59:58)
2026-05-20 10:44:42,613 [INFO]     第 5 页 20 条 (2026/01/21 18:54:58 → 2026/01/21 17:29:58)
2026-05-20 10:44:43,557 [INFO]     第 6 页 20 条 (2026/01/21 17:24:58 → 2026/01/21 16:04:57)
2026-05-20 10:44:44,132 [INFO]     第 7 页 20 条 (2026/01/21 15:59:57 → 2026/01/21 14:43:02)
2026-05-20 10:44:44,949 [INFO]     第 8 页 20 条 (2026/01/21 14:39:57 → 2026/01/21 13:41:24)
2026-05-20 10:44:45,656 [INFO]     第 9 页 20 条 (2026/01/21 13:39:57 → 2026/01/21 12:09:56)
2026-05-20 10:44:46,296 [INFO]     第 10 页 20 条 (2026/01/21 12:09:50 → 2026/01/21 11:14:56)
2026-05-20 10:44:47,068 [INFO]     第 11 页 20 条 (2026/01/21 11:09:56 → 2026/01/21 10:10:47)
2026-05-20 10:44:47,620 [INFO]     第 12 页 20 条 (2026/01/21 10:10:26 → 2026/01/21 09:32:14)
2026-05-20 10:44:47,622 [INFO]   ✓ 2026-01-21 10:02:14  折算价=700.14
2026-05-20 10:44:48,556 [INFO] === 2026-01-22 ===
2026-05-20 10:44:48,630 [INFO]   #1 OCR=pygp
2026-05-20 10:44:48,830 [INFO]     第 1 页 20 条 (2026/01/22 00:00:05 → 2026/01/22 22:53:33)  共 16 页
2026-05-20 10:44:48,971 [INFO]     第 2 页 20 条 (2026/01/22 22:50:05 → 2026/01/22 21:35:04)
2026-05-20 10:44:49,827 [INFO]     第 3 页 20 条 (2026/01/22 21:34:45 → 2026/01/22 20:32:49)
2026-05-20 10:44:50,593 [INFO]     第 4 页 20 条 (2026/01/22 20:31:58 → 2026/01/22 19:25:04)
2026-05-20 10:44:51,279 [INFO]     第 5 页 20 条 (2026/01/22 19:22:52 → 2026/01/22 18:51:26)
2026-05-20 10:44:51,864 [INFO]     第 6 页 20 条 (2026/01/22 18:50:04 → 2026/01/22 18:02:09)
2026-05-20 10:44:52,667 [INFO]     第 7 页 20 条 (2026/01/22 18:00:04 → 2026/01/22 17:15:03)
2026-05-20 10:44:53,189 [INFO]     第 8 页 20 条 (2026/01/22 17:10:03 → 2026/01/22 15:45:03)
2026-05-20 10:44:53,835 [INFO]     第 9 页 20 条 (2026/01/22 15:40:03 → 2026/01/22 14:05:03)
2026-05-20 10:44:54,300 [INFO]     第 10 页 20 条 (2026/01/22 14:00:03 → 2026/01/22 12:25:02)
2026-05-20 10:44:54,797 [INFO]     第 11 页 20 条 (2026/01/22 12:20:02 → 2026/01/22 11:20:02)
2026-05-20 10:44:55,337 [INFO]     第 12 页 20 条 (2026/01/22 11:15:02 → 2026/01/22 10:30:02)
2026-05-20 10:44:55,867 [INFO]     第 13 页 20 条 (2026/01/22 10:30:00 → 2026/01/22 09:37:35)
2026-05-20 10:44:55,868 [INFO]   ✓ 2026-01-22 10:00:02  折算价=700.19
2026-05-20 10:44:57,050 [INFO] === 2026-01-23 ===
2026-05-20 10:44:57,127 [INFO]   #1 OCR=iG60
2026-05-20 10:44:57,249 [INFO]   #1 验证码/服务端错误
2026-05-20 10:44:57,320 [INFO]   #2 OCR=w4hk
2026-05-20 10:44:57,525 [INFO]     第 1 页 20 条 (2026/01/23 23:55:11 → 2026/01/23 22:30:10)  共 16 页
2026-05-20 10:44:57,684 [INFO]     第 2 页 20 条 (2026/01/23 22:25:10 → 2026/01/23 20:55:10)
2026-05-20 10:44:58,540 [INFO]     第 3 页 20 条 (2026/01/23 20:50:10 → 2026/01/23 19:25:10)
2026-05-20 10:44:59,287 [INFO]     第 4 页 20 条 (2026/01/23 19:20:10 → 2026/01/23 18:00:09)
2026-05-20 10:44:59,934 [INFO]     第 5 页 20 条 (2026/01/23 17:55:09 → 2026/01/23 16:50:09)
2026-05-20 10:45:00,698 [INFO]     第 6 页 20 条 (2026/01/23 16:45:09 → 2026/01/23 15:56:24)
2026-05-20 10:45:01,342 [INFO]     第 7 页 20 条 (2026/01/23 15:55:09 → 2026/01/23 15:30:09)
2026-05-20 10:45:02,216 [INFO]     第 8 页 20 条 (2026/01/23 15:25:09 → 2026/01/23 14:25:08)
2026-05-20 10:45:03,116 [INFO]     第 9 页 20 条 (2026/01/23 14:20:08 → 2026/01/23 13:00:08)
2026-05-20 10:45:03,910 [INFO]     第 10 页 20 条 (2026/01/23 12:55:08 → 2026/01/23 11:34:02)
2026-05-20 10:45:04,578 [INFO]     第 11 页 20 条 (2026/01/23 11:30:08 → 2026/01/23 10:20:07)
2026-05-20 10:45:05,248 [INFO]     第 12 页 20 条 (2026/01/23 10:15:07 → 2026/01/23 09:47:16)
2026-05-20 10:45:05,249 [INFO]   ✓ 2026-01-23 10:00:07  折算价=699.29
2026-05-20 10:45:06,264 [INFO] === 2026-01-24 ===
2026-05-20 10:45:06,340 [INFO]   #1 OCR=EPu1
2026-05-20 10:45:06,535 [INFO]     第 1 页 20 条 (2026/01/24 10:30:00 → 2026/01/24 02:15:43)  共 4 页
2026-05-20 10:45:06,536 [INFO]   ✓ 2026-01-24 10:30:00  折算价=699.29
2026-05-20 10:45:07,453 [INFO] === 2026-01-25 ===
2026-05-20 10:45:07,526 [INFO]   #1 OCR=xim
2026-05-20 10:45:07,650 [INFO]   #1 验证码/服务端错误
2026-05-20 10:45:07,724 [INFO]   #2 OCR=1bhx
2026-05-20 10:45:07,842 [INFO]   #2 验证码/服务端错误
2026-05-20 10:45:07,914 [INFO]   #3 OCR=wx7v
2026-05-20 10:45:08,125 [INFO]     第 1 页 6 条 (2026/01/25 10:30:00 → 2026/01/25 00:00:05)  共 1 页
2026-05-20 10:45:08,125 [INFO]   ✓ 2026-01-25 10:30:00  折算价=699.29
2026-05-20 10:45:09,494 [INFO] === 2026-01-26 ===
2026-05-20 10:45:09,566 [INFO]   #1 OCR=5ugn
2026-05-20 10:45:09,808 [INFO]     第 1 页 20 条 (2026/01/26 23:55:28 → 2026/01/26 22:45:28)  共 14 页
2026-05-20 10:45:09,946 [INFO]     第 2 页 20 条 (2026/01/26 22:43:17 → 2026/01/26 21:20:28)
2026-05-20 10:45:10,905 [INFO]     第 3 页 20 条 (2026/01/26 21:19:54 → 2026/01/26 19:50:27)
2026-05-20 10:45:11,725 [INFO]     第 4 页 20 条 (2026/01/26 19:45:27 → 2026/01/26 18:20:27)
2026-05-20 10:45:12,287 [INFO]     第 5 页 20 条 (2026/01/26 18:19:55 → 2026/01/26 17:10:27)
2026-05-20 10:45:13,011 [INFO]     第 6 页 20 条 (2026/01/26 17:10:06 → 2026/01/26 16:35:10)
2026-05-20 10:45:13,733 [INFO]     第 7 页 20 条 (2026/01/26 16:34:17 → 2026/01/26 15:45:27)
2026-05-20 10:45:14,460 [INFO]     第 8 页 20 条 (2026/01/26 15:40:26 → 2026/01/26 14:40:26)
2026-05-20 10:45:15,329 [INFO]     第 9 页 20 条 (2026/01/26 14:35:26 → 2026/01/26 13:10:26)
2026-05-20 10:45:15,954 [INFO]     第 10 页 20 条 (2026/01/26 13:05:26 → 2026/01/26 11:35:25)
2026-05-20 10:45:16,634 [INFO]     第 11 页 20 条 (2026/01/26 11:30:25 → 2026/01/26 10:30:00)
2026-05-20 10:45:17,206 [INFO]     第 12 页 20 条 (2026/01/26 10:28:11 → 2026/01/26 09:48:00)
2026-05-20 10:45:17,208 [INFO]   ✓ 2026-01-26 10:00:25  折算价=698.43
2026-05-20 10:45:17,209 [INFO] >>> 进度: 230/344 (66.9%) <<<
2026-05-20 10:45:18,689 [INFO] === 2026-01-27 ===
2026-05-20 10:45:18,760 [INFO]   #1 OCR=xtyc
2026-05-20 10:45:18,880 [INFO]   #1 验证码/服务端错误
2026-05-20 10:45:18,955 [INFO]   #2 OCR=pwcL
2026-05-20 10:45:19,161 [INFO]     第 1 页 20 条 (2026/01/27 23:55:34 → 2026/01/27 23:00:34)  共 16 页
2026-05-20 10:45:19,295 [INFO]     第 2 页 20 条 (2026/01/27 23:00:20 → 2026/01/27 22:10:34)
2026-05-20 10:45:20,233 [INFO]     第 3 页 20 条 (2026/01/27 22:05:34 → 2026/01/27 21:20:34)
2026-05-20 10:45:21,064 [INFO]     第 4 页 20 条 (2026/01/27 21:15:34 → 2026/01/27 20:25:27)
2026-05-20 10:45:21,675 [INFO]     第 5 页 20 条 (2026/01/27 20:22:45 → 2026/01/27 19:10:33)
2026-05-20 10:45:22,376 [INFO]     第 6 页 20 条 (2026/01/27 19:05:33 → 2026/01/27 18:05:33)
2026-05-20 10:45:22,974 [INFO]     第 7 页 20 条 (2026/01/27 18:06:44 → 2026/01/27 17:35:33)
2026-05-20 10:45:23,792 [INFO]     第 8 页 20 条 (2026/01/27 17:30:33 → 2026/01/27 16:05:32)
2026-05-20 10:45:24,607 [INFO]     第 9 页 20 条 (2026/01/27 16:00:32 → 2026/01/27 14:40:32)
2026-05-20 10:45:25,245 [INFO]     第 10 页 20 条 (2026/01/27 14:35:32 → 2026/01/27 13:00:32)
2026-05-20 10:45:26,045 [INFO]     第 11 页 20 条 (2026/01/27 12:55:32 → 2026/01/27 11:20:31)
2026-05-20 10:45:26,666 [INFO]     第 12 页 20 条 (2026/01/27 11:19:59 → 2026/01/27 10:15:31)
2026-05-20 10:45:32,027 [INFO]     第 13 页 20 条 (2026/01/27 10:10:31 → 2026/01/27 09:32:04)
2026-05-20 10:45:32,028 [INFO]   ✓ 2026-01-27 10:00:31  折算价=698.58
2026-05-20 10:45:33,086 [INFO] === 2026-01-28 ===
2026-05-20 10:45:33,181 [INFO]   #1 OCR=Ja1e
2026-05-20 10:45:33,384 [INFO]     第 1 页 20 条 (2026/01/28 23:57:45 → 2026/01/28 23:29:37)  共 16 页
2026-05-20 10:45:33,536 [INFO]     第 2 页 20 条 (2026/01/28 23:25:40 → 2026/01/28 19:55:39)
2026-05-20 10:45:34,120 [INFO]     第 3 页 20 条 (2026/01/28 19:50:39 → 2026/01/28 18:36:27)
2026-05-20 10:45:34,857 [INFO]     第 4 页 20 条 (2026/01/28 18:35:39 → 2026/01/28 17:32:58)
2026-05-20 10:45:35,486 [INFO]     第 5 页 20 条 (2026/01/28 17:32:34 → 2026/01/28 16:47:01)
2026-05-20 10:45:35,989 [INFO]     第 6 页 20 条 (2026/01/28 16:46:13 → 2026/01/28 15:44:57)
2026-05-20 10:45:36,701 [INFO]     第 7 页 20 条 (2026/01/28 15:42:39 → 2026/01/28 14:50:38)
2026-05-20 10:45:37,459 [WARNING]     第8页第1次服务端错误提示, 等待重试
2026-05-20 10:45:39,030 [WARNING]     第8页第2次服务端错误提示, 等待重试
2026-05-20 10:45:42,214 [WARNING]     第8页第3次服务端错误提示, 等待重试
2026-05-20 10:45:46,715 [WARNING]   第8页重试全部失败 → 重取验证码重启
2026-05-20 10:45:46,787 [INFO]   #2 OCR=yBwm
2026-05-20 10:45:46,983 [INFO]   #2 验证码/服务端错误
2026-05-20 10:45:47,056 [INFO]   #3 OCR=6vs3
2026-05-20 10:45:47,278 [INFO]     第 1 页 20 条 (2026/01/28 23:57:45 → 2026/01/28 23:29:37)  共 16 页
2026-05-20 10:45:47,447 [INFO]     第 2 页 20 条 (2026/01/28 23:25:40 → 2026/01/28 19:55:39)
2026-05-20 10:45:48,141 [INFO]     第 3 页 20 条 (2026/01/28 19:50:39 → 2026/01/28 18:36:27)
2026-05-20 10:45:48,972 [INFO]     第 4 页 20 条 (2026/01/28 18:35:39 → 2026/01/28 17:32:58)
2026-05-20 10:45:49,749 [INFO]     第 5 页 20 条 (2026/01/28 17:32:34 → 2026/01/28 16:47:01)
2026-05-20 10:45:50,688 [INFO]     第 6 页 20 条 (2026/01/28 16:46:13 → 2026/01/28 15:44:57)
2026-05-20 10:45:51,224 [INFO]     第 7 页 20 条 (2026/01/28 15:42:39 → 2026/01/28 14:50:38)
2026-05-20 10:45:51,707 [INFO]     第 8 页 20 条 (2026/01/28 14:45:38 → 2026/01/28 13:30:37)
2026-05-20 10:45:52,552 [INFO]     第 9 页 20 条 (2026/01/28 13:25:37 → 2026/01/28 12:56:00)
2026-05-20 10:45:53,158 [INFO]     第 10 页 20 条 (2026/01/28 12:55:37 → 2026/01/28 11:29:43)
2026-05-20 10:45:53,715 [INFO]     第 11 页 20 条 (2026/01/28 11:25:37 → 2026/01/28 10:20:37)
2026-05-20 10:45:54,326 [INFO]     第 12 页 20 条 (2026/01/28 10:16:00 → 2026/01/28 09:35:37)
2026-05-20 10:45:54,328 [INFO]   ✓ 2026-01-28 10:00:37  折算价=697.55
2026-05-20 10:45:55,366 [INFO] === 2026-01-29 ===
2026-05-20 10:45:55,437 [INFO]   #1 OCR=Lsur
2026-05-20 10:45:55,656 [INFO]     第 1 页 20 条 (2026/01/29 23:47:23 → 2026/01/29 23:31:52)  共 13 页
2026-05-20 10:45:55,796 [INFO]     第 2 页 20 条 (2026/01/29 23:33:58 → 2026/01/29 22:47:32)
2026-05-20 10:45:56,724 [INFO]     第 3 页 20 条 (2026/01/29 22:45:46 → 2026/01/29 21:05:45)
2026-05-20 10:45:57,582 [INFO]     第 4 页 20 条 (2026/01/29 21:00:45 → 2026/01/29 17:30:44)
2026-05-20 10:45:58,298 [INFO]     第 5 页 20 条 (2026/01/29 17:25:44 → 2026/01/29 14:10:43)
2026-05-20 10:45:59,159 [INFO]     第 6 页 20 条 (2026/01/29 14:08:44 → 2026/01/29 12:35:43)
2026-05-20 10:45:59,904 [INFO]     第 7 页 20 条 (2026/01/29 12:30:43 → 2026/01/29 11:15:43)
2026-05-20 10:46:00,507 [INFO]     第 8 页 20 条 (2026/01/29 11:10:43 → 2026/01/29 10:15:42)
2026-05-20 10:46:01,477 [INFO]     第 9 页 20 条 (2026/01/29 10:10:42 → 2026/01/29 09:40:42)
2026-05-20 10:46:01,479 [INFO]   ✓ 2026-01-29 10:00:42  折算价=697.71
2026-05-20 10:46:02,518 [INFO] === 2026-01-30 ===
2026-05-20 10:46:02,594 [INFO]   #1 OCR=szat
2026-05-20 10:46:02,915 [INFO]     第 1 页 20 条 (2026/01/30 23:59:49 → 2026/01/30 23:30:51)  共 20 页
2026-05-20 10:46:03,076 [INFO]     第 2 页 20 条 (2026/01/30 23:25:51 → 2026/01/30 22:54:51)
2026-05-20 10:46:04,013 [INFO]     第 3 页 20 条 (2026/01/30 22:50:51 → 2026/01/30 21:48:43)
2026-05-20 10:46:04,962 [INFO]     第 4 页 20 条 (2026/01/30 21:45:51 → 2026/01/30 20:40:38)
2026-05-20 10:46:05,587 [INFO]     第 5 页 20 条 (2026/01/30 20:35:51 → 2026/01/30 19:15:40)
2026-05-20 10:46:06,192 [INFO]     第 6 页 20 条 (2026/01/30 19:10:50 → 2026/01/30 18:05:50)
2026-05-20 10:46:06,754 [INFO]     第 7 页 20 条 (2026/01/30 18:00:50 → 2026/01/30 17:24:14)
2026-05-20 10:46:07,332 [INFO]     第 8 页 20 条 (2026/01/30 17:23:41 → 2026/01/30 16:29:53)
2026-05-20 10:46:08,198 [INFO]     第 9 页 20 条 (2026/01/30 16:25:50 → 2026/01/30 15:20:50)
2026-05-20 10:46:08,949 [INFO]     第 10 页 20 条 (2026/01/30 15:17:27 → 2026/01/30 14:10:49)
2026-05-20 10:46:09,769 [INFO]     第 11 页 20 条 (2026/01/30 14:05:49 → 2026/01/30 12:40:49)
2026-05-20 10:46:10,556 [INFO]     第 12 页 20 条 (2026/01/30 12:37:01 → 2026/01/30 11:20:49)
2026-05-20 10:46:11,507 [INFO]     第 13 页 20 条 (2026/01/30 11:15:49 → 2026/01/30 10:22:22)
2026-05-20 10:46:12,269 [INFO]     第 14 页 20 条 (2026/01/30 10:21:51 → 2026/01/30 09:56:52)
2026-05-20 10:46:12,270 [INFO]   ✓ 2026-01-30 10:00:31  折算价=696.78
2026-05-20 10:46:13,204 [INFO] === 2026-01-31 ===
2026-05-20 10:46:13,278 [INFO]   #1 OCR=2fw
2026-05-20 10:46:13,390 [INFO]   #1 验证码/服务端错误
2026-05-20 10:46:13,463 [INFO]   #2 OCR=ZGBU
2026-05-20 10:46:13,653 [INFO]     第 1 页 20 条 (2026/01/31 10:30:00 → 2026/01/31 02:25:52)  共 4 页
2026-05-20 10:46:13,654 [INFO]   ✓ 2026-01-31 10:30:00  折算价=696.78
2026-05-20 10:46:14,770 [INFO] === 2026-02-01 ===
2026-05-20 10:46:14,842 [INFO]   #1 OCR=noez
2026-05-20 10:46:15,021 [INFO]     第 1 页 6 条 (2026/02/01 10:30:00 → 2026/02/01 00:00:05)  共 1 页
2026-05-20 10:46:15,022 [INFO]   ✓ 2026-02-01 10:30:00  折算价=696.78
2026-05-20 10:46:16,413 [INFO] === 2026-02-02 ===
2026-05-20 10:46:16,489 [INFO]   #1 OCR=nmsl
2026-05-20 10:46:16,728 [INFO]     第 1 页 20 条 (2026/02/02 23:59:56 → 2026/02/02 23:13:19)  共 17 页
2026-05-20 10:46:16,866 [INFO]     第 2 页 20 条 (2026/02/02 23:11:09 → 2026/02/02 22:31:09)
2026-05-20 10:46:17,353 [INFO]     第 3 页 20 条 (2026/02/02 22:30:55 → 2026/02/02 21:15:58)
2026-05-20 10:46:18,074 [INFO]     第 4 页 20 条 (2026/02/02 21:11:09 → 2026/02/02 19:46:08)
2026-05-20 10:46:18,879 [INFO]     第 5 页 20 条 (2026/02/02 19:43:28 → 2026/02/02 18:26:08)
2026-05-20 10:46:19,670 [INFO]     第 6 页 20 条 (2026/02/02 18:22:57 → 2026/02/02 17:31:08)
2026-05-20 10:46:20,478 [INFO]     第 7 页 20 条 (2026/02/02 17:27:24 → 2026/02/02 16:57:20)
2026-05-20 10:46:20,994 [INFO]     第 8 页 20 条 (2026/02/02 16:56:08 → 2026/02/02 16:06:02)
2026-05-20 10:46:21,590 [INFO]     第 9 页 20 条 (2026/02/02 16:01:07 → 2026/02/02 15:14:20)
2026-05-20 10:46:22,070 [INFO]     第 10 页 20 条 (2026/02/02 15:11:07 → 2026/02/02 14:12:43)
2026-05-20 10:46:22,940 [INFO]     第 11 页 20 条 (2026/02/02 14:11:07 → 2026/02/02 13:31:07)
2026-05-20 10:46:23,774 [INFO]     第 12 页 20 条 (2026/02/02 13:29:38 → 2026/02/02 12:41:07)
2026-05-20 10:46:24,512 [INFO]     第 13 页 20 条 (2026/02/02 12:37:27 → 2026/02/02 11:40:04)
2026-05-20 10:46:25,246 [INFO]     第 14 页 20 条 (2026/02/02 11:39:10 → 2026/02/02 10:46:06)
2026-05-20 10:46:25,929 [INFO]     第 15 页 20 条 (2026/02/02 10:45:20 → 2026/02/02 10:02:40)
2026-05-20 10:46:30,140 [INFO]     第 16 页 20 条 (2026/02/02 10:01:06 → 2026/02/02 09:30:40)
2026-05-20 10:46:30,144 [INFO]   ✓ 2026-02-02 10:01:06  折算价=696.95
2026-05-20 10:46:31,281 [INFO] === 2026-02-03 ===
2026-05-20 10:46:31,655 [INFO]   #1 OCR=ADrT
2026-05-20 10:46:31,867 [INFO]     第 1 页 20 条 (2026/02/03 23:56:15 → 2026/02/03 23:01:37)  共 17 页
2026-05-20 10:46:32,010 [INFO]     第 2 页 20 条 (2026/02/03 23:01:15 → 2026/02/03 22:16:15)
2026-05-20 10:46:32,470 [INFO]     第 3 页 20 条 (2026/02/03 22:11:15 → 2026/02/03 21:16:14)
2026-05-20 10:46:32,958 [INFO]     第 4 页 20 条 (2026/02/03 21:11:14 → 2026/02/03 19:51:14)
2026-05-20 10:46:33,720 [INFO]     第 5 页 20 条 (2026/02/03 19:46:14 → 2026/02/03 18:36:14)
2026-05-20 10:46:34,546 [INFO]     第 6 页 20 条 (2026/02/03 18:31:14 → 2026/02/03 17:17:05)
2026-05-20 10:46:35,230 [INFO]     第 7 页 20 条 (2026/02/03 17:16:13 → 2026/02/03 16:20:16)
2026-05-20 10:46:35,939 [INFO]     第 8 页 20 条 (2026/02/03 16:16:13 → 2026/02/03 15:32:16)
2026-05-20 10:46:36,509 [WARNING]     第9页第1次服务端错误提示, 等待重试
2026-05-20 10:46:38,172 [INFO]     第 9 页 20 条 (2026/02/03 15:31:13 → 2026/02/03 14:21:13)
2026-05-20 10:46:38,763 [INFO]     第 10 页 20 条 (2026/02/03 14:16:13 → 2026/02/03 12:56:12)
2026-05-20 10:46:39,518 [INFO]     第 11 页 20 条 (2026/02/03 12:51:12 → 2026/02/03 11:33:29)
2026-05-20 10:46:40,275 [INFO]     第 12 页 20 条 (2026/02/03 11:31:12 → 2026/02/03 10:41:12)
2026-05-20 10:46:40,989 [INFO]     第 13 页 20 条 (2026/02/03 10:40:32 → 2026/02/03 10:09:44)
2026-05-20 10:46:41,524 [INFO]     第 14 页 20 条 (2026/02/03 10:09:17 → 2026/02/03 09:31:40)
2026-05-20 10:46:41,526 [INFO]   ✓ 2026-02-03 10:02:02  折算价=696.08
2026-05-20 10:46:43,006 [INFO] === 2026-02-04 ===
2026-05-20 10:46:43,078 [INFO]   #1 OCR=TsLo
2026-05-20 10:46:43,281 [INFO]     第 1 页 20 条 (2026/02/04 23:56:21 → 2026/02/04 23:36:21)  共 21 页
2026-05-20 10:46:43,428 [INFO]     第 2 页 20 条 (2026/02/04 23:36:21 → 2026/02/04 23:23:12)
2026-05-20 10:46:44,257 [WARNING]     第3页第1次服务端错误提示, 等待重试
2026-05-20 10:46:45,902 [INFO]     第 3 页 20 条 (2026/02/04 23:21:21 → 2026/02/04 22:56:21)
2026-05-20 10:46:46,358 [WARNING]     第4页第1次服务端错误提示, 等待重试
2026-05-20 10:46:47,926 [WARNING]     第4页第2次服务端错误提示, 等待重试
2026-05-20 10:46:51,079 [INFO]     第 4 页 20 条 (2026/02/04 22:55:51 → 2026/02/04 22:31:21)
2026-05-20 10:46:51,575 [INFO]     第 5 页 20 条 (2026/02/04 22:26:21 → 2026/02/04 22:03:58)
2026-05-20 10:46:52,373 [INFO]     第 6 页 20 条 (2026/02/04 22:01:20 → 2026/02/04 21:39:11)
2026-05-20 10:46:53,141 [INFO]     第 7 页 20 条 (2026/02/04 21:36:20 → 2026/02/04 20:56:20)
2026-05-20 10:46:53,827 [INFO]     第 8 页 20 条 (2026/02/04 20:51:20 → 2026/02/04 19:26:20)
2026-05-20 10:46:54,692 [INFO]     第 9 页 20 条 (2026/02/04 19:21:20 → 2026/02/04 18:06:20)
2026-05-20 10:46:55,151 [INFO]     第 10 页 20 条 (2026/02/04 18:01:19 → 2026/02/04 17:19:00)
2026-05-20 10:46:56,076 [INFO]     第 11 页 20 条 (2026/02/04 17:17:23 → 2026/02/04 16:08:57)
2026-05-20 10:46:56,694 [INFO]     第 12 页 20 条 (2026/02/04 16:06:19 → 2026/02/04 14:51:19)
2026-05-20 10:46:57,477 [WARNING]     第13页第1次服务端错误提示, 等待重试
2026-05-20 10:46:59,123 [INFO]     第 13 页 20 条 (2026/02/04 14:46:19 → 2026/02/04 13:11:18)
2026-05-20 10:46:59,934 [INFO]     第 14 页 20 条 (2026/02/04 13:06:18 → 2026/02/04 11:37:45)
2026-05-20 10:47:00,424 [WARNING]     第15页第1次服务端错误提示, 等待重试
2026-05-20 10:47:02,072 [INFO]     第 15 页 20 条 (2026/02/04 11:36:18 → 2026/02/04 10:30:00)
2026-05-20 10:47:02,700 [INFO]     第 16 页 20 条 (2026/02/04 10:30:00 → 2026/02/04 09:32:31)
2026-05-20 10:47:02,702 [INFO]   ✓ 2026-02-04 10:01:18  折算价=695.33
2026-05-20 10:47:03,886 [INFO] === 2026-02-05 ===
2026-05-20 10:47:03,962 [INFO]   #1 OCR=vxfo
2026-05-20 10:47:04,172 [INFO]     第 1 页 20 条 (2026/02/05 23:56:27 → 2026/02/05 23:05:35)  共 19 页
2026-05-20 10:47:04,315 [INFO]     第 2 页 20 条 (2026/02/05 23:04:30 → 2026/02/05 22:31:26)
2026-05-20 10:47:04,946 [INFO]     第 3 页 20 条 (2026/02/05 22:28:55 → 2026/02/05 21:39:07)
2026-05-20 10:47:05,873 [INFO]     第 4 页 20 条 (2026/02/05 21:36:26 → 2026/02/05 20:47:50)
2026-05-20 10:47:06,522 [INFO]     第 5 页 20 条 (2026/02/05 20:46:26 → 2026/02/05 20:07:17)
2026-05-20 10:47:07,096 [WARNING]     第6页第1次服务端错误提示, 等待重试
2026-05-20 10:47:08,765 [INFO]     第 6 页 20 条 (2026/02/05 20:06:26 → 2026/02/05 19:17:51)
2026-05-20 10:47:09,513 [INFO]     第 7 页 20 条 (2026/02/05 19:16:26 → 2026/02/05 17:48:41)
2026-05-20 10:47:10,336 [INFO]     第 8 页 20 条 (2026/02/05 17:46:25 → 2026/02/05 16:46:25)
2026-05-20 10:47:10,908 [INFO]     第 9 页 20 条 (2026/02/05 16:41:25 → 2026/02/05 15:46:25)
2026-05-20 10:47:11,716 [INFO]     第 10 页 20 条 (2026/02/05 15:44:33 → 2026/02/05 15:00:19)
2026-05-20 10:47:12,641 [INFO]     第 11 页 20 条 (2026/02/05 14:56:25 → 2026/02/05 14:02:41)
2026-05-20 10:47:13,394 [INFO]     第 12 页 20 条 (2026/02/05 14:01:24 → 2026/02/05 12:31:24)
2026-05-20 10:47:14,375 [INFO]     第 13 页 20 条 (2026/02/05 12:26:24 → 2026/02/05 11:21:24)
2026-05-20 10:47:15,007 [INFO]     第 14 页 20 条 (2026/02/05 11:20:33 → 2026/02/05 10:30:00)
2026-05-20 10:47:15,588 [INFO]     第 15 页 20 条 (2026/02/05 10:30:00 → 2026/02/05 10:07:03)
2026-05-20 10:47:16,272 [WARNING]     第16页第1次服务端错误提示, 等待重试
2026-05-20 10:47:17,921 [INFO]     第 16 页 20 条 (2026/02/05 10:06:23 → 2026/02/05 02:51:33)
2026-05-20 10:47:17,923 [INFO]   ✓ 2026-02-05 10:01:23  折算价=695.7
2026-05-20 10:47:17,925 [INFO] >>> 进度: 240/344 (69.8%) <<<
2026-05-20 10:47:19,383 [INFO] === 2026-02-06 ===
2026-05-20 10:47:19,457 [INFO]   #1 OCR=Sp1I
2026-05-20 10:47:19,665 [INFO]     第 1 页 20 条 (2026/02/06 23:59:09 → 2026/02/06 22:46:32)  共 14 页
2026-05-20 10:47:19,827 [INFO]     第 2 页 20 条 (2026/02/06 22:41:32 → 2026/02/06 21:40:25)
2026-05-20 10:47:20,699 [INFO]     第 3 页 20 条 (2026/02/06 21:36:32 → 2026/02/06 20:06:32)
2026-05-20 10:47:21,344 [INFO]     第 4 页 20 条 (2026/02/06 20:01:32 → 2026/02/06 18:31:31)
2026-05-20 10:47:21,982 [INFO]     第 5 页 20 条 (2026/02/06 18:26:31 → 2026/02/06 16:56:31)
2026-05-20 10:47:22,451 [INFO]     第 6 页 20 条 (2026/02/06 16:54:03 → 2026/02/06 15:31:31)
2026-05-20 10:47:23,120 [INFO]     第 7 页 20 条 (2026/02/06 15:26:31 → 2026/02/06 14:11:30)
2026-05-20 10:47:23,923 [INFO]     第 8 页 20 条 (2026/02/06 14:10:49 → 2026/02/06 12:56:30)
2026-05-20 10:47:24,839 [INFO]     第 9 页 20 条 (2026/02/06 12:51:30 → 2026/02/06 11:21:30)
2026-05-20 10:47:25,344 [INFO]     第 10 页 20 条 (2026/02/06 11:16:30 → 2026/02/06 10:16:29)
2026-05-20 10:47:25,848 [INFO]     第 11 页 20 条 (2026/02/06 10:11:29 → 2026/02/06 09:10:09)
2026-05-20 10:47:25,849 [INFO]   ✓ 2026-02-06 10:01:09  折算价=695.9
2026-05-20 10:47:26,986 [INFO] === 2026-02-07 ===
2026-05-20 10:47:31,786 [INFO]   #1 OCR=qg4w
2026-05-20 10:47:31,996 [INFO]     第 1 页 20 条 (2026/02/07 10:30:00 → 2026/02/07 02:06:33)  共 3 页
2026-05-20 10:47:31,996 [INFO]   ✓ 2026-02-07 10:30:00  折算价=695.9
2026-05-20 10:47:33,036 [INFO] === 2026-02-08 ===
2026-05-20 10:47:33,116 [INFO]   #1 OCR=kpMw
2026-05-20 10:47:33,255 [INFO]     第 1 页 6 条 (2026/02/08 10:30:00 → 2026/02/08 00:00:05)  共 1 页
2026-05-20 10:47:33,256 [INFO]   ✓ 2026-02-08 10:30:00  折算价=695.9
2026-05-20 10:47:34,160 [INFO] === 2026-02-09 ===
2026-05-20 10:47:34,233 [INFO]   #1 OCR=901a
2026-05-20 10:47:34,350 [INFO]   #1 验证码/服务端错误
2026-05-20 10:47:34,422 [INFO]   #2 OCR=dine
2026-05-20 10:47:34,645 [INFO]     第 1 页 20 条 (2026/02/09 23:56:50 → 2026/02/09 23:00:02)  共 14 页
2026-05-20 10:47:34,794 [INFO]     第 2 页 20 条 (2026/02/09 22:56:50 → 2026/02/09 22:11:50)
2026-05-20 10:47:35,610 [INFO]     第 3 页 20 条 (2026/02/09 22:08:18 → 2026/02/09 21:06:10)
2026-05-20 10:47:36,364 [INFO]     第 4 页 20 条 (2026/02/09 21:01:50 → 2026/02/09 19:46:49)
2026-05-20 10:47:37,140 [INFO]     第 5 页 20 条 (2026/02/09 19:45:01 → 2026/02/09 18:46:32)
2026-05-20 10:47:37,674 [INFO]     第 6 页 20 条 (2026/02/09 18:41:49 → 2026/02/09 17:31:49)
2026-05-20 10:47:38,589 [INFO]     第 7 页 20 条 (2026/02/09 17:26:49 → 2026/02/09 16:39:02)
2026-05-20 10:47:39,395 [INFO]     第 8 页 20 条 (2026/02/09 16:36:49 → 2026/02/09 15:46:48)
2026-05-20 10:47:40,089 [INFO]     第 9 页 20 条 (2026/02/09 15:41:48 → 2026/02/09 14:31:48)
2026-05-20 10:47:40,944 [INFO]     第 10 页 20 条 (2026/02/09 14:27:16 → 2026/02/09 13:31:48)
2026-05-20 10:47:41,517 [INFO]     第 11 页 20 条 (2026/02/09 13:26:48 → 2026/02/09 12:01:48)
2026-05-20 10:47:42,324 [INFO]     第 12 页 20 条 (2026/02/09 11:56:48 → 2026/02/09 10:36:47)
2026-05-20 10:47:42,816 [INFO]     第 13 页 20 条 (2026/02/09 10:33:38 → 2026/02/09 09:46:34)
2026-05-20 10:47:42,817 [INFO]   ✓ 2026-02-09 10:01:47  折算价=695.23
2026-05-20 10:47:43,820 [INFO] === 2026-02-10 ===
2026-05-20 10:47:43,893 [INFO]   #1 OCR=jqg
2026-05-20 10:47:43,961 [INFO]   #1 验证码/服务端错误
2026-05-20 10:47:44,035 [INFO]   #2 OCR=71xy
2026-05-20 10:47:44,194 [INFO]     第 1 页 20 条 (2026/02/10 23:56:56 → 2026/02/10 22:55:43)  共 18 页
2026-05-20 10:47:44,339 [INFO]     第 2 页 20 条 (2026/02/10 22:51:56 → 2026/02/10 22:01:56)
2026-05-20 10:47:45,208 [INFO]     第 3 页 20 条 (2026/02/10 22:00:30 → 2026/02/10 21:18:44)
2026-05-20 10:47:45,981 [INFO]     第 4 页 20 条 (2026/02/10 21:15:40 → 2026/02/10 20:16:55)
2026-05-20 10:47:46,901 [INFO]     第 5 页 20 条 (2026/02/10 20:11:55 → 2026/02/10 18:46:55)
2026-05-20 10:47:47,358 [WARNING]     第6页第1次服务端错误提示, 等待重试
2026-05-20 10:47:48,997 [INFO]     第 6 页 20 条 (2026/02/10 18:41:55 → 2026/02/10 17:31:55)
2026-05-20 10:47:49,537 [INFO]     第 7 页 20 条 (2026/02/10 17:26:55 → 2026/02/10 16:31:54)
2026-05-20 10:47:50,343 [WARNING]     第8页第1次服务端错误提示, 等待重试
2026-05-20 10:47:51,981 [INFO]     第 8 页 20 条 (2026/02/10 16:28:22 → 2026/02/10 15:21:54)
2026-05-20 10:47:52,913 [INFO]     第 9 页 20 条 (2026/02/10 15:20:12 → 2026/02/10 14:08:54)
2026-05-20 10:47:53,756 [WARNING]     第10页第1次服务端错误提示, 等待重试
2026-05-20 10:47:55,408 [INFO]     第 10 页 20 条 (2026/02/10 14:06:54 → 2026/02/10 12:46:54)
2026-05-20 10:47:56,245 [WARNING]     第11页第1次服务端错误提示, 等待重试
2026-05-20 10:47:57,890 [INFO]     第 11 页 20 条 (2026/02/10 12:41:54 → 2026/02/10 11:36:53)
2026-05-20 10:47:58,556 [WARNING]     第12页第1次服务端错误提示, 等待重试
2026-05-20 10:48:00,124 [WARNING]     第12页第2次服务端错误提示, 等待重试
2026-05-20 10:48:03,278 [INFO]     第 12 页 20 条 (2026/02/10 11:31:53 → 2026/02/10 10:31:51)
2026-05-20 10:48:04,142 [INFO]     第 13 页 20 条 (2026/02/10 10:30:36 → 2026/02/10 10:04:24)
2026-05-20 10:48:04,796 [INFO]     第 14 页 20 条 (2026/02/10 10:01:53 → 2026/02/10 09:41:27)
2026-05-20 10:48:04,798 [INFO]   ✓ 2026-02-10 10:00:05  折算价=694.58
2026-05-20 10:48:06,043 [INFO] === 2026-02-11 ===
2026-05-20 10:48:06,117 [INFO]   #1 OCR=afxf
2026-05-20 10:48:06,342 [INFO]     第 1 页 20 条 (2026/02/11 23:58:50 → 2026/02/11 23:22:55)  共 16 页
2026-05-20 10:48:06,492 [INFO]     第 2 页 20 条 (2026/02/11 23:22:02 → 2026/02/11 22:41:31)
2026-05-20 10:48:07,247 [INFO]     第 3 页 20 条 (2026/02/11 22:39:50 → 2026/02/11 21:57:02)
2026-05-20 10:48:07,963 [INFO]     第 4 页 20 条 (2026/02/11 21:52:02 → 2026/02/11 21:22:02)
2026-05-20 10:48:08,513 [INFO]     第 5 页 20 条 (2026/02/11 21:17:01 → 2026/02/11 19:47:01)
2026-05-20 10:48:09,390 [INFO]     第 6 页 20 条 (2026/02/11 19:46:06 → 2026/02/11 18:41:40)
2026-05-20 10:48:10,221 [INFO]     第 7 页 20 条 (2026/02/11 18:37:01 → 2026/02/11 17:16:55)
2026-05-20 10:48:11,157 [INFO]     第 8 页 20 条 (2026/02/11 17:12:01 → 2026/02/11 16:12:00)
2026-05-20 10:48:11,642 [INFO]     第 9 页 20 条 (2026/02/11 16:07:00 → 2026/02/11 14:52:00)
2026-05-20 10:48:12,094 [INFO]     第 10 页 20 条 (2026/02/11 14:47:00 → 2026/02/11 13:27:00)
2026-05-20 10:48:12,727 [INFO]     第 11 页 20 条 (2026/02/11 13:22:00 → 2026/02/11 11:56:59)
2026-05-20 10:48:13,236 [INFO]     第 12 页 20 条 (2026/02/11 11:51:59 → 2026/02/11 10:39:06)
2026-05-20 10:48:13,846 [INFO]     第 13 页 20 条 (2026/02/11 10:36:59 → 2026/02/11 09:50:30)
2026-05-20 10:48:13,852 [INFO]   ✓ 2026-02-11 10:01:59  折算价=694.38
2026-05-20 10:48:14,696 [INFO] === 2026-02-12 ===
2026-05-20 10:48:14,769 [INFO]   #1 OCR=cGdw
2026-05-20 10:48:14,884 [INFO]   #1 验证码/服务端错误
2026-05-20 10:48:14,960 [INFO]   #2 OCR=wPww
2026-05-20 10:48:15,160 [INFO]     第 1 页 20 条 (2026/02/12 23:57:08 → 2026/02/12 22:44:42)  共 17 页
2026-05-20 10:48:15,298 [INFO]     第 2 页 20 条 (2026/02/12 22:42:08 → 2026/02/12 21:47:07)
2026-05-20 10:48:15,837 [INFO]     第 3 页 20 条 (2026/02/12 21:42:07 → 2026/02/12 20:22:12)
2026-05-20 10:48:16,366 [INFO]     第 4 页 20 条 (2026/02/12 20:19:13 → 2026/02/12 19:02:07)
2026-05-20 10:48:16,967 [INFO]     第 5 页 20 条 (2026/02/12 18:57:07 → 2026/02/12 17:32:06)
2026-05-20 10:48:17,806 [INFO]     第 6 页 20 条 (2026/02/12 17:27:06 → 2026/02/12 16:12:06)
2026-05-20 10:48:18,538 [INFO]     第 7 页 20 条 (2026/02/12 16:07:06 → 2026/02/12 15:08:29)
2026-05-20 10:48:19,035 [INFO]     第 8 页 20 条 (2026/02/12 15:07:06 → 2026/02/12 14:22:06)
2026-05-20 10:48:19,643 [INFO]     第 9 页 20 条 (2026/02/12 14:19:44 → 2026/02/12 13:12:05)
2026-05-20 10:48:20,231 [INFO]     第 10 页 20 条 (2026/02/12 13:07:05 → 2026/02/12 11:55:03)
2026-05-20 10:48:20,918 [INFO]     第 11 页 20 条 (2026/02/12 11:54:43 → 2026/02/12 10:43:06)
2026-05-20 10:48:21,802 [INFO]     第 12 页 20 条 (2026/02/12 10:42:05 → 2026/02/12 10:04:22)
2026-05-20 10:48:22,535 [INFO]     第 13 页 20 条 (2026/02/12 10:02:05 → 2026/02/12 09:33:20)
2026-05-20 10:48:22,537 [INFO]   ✓ 2026-02-12 10:02:05  折算价=694.57
2026-05-20 10:48:23,927 [INFO] === 2026-02-13 ===
2026-05-20 10:48:24,000 [INFO]   #1 OCR=ssv8
2026-05-20 10:48:24,218 [INFO]     第 1 页 20 条 (2026/02/13 23:59:34 → 2026/02/13 23:13:45)  共 18 页
2026-05-20 10:48:24,368 [INFO]     第 2 页 20 条 (2026/02/13 23:12:14 → 2026/02/13 22:32:27)
2026-05-20 10:48:25,270 [INFO]     第 3 页 20 条 (2026/02/13 22:27:13 → 2026/02/13 21:37:13)
2026-05-20 10:48:25,731 [INFO]     第 4 页 20 条 (2026/02/13 21:36:11 → 2026/02/13 20:17:13)
2026-05-20 10:48:26,425 [INFO]     第 5 页 20 条 (2026/02/13 20:12:13 → 2026/02/13 18:37:13)
2026-05-20 10:48:31,627 [INFO]     第 6 页 20 条 (2026/02/13 18:36:44 → 2026/02/13 17:32:12)
2026-05-20 10:48:32,232 [INFO]     第 7 页 20 条 (2026/02/13 17:28:31 → 2026/02/13 16:28:05)
2026-05-20 10:48:32,960 [INFO]     第 8 页 20 条 (2026/02/13 16:24:08 → 2026/02/13 15:31:18)
2026-05-20 10:48:33,843 [INFO]     第 9 页 20 条 (2026/02/13 15:27:12 → 2026/02/13 14:41:39)
2026-05-20 10:48:34,664 [INFO]     第 10 页 20 条 (2026/02/13 14:37:12 → 2026/02/13 13:46:54)
2026-05-20 10:48:35,175 [INFO]     第 11 页 20 条 (2026/02/13 13:44:15 → 2026/02/13 12:22:11)
2026-05-20 10:48:35,940 [INFO]     第 12 页 20 条 (2026/02/13 12:17:11 → 2026/02/13 11:02:11)
2026-05-20 10:48:36,491 [INFO]     第 13 页 20 条 (2026/02/13 11:00:03 → 2026/02/13 10:12:00)
2026-05-20 10:48:37,088 [INFO]     第 14 页 20 条 (2026/02/13 10:10:10 → 2026/02/13 09:37:10)
2026-05-20 10:48:37,090 [INFO]   ✓ 2026-02-13 10:02:10  折算价=693.98
2026-05-20 10:48:38,098 [INFO] === 2026-02-14 ===
2026-05-20 10:48:38,173 [INFO]   #1 OCR=mvi0
2026-05-20 10:48:38,376 [INFO]     第 1 页 20 条 (2026/02/14 17:04:19 → 2026/02/14 01:57:14)  共 3 页
2026-05-20 10:48:38,376 [INFO]   ✓ 2026-02-14 10:30:00  折算价=693.98
2026-05-20 10:48:39,390 [INFO] === 2026-02-15 ===
2026-05-20 10:48:39,467 [INFO]   #1 OCR=siqv
2026-05-20 10:48:39,656 [INFO]     第 1 页 6 条 (2026/02/15 10:30:00 → 2026/02/15 00:00:05)  共 1 页
2026-05-20 10:48:39,657 [INFO]   ✓ 2026-02-15 10:30:00  折算价=693.98
2026-05-20 10:48:39,658 [INFO] >>> 进度: 250/344 (72.7%) <<<
2026-05-20 10:48:40,982 [INFO] === 2026-02-16 ===
2026-05-20 10:48:41,052 [INFO]   #1 OCR=vELd
2026-05-20 10:48:41,236 [INFO]     第 1 页 20 条 (2026/02/16 23:12:31 → 2026/02/16 21:42:31)  共 9 页
2026-05-20 10:48:41,382 [INFO]     第 2 页 20 条 (2026/02/16 21:38:24 → 2026/02/16 20:02:31)
2026-05-20 10:48:42,180 [INFO]     第 3 页 20 条 (2026/02/16 19:57:31 → 2026/02/16 18:22:30)
2026-05-20 10:48:42,861 [INFO]     第 4 页 20 条 (2026/02/16 18:17:30 → 2026/02/16 16:47:30)
2026-05-20 10:48:43,573 [INFO]     第 5 页 20 条 (2026/02/16 16:42:30 → 2026/02/16 15:27:30)
2026-05-20 10:48:44,443 [INFO]     第 6 页 20 条 (2026/02/16 15:22:30 → 2026/02/16 13:52:29)
2026-05-20 10:48:44,890 [INFO]     第 7 页 20 条 (2026/02/16 13:47:29 → 2026/02/16 11:47:29)
2026-05-20 10:48:45,548 [INFO]     第 8 页 20 条 (2026/02/16 11:42:29 → 2026/02/16 10:24:55)
2026-05-20 10:48:46,017 [INFO]     第 9 页 16 条 (2026/02/16 10:22:28 → 2026/02/16 00:00:05)
2026-05-20 10:48:46,019 [INFO]   ✓ 2026-02-16 10:02:28  折算价=693.98
2026-05-20 10:48:47,444 [INFO] === 2026-02-17 ===
2026-05-20 10:48:47,522 [INFO]   #1 OCR=fe8t
2026-05-20 10:48:47,639 [INFO]   #1 验证码/服务端错误
2026-05-20 10:48:47,709 [INFO]   #2 OCR=Jz9x
2026-05-20 10:48:47,901 [INFO]     第 1 页 20 条 (2026/02/17 22:15:55 → 2026/02/17 19:32:36)  共 9 页
2026-05-20 10:48:48,123 [INFO]     第 2 页 20 条 (2026/02/17 19:27:36 → 2026/02/17 17:52:36)
2026-05-20 10:48:49,048 [INFO]     第 3 页 20 条 (2026/02/17 17:47:36 → 2026/02/17 16:17:36)
2026-05-20 10:48:49,538 [INFO]     第 4 页 20 条 (2026/02/17 16:16:56 → 2026/02/17 15:02:35)
2026-05-20 10:48:50,051 [INFO]     第 5 页 20 条 (2026/02/17 15:00:24 → 2026/02/17 13:42:35)
2026-05-20 10:48:50,798 [INFO]     第 6 页 20 条 (2026/02/17 13:41:32 → 2026/02/17 12:32:35)
2026-05-20 10:48:51,618 [INFO]     第 7 页 20 条 (2026/02/17 12:27:35 → 2026/02/17 11:12:12)
2026-05-20 10:48:52,545 [INFO]     第 8 页 20 条 (2026/02/17 11:07:34 → 2026/02/17 10:30:00)
2026-05-20 10:48:53,136 [INFO]     第 9 页 17 条 (2026/02/17 10:27:34 → 2026/02/17 00:00:05)
2026-05-20 10:48:53,137 [INFO]   ✓ 2026-02-17 10:02:34  折算价=693.98
2026-05-20 10:48:54,469 [INFO] === 2026-02-18 ===
2026-05-20 10:48:54,541 [INFO]   #1 OCR=ooza
2026-05-20 10:48:54,654 [INFO]   #1 验证码/服务端错误
2026-05-20 10:48:54,726 [INFO]   #2 OCR=03v2
2026-05-20 10:48:54,859 [INFO]   #2 验证码/服务端错误
2026-05-20 10:48:54,929 [INFO]   #3 OCR=cRm3
2026-05-20 10:48:55,079 [INFO]   #3 验证码/服务端错误
2026-05-20 10:48:55,154 [INFO]   #4 OCR=vaxE
2026-05-20 10:48:55,322 [INFO]     第 1 页 20 条 (2026/02/18 23:05:01 → 2026/02/18 20:07:42)  共 6 页
2026-05-20 10:48:55,461 [INFO]     第 2 页 20 条 (2026/02/18 20:05:55 → 2026/02/18 19:37:31)
2026-05-20 10:48:56,118 [INFO]     第 3 页 20 条 (2026/02/18 19:36:47 → 2026/02/18 18:35:03)
2026-05-20 10:48:56,910 [INFO]     第 4 页 20 条 (2026/02/18 18:32:42 → 2026/02/18 17:19:43)
2026-05-20 10:48:57,428 [INFO]     第 5 页 20 条 (2026/02/18 17:19:21 → 2026/02/18 11:59:28)
2026-05-20 10:48:58,020 [INFO]     第 6 页 10 条 (2026/02/18 11:20:27 → 2026/02/18 00:00:05)
2026-05-20 10:48:58,021 [INFO]   ✓ 2026-02-18 10:12:26  折算价=693.98
2026-05-20 10:48:59,045 [INFO] === 2026-02-19 ===
2026-05-20 10:48:59,123 [INFO]   #1 OCR=MpEa
2026-05-20 10:48:59,264 [INFO]   #1 验证码/服务端错误
2026-05-20 10:48:59,334 [INFO]   #2 OCR=idci
2026-05-20 10:48:59,560 [INFO]     第 1 页 20 条 (2026/02/19 23:41:49 → 2026/02/19 19:52:48)  共 5 页
2026-05-20 10:48:59,701 [INFO]     第 2 页 20 条 (2026/02/19 19:47:48 → 2026/02/19 18:17:48)
2026-05-20 10:49:00,346 [INFO]     第 3 页 20 条 (2026/02/19 18:12:48 → 2026/02/19 16:42:48)
2026-05-20 10:49:01,044 [WARNING]     第4页第1次服务端错误提示, 等待重试
2026-05-20 10:49:02,695 [INFO]     第 4 页 20 条 (2026/02/19 16:37:47 → 2026/02/19 06:41:40)
2026-05-20 10:49:02,696 [INFO]   ✓ 2026-02-19 10:30:00  折算价=693.98
2026-05-20 10:49:03,692 [INFO] === 2026-02-20 ===
2026-05-20 10:49:03,765 [INFO]   #1 OCR=MFns
2026-05-20 10:49:03,902 [INFO]   #1 验证码/服务端错误
2026-05-20 10:49:03,973 [INFO]   #2 OCR=kbf4
2026-05-20 10:49:04,192 [INFO]     第 1 页 20 条 (2026/02/20 23:53:05 → 2026/02/20 19:52:54)  共 5 页
2026-05-20 10:49:04,356 [INFO]     第 2 页 20 条 (2026/02/20 19:47:54 → 2026/02/20 18:12:54)
2026-05-20 10:49:04,974 [INFO]     第 3 页 20 条 (2026/02/20 18:07:54 → 2026/02/20 16:44:45)
2026-05-20 10:49:05,358 [WARNING]     第4页第1次服务端错误提示, 等待重试
2026-05-20 10:49:07,016 [INFO]     第 4 页 20 条 (2026/02/20 16:42:53 → 2026/02/20 05:59:34)
2026-05-20 10:49:07,017 [INFO]   ✓ 2026-02-20 10:01:08  折算价=693.98
2026-05-20 10:49:08,430 [INFO] === 2026-02-21 ===
2026-05-20 10:49:08,501 [INFO]   #1 OCR=7PuK
2026-05-20 10:49:08,683 [INFO]     第 1 页 7 条 (2026/02/21 10:30:00 → 2026/02/21 00:00:05)  共 1 页
2026-05-20 10:49:08,683 [INFO]   ✓ 2026-02-21 10:30:00  折算价=693.98
2026-05-20 10:49:09,657 [INFO] === 2026-02-22 ===
2026-05-20 10:49:09,729 [INFO]   #1 OCR=J6Fa
2026-05-20 10:49:09,904 [INFO]     第 1 页 6 条 (2026/02/22 10:30:00 → 2026/02/22 00:00:05)  共 1 页
2026-05-20 10:49:09,905 [INFO]   ✓ 2026-02-22 10:30:00  折算价=693.98
2026-05-20 10:49:11,122 [INFO] === 2026-02-23 ===
2026-05-20 10:49:11,196 [INFO]   #1 OCR=kubn
2026-05-20 10:49:11,336 [INFO]     第 1 页 20 条 (2026/02/23 21:49:25 → 2026/02/23 20:13:13)  共 8 页
2026-05-20 10:49:11,485 [INFO]     第 2 页 20 条 (2026/02/23 20:08:13 → 2026/02/23 18:38:12)
2026-05-20 10:49:12,087 [INFO]     第 3 页 20 条 (2026/02/23 18:33:12 → 2026/02/23 17:03:12)
2026-05-20 10:49:12,640 [INFO]     第 4 页 20 条 (2026/02/23 16:58:12 → 2026/02/23 15:33:12)
2026-05-20 10:49:13,179 [INFO]     第 5 页 20 条 (2026/02/23 15:31:40 → 2026/02/23 13:58:11)
2026-05-20 10:49:13,777 [INFO]     第 6 页 20 条 (2026/02/23 13:53:11 → 2026/02/23 12:18:11)
2026-05-20 10:49:14,545 [INFO]     第 7 页 20 条 (2026/02/23 12:13:11 → 2026/02/23 10:38:10)
2026-05-20 10:49:15,466 [INFO]     第 8 页 15 条 (2026/02/23 10:33:10 → 2026/02/23 00:00:05)
2026-05-20 10:49:15,467 [INFO]   ✓ 2026-02-23 10:15:52  折算价=693.98
2026-05-20 10:49:16,808 [INFO] === 2026-02-24 ===
2026-05-20 10:49:16,883 [INFO]   #1 OCR=cs6g
2026-05-20 10:49:17,005 [INFO]   #1 验证码/服务端错误
2026-05-20 10:49:17,075 [INFO]   #2 OCR=Ea7a
2026-05-20 10:49:17,273 [INFO]     第 1 页 20 条 (2026/02/24 23:58:20 → 2026/02/24 22:56:47)  共 14 页
2026-05-20 10:49:17,483 [INFO]     第 2 页 20 条 (2026/02/24 22:53:19 → 2026/02/24 21:38:19)
2026-05-20 10:49:17,932 [INFO]     第 3 页 20 条 (2026/02/24 21:33:19 → 2026/02/24 20:08:19)
2026-05-20 10:49:18,771 [INFO]     第 4 页 20 条 (2026/02/24 20:03:19 → 2026/02/24 18:28:18)
2026-05-20 10:49:19,559 [INFO]     第 5 页 20 条 (2026/02/24 18:23:18 → 2026/02/24 17:15:55)
2026-05-20 10:49:20,318 [INFO]     第 6 页 20 条 (2026/02/24 17:13:18 → 2026/02/24 16:31:09)
2026-05-20 10:49:20,901 [INFO]     第 7 页 20 条 (2026/02/24 16:29:11 → 2026/02/24 15:43:58)
2026-05-20 10:49:21,362 [INFO]     第 8 页 20 条 (2026/02/24 15:43:18 → 2026/02/24 15:05:46)
2026-05-20 10:49:22,044 [WARNING]     第9页第1次服务端错误提示, 等待重试
2026-05-20 10:49:23,697 [INFO]     第 9 页 20 条 (2026/02/24 15:05:26 → 2026/02/24 13:43:17)
2026-05-20 10:49:24,401 [WARNING]     第10页第1次服务端错误提示, 等待重试
2026-05-20 10:49:26,042 [INFO]     第 10 页 20 条 (2026/02/24 13:38:17 → 2026/02/24 12:03:17)
2026-05-20 10:49:30,330 [INFO]     第 11 页 20 条 (2026/02/24 11:58:17 → 2026/02/24 10:43:48)
2026-05-20 10:49:31,860 [INFO]     第 12 页 20 条 (2026/02/24 10:43:16 → 2026/02/24 09:49:13)
2026-05-20 10:49:31,862 [INFO]   ✓ 2026-02-24 10:01:03  折算价=694.14
2026-05-20 10:49:33,297 [INFO] === 2026-02-25 ===
2026-05-20 10:49:33,375 [INFO]   #1 OCR=3skz
2026-05-20 10:49:33,586 [INFO]     第 1 页 20 条 (2026/02/25 23:58:25 → 2026/02/25 22:59:33)  共 17 页
2026-05-20 10:49:33,741 [INFO]     第 2 页 20 条 (2026/02/25 22:58:34 → 2026/02/25 21:33:25)
2026-05-20 10:49:34,541 [INFO]     第 3 页 20 条 (2026/02/25 21:32:24 → 2026/02/25 20:09:52)
2026-05-20 10:49:35,322 [INFO]     第 4 页 20 条 (2026/02/25 20:08:24 → 2026/02/25 18:48:24)
2026-05-20 10:49:36,038 [INFO]     第 5 页 20 条 (2026/02/25 18:43:24 → 2026/02/25 17:33:44)
2026-05-20 10:49:36,546 [INFO]     第 6 页 20 条 (2026/02/25 17:33:24 → 2026/02/25 16:31:36)
2026-05-20 10:49:37,456 [INFO]     第 7 页 20 条 (2026/02/25 16:28:24 → 2026/02/25 15:33:23)
2026-05-20 10:49:38,181 [INFO]     第 8 页 20 条 (2026/02/25 15:28:23 → 2026/02/25 15:00:11)
2026-05-20 10:49:38,822 [INFO]     第 9 页 20 条 (2026/02/25 14:58:23 → 2026/02/25 13:58:23)
2026-05-20 10:49:39,514 [INFO]     第 10 页 20 条 (2026/02/25 13:53:23 → 2026/02/25 12:33:23)
2026-05-20 10:49:40,085 [INFO]     第 11 页 20 条 (2026/02/25 12:28:23 → 2026/02/25 11:33:22)
2026-05-20 10:49:40,781 [INFO]     第 12 页 20 条 (2026/02/25 11:29:38 → 2026/02/25 10:48:22)
2026-05-20 10:49:41,676 [INFO]     第 13 页 20 条 (2026/02/25 10:43:22 → 2026/02/25 10:13:22)
2026-05-20 10:49:42,267 [INFO]     第 14 页 20 条 (2026/02/25 10:13:12 → 2026/02/25 09:55:24)
2026-05-20 10:49:42,269 [INFO]   ✓ 2026-02-25 10:02:09  折算价=693.21
2026-05-20 10:49:42,270 [INFO] >>> 进度: 260/344 (75.6%) <<<
2026-05-20 10:49:43,532 [INFO] === 2026-02-26 ===
2026-05-20 10:49:43,608 [INFO]   #1 OCR=6puy
2026-05-20 10:49:43,790 [INFO]     第 1 页 20 条 (2026/02/26 23:58:31 → 2026/02/26 23:37:00)  共 21 页
2026-05-20 10:49:43,935 [INFO]     第 2 页 20 条 (2026/02/26 23:36:26 → 2026/02/26 23:12:30)
2026-05-20 10:49:44,801 [INFO]     第 3 页 20 条 (2026/02/26 23:12:10 → 2026/02/26 21:48:31)
2026-05-20 10:49:45,362 [INFO]     第 4 页 20 条 (2026/02/26 21:43:31 → 2026/02/26 20:18:30)
2026-05-20 10:49:45,907 [INFO]     第 5 页 20 条 (2026/02/26 20:15:40 → 2026/02/26 18:43:30)
2026-05-20 10:49:46,645 [INFO]     第 6 页 20 条 (2026/02/26 18:38:30 → 2026/02/26 17:18:30)
2026-05-20 10:49:47,276 [INFO]     第 7 页 20 条 (2026/02/26 17:13:30 → 2026/02/26 16:23:29)
2026-05-20 10:49:48,171 [INFO]     第 8 页 20 条 (2026/02/26 16:18:29 → 2026/02/26 15:29:16)
2026-05-20 10:49:49,083 [INFO]     第 9 页 20 条 (2026/02/26 15:28:29 → 2026/02/26 15:02:00)
2026-05-20 10:49:49,715 [INFO]     第 10 页 20 条 (2026/02/26 14:58:29 → 2026/02/26 14:19:42)
2026-05-20 10:49:50,501 [INFO]     第 11 页 20 条 (2026/02/26 14:18:49 → 2026/02/26 13:51:55)
2026-05-20 10:49:50,996 [INFO]     第 12 页 20 条 (2026/02/26 13:48:29 → 2026/02/26 12:48:29)
2026-05-20 10:49:51,635 [INFO]     第 13 页 20 条 (2026/02/26 12:47:51 → 2026/02/26 11:53:28)
2026-05-20 10:49:52,296 [INFO]     第 14 页 20 条 (2026/02/26 11:48:28 → 2026/02/26 10:57:55)
2026-05-20 10:49:53,019 [INFO]     第 15 页 20 条 (2026/02/26 10:57:14 → 2026/02/26 10:13:28)
2026-05-20 10:49:53,875 [INFO]     第 16 页 20 条 (2026/02/26 10:12:23 → 2026/02/26 09:51:21)
2026-05-20 10:49:53,877 [INFO]   ✓ 2026-02-26 10:00:43  折算价=692.28
2026-05-20 10:49:55,015 [INFO] === 2026-02-27 ===
2026-05-20 10:49:55,086 [INFO]   #1 OCR=tps5
2026-05-20 10:49:55,202 [INFO]   #1 验证码/服务端错误
2026-05-20 10:49:55,276 [INFO]   #2 OCR=tLht
2026-05-20 10:49:55,394 [INFO]   #2 验证码/服务端错误
2026-05-20 10:49:55,468 [INFO]   #3 OCR=gfgg
2026-05-20 10:49:55,655 [INFO]     第 1 页 20 条 (2026/02/27 23:58:37 → 2026/02/27 23:16:41)  共 19 页
2026-05-20 10:49:55,797 [INFO]     第 2 页 20 条 (2026/02/27 23:12:29 → 2026/02/27 22:23:37)
2026-05-20 10:49:56,670 [INFO]     第 3 页 20 条 (2026/02/27 22:20:09 → 2026/02/27 21:42:19)
2026-05-20 10:49:57,284 [INFO]     第 4 页 20 条 (2026/02/27 21:38:43 → 2026/02/27 20:53:07)
2026-05-20 10:49:57,867 [INFO]     第 5 页 20 条 (2026/02/27 20:48:36 → 2026/02/27 19:38:36)
2026-05-20 10:49:58,417 [INFO]     第 6 页 20 条 (2026/02/27 19:33:36 → 2026/02/27 18:08:36)
2026-05-20 10:49:58,991 [INFO]     第 7 页 20 条 (2026/02/27 18:08:06 → 2026/02/27 17:03:35)
2026-05-20 10:49:59,506 [INFO]     第 8 页 20 条 (2026/02/27 16:58:35 → 2026/02/27 16:03:35)
2026-05-20 10:50:00,435 [INFO]     第 9 页 20 条 (2026/02/27 15:58:35 → 2026/02/27 14:43:35)
2026-05-20 10:50:01,265 [INFO]     第 10 页 20 条 (2026/02/27 14:42:47 → 2026/02/27 13:48:35)
2026-05-20 10:50:01,800 [WARNING]     第11页第1次服务端错误提示, 等待重试
2026-05-20 10:50:03,809 [INFO]     第 11 页 20 条 (2026/02/27 13:43:35 → 2026/02/27 12:33:34)
2026-05-20 10:50:04,270 [INFO]     第 12 页 20 条 (2026/02/27 12:31:08 → 2026/02/27 11:26:12)
2026-05-20 10:50:05,018 [INFO]     第 13 页 20 条 (2026/02/27 11:25:10 → 2026/02/27 10:30:00)
2026-05-20 10:50:05,743 [INFO]     第 14 页 20 条 (2026/02/27 10:30:00 → 2026/02/27 10:00:31)
2026-05-20 10:50:06,226 [INFO]     第 15 页 20 条 (2026/02/27 09:58:34 → 2026/02/27 09:30:43)
2026-05-20 10:50:06,227 [INFO]   ✓ 2026-02-27 10:00:31  折算价=692.28
2026-05-20 10:50:07,260 [INFO] === 2026-02-28 ===
2026-05-20 10:50:07,332 [INFO]   #1 OCR=u5sy
2026-05-20 10:50:07,573 [INFO]     第 1 页 20 条 (2026/02/28 10:30:00 → 2026/02/28 02:14:22)  共 4 页
2026-05-20 10:50:07,573 [INFO]   ✓ 2026-02-28 10:19:21  折算价=692.28
2026-05-20 10:50:08,723 [INFO] === 2026-03-01 ===
2026-05-20 10:50:08,799 [INFO]   #1 OCR=jshe
2026-05-20 10:50:08,939 [INFO]   #1 验证码/服务端错误
2026-05-20 10:50:09,013 [INFO]   #2 OCR=uouc
2026-05-20 10:50:09,163 [INFO]   #2 验证码/服务端错误
2026-05-20 10:50:09,237 [INFO]   #3 OCR=I7sF
2026-05-20 10:50:09,446 [INFO]     第 1 页 6 条 (2026/03/01 10:30:00 → 2026/03/01 00:00:05)  共 1 页
2026-05-20 10:50:09,446 [INFO]   ✓ 2026-03-01 10:30:00  折算价=692.28
2026-05-20 10:50:10,409 [INFO] === 2026-03-02 ===
2026-05-20 10:50:10,487 [INFO]   #1 OCR=5pvo
2026-05-20 10:50:10,695 [INFO]     第 1 页 20 条 (2026/03/02 23:58:59 → 2026/03/02 23:26:53)  共 24 页
2026-05-20 10:50:10,839 [INFO]     第 2 页 20 条 (2026/03/02 23:25:53 → 2026/03/02 22:48:33)
2026-05-20 10:50:11,571 [INFO]     第 3 页 20 条 (2026/03/02 22:46:46 → 2026/03/02 22:22:05)
2026-05-20 10:50:12,022 [INFO]     第 4 页 20 条 (2026/03/02 22:21:35 → 2026/03/02 21:46:56)
2026-05-20 10:50:12,944 [INFO]     第 5 页 20 条 (2026/03/02 21:43:55 → 2026/03/02 21:04:58)
2026-05-20 10:50:13,478 [INFO]     第 6 页 20 条 (2026/03/02 21:03:08 → 2026/03/02 20:17:15)
2026-05-20 10:50:13,988 [INFO]     第 7 页 20 条 (2026/03/02 20:16:12 → 2026/03/02 19:33:54)
2026-05-20 10:50:14,539 [INFO]     第 8 页 20 条 (2026/03/02 19:31:36 → 2026/03/02 18:53:54)
2026-05-20 10:50:15,296 [INFO]     第 9 页 20 条 (2026/03/02 18:48:54 → 2026/03/02 18:11:37)
2026-05-20 10:50:15,946 [INFO]     第 10 页 20 条 (2026/03/02 18:09:15 → 2026/03/02 17:38:42)
2026-05-20 10:50:16,686 [INFO]     第 11 页 20 条 (2026/03/02 17:33:54 → 2026/03/02 17:03:54)
2026-05-20 10:50:17,214 [INFO]     第 12 页 20 条 (2026/03/02 16:58:54 → 2026/03/02 16:33:16)
2026-05-20 10:50:17,992 [INFO]     第 13 页 20 条 (2026/03/02 16:28:53 → 2026/03/02 15:56:38)
2026-05-20 10:50:18,727 [INFO]     第 14 页 20 条 (2026/03/02 15:55:19 → 2026/03/02 15:20:55)
2026-05-20 10:50:19,184 [INFO]     第 15 页 20 条 (2026/03/02 15:20:29 → 2026/03/02 14:49:16)
2026-05-20 10:50:19,906 [INFO]     第 16 页 20 条 (2026/03/02 14:48:53 → 2026/03/02 14:16:18)
2026-05-20 10:50:20,620 [INFO]     第 17 页 20 条 (2026/03/02 14:13:43 → 2026/03/02 13:41:42)
2026-05-20 10:50:21,529 [INFO]     第 18 页 20 条 (2026/03/02 13:38:53 → 2026/03/02 12:38:53)
2026-05-20 10:50:22,150 [INFO]     第 19 页 20 条 (2026/03/02 12:33:53 → 2026/03/02 11:33:52)
2026-05-20 10:50:23,036 [INFO]     第 20 页 20 条 (2026/03/02 11:28:52 → 2026/03/02 10:35:16)
2026-05-20 10:50:23,537 [INFO]     第 21 页 20 条 (2026/03/02 10:33:52 → 2026/03/02 10:09:28)
2026-05-20 10:50:24,336 [INFO]     第 22 页 20 条 (2026/03/02 10:08:52 → 2026/03/02 09:36:53)
2026-05-20 10:50:24,339 [INFO]   ✓ 2026-03-02 10:03:52  折算价=692.36
2026-05-20 10:50:25,448 [INFO] === 2026-03-03 ===
2026-05-20 10:50:25,547 [INFO]   #1 OCR=suyx
2026-05-20 10:50:25,759 [INFO]     第 1 页 20 条 (2026/03/03 23:58:29 → 2026/03/03 23:38:19)  共 32 页
2026-05-20 10:50:25,916 [INFO]     第 2 页 20 条 (2026/03/03 23:35:26 → 2026/03/03 23:18:36)
2026-05-20 10:50:30,378 [INFO]     第 3 页 20 条 (2026/03/03 23:17:16 → 2026/03/03 22:55:14)
2026-05-20 10:50:31,968 [INFO]     第 4 页 20 条 (2026/03/03 22:54:01 → 2026/03/03 22:35:52)
2026-05-20 10:50:32,538 [INFO]     第 5 页 20 条 (2026/03/03 22:34:01 → 2026/03/03 22:04:01)
2026-05-20 10:50:33,057 [INFO]     第 6 页 20 条 (2026/03/03 22:01:03 → 2026/03/03 21:29:01)
2026-05-20 10:50:33,864 [INFO]     第 7 页 20 条 (2026/03/03 21:28:13 → 2026/03/03 20:58:25)
2026-05-20 10:50:34,640 [WARNING]     第8页第1次服务端错误提示, 等待重试
2026-05-20 10:50:36,289 [INFO]     第 8 页 20 条 (2026/03/03 20:56:27 → 2026/03/03 20:25:11)
2026-05-20 10:50:37,041 [INFO]     第 9 页 20 条 (2026/03/03 20:24:49 → 2026/03/03 20:04:47)
2026-05-20 10:50:37,529 [INFO]     第 10 页 20 条 (2026/03/03 20:04:29 → 2026/03/03 19:34:05)
2026-05-20 10:50:38,096 [INFO]     第 11 页 20 条 (2026/03/03 19:32:49 → 2026/03/03 19:01:21)
2026-05-20 10:50:39,021 [INFO]     第 12 页 20 条 (2026/03/03 19:00:03 → 2026/03/03 18:34:07)
2026-05-20 10:50:39,660 [INFO]     第 13 页 20 条 (2026/03/03 18:33:55 → 2026/03/03 18:00:00)
2026-05-20 10:50:40,172 [INFO]     第 14 页 20 条 (2026/03/03 17:59:00 → 2026/03/03 17:29:20)
2026-05-20 10:50:40,669 [INFO]     第 15 页 20 条 (2026/03/03 17:29:00 → 2026/03/03 16:53:59)
2026-05-20 10:50:41,073 [WARNING]     第16页第1次服务端错误提示, 等待重试
2026-05-20 10:50:42,643 [WARNING]     第16页第2次服务端错误提示, 等待重试
2026-05-20 10:50:45,840 [INFO]     第 16 页 20 条 (2026/03/03 16:53:22 → 2026/03/03 16:23:26)
2026-05-20 10:50:46,626 [INFO]     第 17 页 20 条 (2026/03/03 16:20:21 → 2026/03/03 15:48:59)
2026-05-20 10:50:47,190 [INFO]     第 18 页 20 条 (2026/03/03 15:48:34 → 2026/03/03 15:17:40)
2026-05-20 10:50:48,092 [INFO]     第 19 页 20 条 (2026/03/03 15:15:10 → 2026/03/03 14:36:02)
2026-05-20 10:50:48,873 [WARNING]     第20页第1次服务端错误提示, 等待重试
2026-05-20 10:50:50,671 [INFO]     第 20 页 20 条 (2026/03/03 14:33:59 → 2026/03/03 14:00:20)
2026-05-20 10:50:51,460 [INFO]     第 21 页 20 条 (2026/03/03 13:58:59 → 2026/03/03 13:40:33)
2026-05-20 10:50:52,151 [INFO]     第 22 页 20 条 (2026/03/03 13:39:44 → 2026/03/03 13:03:59)
2026-05-20 10:50:52,759 [INFO]     第 23 页 20 条 (2026/03/03 12:58:58 → 2026/03/03 11:48:58)
2026-05-20 10:50:53,543 [INFO]     第 24 页 20 条 (2026/03/03 11:43:58 → 2026/03/03 10:57:10)
2026-05-20 10:50:54,214 [WARNING]     第25页第1次服务端错误提示, 等待重试
2026-05-20 10:50:55,898 [INFO]     第 25 页 20 条 (2026/03/03 10:56:44 → 2026/03/03 10:23:58)
2026-05-20 10:50:56,733 [INFO]     第 26 页 20 条 (2026/03/03 10:23:35 → 2026/03/03 09:58:37)
2026-05-20 10:50:56,736 [INFO]   ✓ 2026-03-03 10:00:12  折算价=690.88
2026-05-20 10:50:58,125 [INFO] === 2026-03-04 ===
2026-05-20 10:50:58,200 [INFO]   #1 OCR=aouI
2026-05-20 10:50:58,411 [INFO]     第 1 页 20 条 (2026/03/04 23:59:07 → 2026/03/04 23:31:27)  共 31 页
2026-05-20 10:50:58,553 [INFO]     第 2 页 20 条 (2026/03/04 23:29:07 → 2026/03/04 23:04:07)
2026-05-20 10:50:59,118 [INFO]     第 3 页 20 条 (2026/03/04 23:00:22 → 2026/03/04 22:32:59)
2026-05-20 10:50:59,585 [INFO]     第 4 页 20 条 (2026/03/04 22:31:31 → 2026/03/04 21:54:03)
2026-05-20 10:51:00,254 [INFO]     第 5 页 20 条 (2026/03/04 21:52:33 → 2026/03/04 21:11:24)
2026-05-20 10:51:01,179 [INFO]     第 6 页 20 条 (2026/03/04 21:09:06 → 2026/03/04 20:34:06)
2026-05-20 10:51:01,750 [INFO]     第 7 页 20 条 (2026/03/04 20:29:06 → 2026/03/04 19:44:06)
2026-05-20 10:51:02,562 [INFO]     第 8 页 20 条 (2026/03/04 19:42:20 → 2026/03/04 18:50:10)
2026-05-20 10:51:03,253 [INFO]     第 9 页 20 条 (2026/03/04 18:49:06 → 2026/03/04 18:20:20)
2026-05-20 10:51:03,968 [INFO]     第 10 页 20 条 (2026/03/04 18:20:00 → 2026/03/04 18:04:06)
2026-05-20 10:51:04,798 [INFO]     第 11 页 20 条 (2026/03/04 18:03:42 → 2026/03/04 17:19:06)
2026-05-20 10:51:05,309 [INFO]     第 12 页 20 条 (2026/03/04 17:17:28 → 2026/03/04 16:50:54)
2026-05-20 10:51:05,916 [INFO]     第 13 页 20 条 (2026/03/04 16:49:50 → 2026/03/04 16:15:05)
2026-05-20 10:51:06,694 [INFO]     第 14 页 20 条 (2026/03/04 16:14:05 → 2026/03/04 15:36:41)
2026-05-20 10:51:07,383 [WARNING]     第15页第1次服务端错误提示, 等待重试
2026-05-20 10:51:09,131 [INFO]     第 15 页 20 条 (2026/03/04 15:36:06 → 2026/03/04 15:16:27)
2026-05-20 10:51:09,766 [WARNING]     第16页第1次服务端错误提示, 等待重试
2026-05-20 10:51:11,557 [INFO]     第 16 页 20 条 (2026/03/04 15:14:05 → 2026/03/04 14:44:31)
2026-05-20 10:51:12,031 [WARNING]     第17页第1次服务端错误提示, 等待重试
2026-05-20 10:51:13,821 [INFO]     第 17 页 20 条 (2026/03/04 14:44:05 → 2026/03/04 14:19:05)
2026-05-20 10:51:14,365 [WARNING]     第18页第1次服务端错误提示, 等待重试
2026-05-20 10:51:16,081 [INFO]     第 18 页 20 条 (2026/03/04 14:16:45 → 2026/03/04 13:39:05)
2026-05-20 10:51:16,464 [WARNING]     第19页第1次服务端错误提示, 等待重试
2026-05-20 10:51:18,119 [INFO]     第 19 页 20 条 (2026/03/04 13:38:08 → 2026/03/04 12:47:40)
2026-05-20 10:51:18,818 [INFO]     第 20 页 20 条 (2026/03/04 12:44:04 → 2026/03/04 11:34:48)
2026-05-20 10:51:19,536 [INFO]     第 21 页 20 条 (2026/03/04 11:34:24 → 2026/03/04 10:54:04)
2026-05-20 10:51:20,080 [INFO]     第 22 页 20 条 (2026/03/04 10:53:52 → 2026/03/04 10:33:10)
2026-05-20 10:51:21,017 [INFO]     第 23 页 20 条 (2026/03/04 10:32:50 → 2026/03/04 10:07:07)
2026-05-20 10:51:21,699 [INFO]     第 24 页 20 条 (2026/03/04 10:06:23 → 2026/03/04 09:50:17)
2026-05-20 10:51:21,702 [INFO]   ✓ 2026-03-04 10:00:18  折算价=691.24
2026-05-20 10:51:22,723 [INFO] === 2026-03-05 ===
2026-05-20 10:51:22,793 [INFO]   #1 OCR=velp
2026-05-20 10:51:22,990 [INFO]     第 1 页 20 条 (2026/03/05 23:59:13 → 2026/03/05 23:19:13)  共 27 页
2026-05-20 10:51:23,129 [INFO]     第 2 页 20 条 (2026/03/05 23:18:14 → 2026/03/05 22:39:13)
2026-05-20 10:51:23,617 [INFO]     第 3 页 20 条 (2026/03/05 22:38:58 → 2026/03/05 22:12:46)
2026-05-20 10:51:24,342 [INFO]     第 4 页 20 条 (2026/03/05 22:12:07 → 2026/03/05 21:32:14)
2026-05-20 10:51:25,210 [INFO]     第 5 页 20 条 (2026/03/05 21:31:06 → 2026/03/05 20:49:12)
2026-05-20 10:51:26,085 [INFO]     第 6 页 20 条 (2026/03/05 20:45:20 → 2026/03/05 19:53:02)
2026-05-20 10:51:30,073 [INFO]     第 7 页 20 条 (2026/03/05 19:51:38 → 2026/03/05 18:41:08)
2026-05-20 10:51:31,745 [INFO]     第 8 页 20 条 (2026/03/05 18:39:12 → 2026/03/05 17:49:12)
2026-05-20 10:51:32,218 [INFO]     第 9 页 20 条 (2026/03/05 17:44:12 → 2026/03/05 17:19:42)
2026-05-20 10:51:32,821 [INFO]     第 10 页 20 条 (2026/03/05 17:19:11 → 2026/03/05 17:06:15)
2026-05-20 10:51:33,774 [INFO]     第 11 页 20 条 (2026/03/05 17:05:55 → 2026/03/05 16:31:58)
2026-05-20 10:51:34,395 [INFO]     第 12 页 20 条 (2026/03/05 16:31:08 → 2026/03/05 16:01:21)
2026-05-20 10:51:34,904 [INFO]     第 13 页 20 条 (2026/03/05 15:59:11 → 2026/03/05 15:13:37)
2026-05-20 10:51:35,690 [INFO]     第 14 页 20 条 (2026/03/05 15:12:01 → 2026/03/05 14:49:47)
2026-05-20 10:51:36,459 [INFO]     第 15 页 20 条 (2026/03/05 14:49:11 → 2026/03/05 14:16:02)
2026-05-20 10:51:37,325 [INFO]     第 16 页 20 条 (2026/03/05 14:14:32 → 2026/03/05 13:54:11)
2026-05-20 10:51:38,266 [INFO]     第 17 页 20 条 (2026/03/05 13:50:57 → 2026/03/05 13:14:10)
2026-05-20 10:51:38,893 [INFO]     第 18 页 20 条 (2026/03/05 13:13:35 → 2026/03/05 12:09:10)
2026-05-20 10:51:39,482 [INFO]     第 19 页 20 条 (2026/03/05 12:08:02 → 2026/03/05 11:12:28)
2026-05-20 10:51:40,283 [INFO]     第 20 页 20 条 (2026/03/05 11:11:59 → 2026/03/05 10:41:58)
2026-05-20 10:51:41,186 [INFO]     第 21 页 20 条 (2026/03/05 10:39:55 → 2026/03/05 10:21:01)
2026-05-20 10:51:41,712 [INFO]     第 22 页 20 条 (2026/03/05 10:19:10 → 2026/03/05 09:52:17)
2026-05-20 10:51:41,714 [INFO]   ✓ 2026-03-05 10:00:36  折算价=690.07
2026-05-20 10:51:42,806 [INFO] === 2026-03-06 ===
2026-05-20 10:51:42,877 [INFO]   #1 OCR=awu
2026-05-20 10:51:43,014 [INFO]   #1 验证码/服务端错误
2026-05-20 10:51:43,085 [INFO]   #2 OCR=y9vH
2026-05-20 10:51:43,306 [INFO]     第 1 页 20 条 (2026/03/06 23:59:19 → 2026/03/06 23:26:02)  共 29 页
2026-05-20 10:51:43,440 [INFO]     第 2 页 20 条 (2026/03/06 23:25:39 → 2026/03/06 23:03:58)
2026-05-20 10:51:44,146 [INFO]     第 3 页 20 条 (2026/03/06 23:02:57 → 2026/03/06 22:43:32)
2026-05-20 10:51:44,785 [INFO]     第 4 页 20 条 (2026/03/06 22:40:24 → 2026/03/06 22:19:19)
2026-05-20 10:51:45,263 [INFO]     第 5 页 20 条 (2026/03/06 22:17:19 → 2026/03/06 21:51:17)
2026-05-20 10:51:45,826 [INFO]     第 6 页 20 条 (2026/03/06 21:50:57 → 2026/03/06 21:39:51)
2026-05-20 10:51:46,566 [INFO]     第 7 页 20 条 (2026/03/06 21:39:18 → 2026/03/06 21:24:18)
2026-05-20 10:51:47,497 [INFO]     第 8 页 20 条 (2026/03/06 21:19:25 → 2026/03/06 20:49:09)
2026-05-20 10:51:48,016 [INFO]     第 9 页 20 条 (2026/03/06 20:45:11 → 2026/03/06 20:09:18)
2026-05-20 10:51:48,515 [INFO]     第 10 页 20 条 (2026/03/06 20:04:18 → 2026/03/06 19:08:53)
2026-05-20 10:51:49,081 [INFO]     第 11 页 20 条 (2026/03/06 19:04:18 → 2026/03/06 18:23:19)
2026-05-20 10:51:49,788 [INFO]     第 12 页 20 条 (2026/03/06 18:22:20 → 2026/03/06 17:50:00)
2026-05-20 10:51:50,467 [INFO]     第 13 页 20 条 (2026/03/06 17:49:17 → 2026/03/06 17:19:17)
2026-05-20 10:51:51,207 [INFO]     第 14 页 20 条 (2026/03/06 17:18:11 → 2026/03/06 16:44:17)
2026-05-20 10:51:52,054 [INFO]     第 15 页 20 条 (2026/03/06 16:39:17 → 2026/03/06 15:54:17)
2026-05-20 10:51:52,682 [INFO]     第 16 页 20 条 (2026/03/06 15:50:46 → 2026/03/06 15:24:17)
2026-05-20 10:51:53,499 [INFO]     第 17 页 20 条 (2026/03/06 15:23:29 → 2026/03/06 14:44:17)
2026-05-20 10:51:54,052 [INFO]     第 18 页 20 条 (2026/03/06 14:39:17 → 2026/03/06 13:49:16)
2026-05-20 10:51:54,720 [INFO]     第 19 页 20 条 (2026/03/06 13:49:03 → 2026/03/06 12:59:16)
2026-05-20 10:51:55,348 [INFO]     第 20 页 20 条 (2026/03/06 12:54:16 → 2026/03/06 11:29:05)
2026-05-20 10:51:56,130 [INFO]     第 21 页 20 条 (2026/03/06 11:28:25 → 2026/03/06 10:49:16)
2026-05-20 10:51:56,897 [INFO]     第 22 页 20 条 (2026/03/06 10:44:16 → 2026/03/06 10:14:16)
2026-05-20 10:51:57,401 [INFO]     第 23 页 20 条 (2026/03/06 10:12:32 → 2026/03/06 09:44:15)
2026-05-20 10:51:57,404 [INFO]   ✓ 2026-03-06 10:00:44  折算价=690.25
2026-05-20 10:51:58,820 [INFO] === 2026-03-07 ===
2026-05-20 10:51:58,893 [INFO]   #1 OCR=1Itq
2026-05-20 10:51:59,097 [INFO]     第 1 页 20 条 (2026/03/07 10:30:00 → 2026/03/07 02:24:20)  共 5 页
2026-05-20 10:51:59,097 [INFO]   ✓ 2026-03-07 10:30:00  折算价=690.25
2026-05-20 10:51:59,098 [INFO] >>> 进度: 270/344 (78.5%) <<<
2026-05-20 10:52:00,272 [INFO] === 2026-03-08 ===
2026-05-20 10:52:00,344 [INFO]   #1 OCR=wtl
2026-05-20 10:52:00,463 [INFO]   #1 验证码/服务端错误
2026-05-20 10:52:00,531 [INFO]   #2 OCR=yjgD
2026-05-20 10:52:00,715 [INFO]     第 1 页 6 条 (2026/03/08 10:30:00 → 2026/03/08 00:00:05)  共 1 页
2026-05-20 10:52:00,716 [INFO]   ✓ 2026-03-08 10:30:00  折算价=690.25
2026-05-20 10:52:01,836 [INFO] === 2026-03-09 ===
2026-05-20 10:52:01,907 [INFO]   #1 OCR=hrac
2026-05-20 10:52:02,114 [INFO]     第 1 页 20 条 (2026/03/09 23:59:37 → 2026/03/09 23:19:58)  共 23 页
2026-05-20 10:52:02,258 [INFO]     第 2 页 20 条 (2026/03/09 23:17:45 → 2026/03/09 22:10:11)
2026-05-20 10:52:02,810 [INFO]     第 3 页 20 条 (2026/03/09 22:09:37 → 2026/03/09 21:42:48)
2026-05-20 10:52:03,439 [INFO]     第 4 页 20 条 (2026/03/09 21:41:35 → 2026/03/09 21:10:55)
2026-05-20 10:52:03,980 [INFO]     第 5 页 20 条 (2026/03/09 21:09:37 → 2026/03/09 19:59:36)
2026-05-20 10:52:04,759 [INFO]     第 6 页 20 条 (2026/03/09 19:57:00 → 2026/03/09 19:03:54)
2026-05-20 10:52:05,685 [INFO]     第 7 页 20 条 (2026/03/09 18:59:36 → 2026/03/09 18:12:17)
2026-05-20 10:52:06,438 [INFO]     第 8 页 20 条 (2026/03/09 18:09:36 → 2026/03/09 17:37:27)
2026-05-20 10:52:07,287 [INFO]     第 9 页 20 条 (2026/03/09 17:36:55 → 2026/03/09 17:11:42)
2026-05-20 10:52:07,963 [INFO]     第 10 页 20 条 (2026/03/09 17:09:36 → 2026/03/09 16:41:07)
2026-05-20 10:52:08,717 [INFO]     第 11 页 20 条 (2026/03/09 16:39:35 → 2026/03/09 16:14:15)
2026-05-20 10:52:09,377 [WARNING]     第12页第1次服务端错误提示, 等待重试
2026-05-20 10:52:11,016 [INFO]     第 12 页 20 条 (2026/03/09 16:13:40 → 2026/03/09 15:28:43)
2026-05-20 10:52:11,541 [WARNING]     第13页第1次服务端错误提示, 等待重试
2026-05-20 10:52:13,180 [INFO]     第 13 页 20 条 (2026/03/09 15:27:15 → 2026/03/09 15:04:35)
2026-05-20 10:52:13,848 [WARNING]     第14页第1次服务端错误提示, 等待重试
2026-05-20 10:52:15,525 [INFO]     第 14 页 20 条 (2026/03/09 15:03:56 → 2026/03/09 14:20:23)
2026-05-20 10:52:16,126 [INFO]     第 15 页 20 条 (2026/03/09 14:19:35 → 2026/03/09 13:48:00)
2026-05-20 10:52:16,898 [INFO]     第 16 页 20 条 (2026/03/09 13:47:33 → 2026/03/09 13:24:16)
2026-05-20 10:52:17,626 [INFO]     第 17 页 20 条 (2026/03/09 13:23:36 → 2026/03/09 12:32:21)
2026-05-20 10:52:18,258 [WARNING]     第18页第1次服务端错误提示, 等待重试
2026-05-20 10:52:19,904 [INFO]     第 18 页 20 条 (2026/03/09 12:29:34 → 2026/03/09 11:29:23)
2026-05-20 10:52:20,525 [WARNING]     第19页第1次服务端错误提示, 等待重试
2026-05-20 10:52:22,091 [WARNING]     第19页第2次服务端错误提示, 等待重试
2026-05-20 10:52:25,252 [INFO]     第 19 页 20 条 (2026/03/09 11:24:34 → 2026/03/09 10:44:58)
2026-05-20 10:52:25,812 [INFO]     第 20 页 20 条 (2026/03/09 10:44:34 → 2026/03/09 10:18:40)
2026-05-20 10:52:31,609 [INFO]     第 21 页 20 条 (2026/03/09 10:17:13 → 2026/03/09 09:54:52)
2026-05-20 10:52:31,612 [INFO]   ✓ 2026-03-09 10:02:21  折算价=691.58
2026-05-20 10:52:32,791 [INFO] === 2026-03-10 ===
2026-05-20 10:52:32,862 [INFO]   #1 OCR=zd0J
2026-05-20 10:52:32,975 [INFO]   #1 验证码/服务端错误
2026-05-20 10:52:33,046 [INFO]   #2 OCR=bmsw
2026-05-20 10:52:33,241 [INFO]     第 1 页 20 条 (2026/03/10 23:59:43 → 2026/03/10 23:10:46)  共 27 页
2026-05-20 10:52:33,393 [INFO]     第 2 页 20 条 (2026/03/10 23:07:27 → 2026/03/10 22:34:43)
2026-05-20 10:52:33,990 [INFO]     第 3 页 20 条 (2026/03/10 22:31:12 → 2026/03/10 21:54:43)
2026-05-20 10:52:34,934 [INFO]     第 4 页 20 条 (2026/03/10 21:53:40 → 2026/03/10 21:19:43)
2026-05-20 10:52:35,786 [INFO]     第 5 页 20 条 (2026/03/10 21:14:43 → 2026/03/10 20:29:42)
2026-05-20 10:52:36,626 [INFO]     第 6 页 20 条 (2026/03/10 20:24:42 → 2026/03/10 19:54:42)
2026-05-20 10:52:37,090 [INFO]     第 7 页 20 条 (2026/03/10 19:49:42 → 2026/03/10 19:01:42)
2026-05-20 10:52:37,925 [INFO]     第 8 页 20 条 (2026/03/10 18:59:42 → 2026/03/10 18:26:22)
2026-05-20 10:52:38,833 [INFO]     第 9 页 20 条 (2026/03/10 18:24:42 → 2026/03/10 17:29:37)
2026-05-20 10:52:39,746 [INFO]     第 10 页 20 条 (2026/03/10 17:27:29 → 2026/03/10 16:53:20)
2026-05-20 10:52:40,592 [INFO]     第 11 页 20 条 (2026/03/10 16:52:59 → 2026/03/10 16:26:29)
2026-05-20 10:52:41,236 [INFO]     第 12 页 20 条 (2026/03/10 16:24:41 → 2026/03/10 15:49:41)
2026-05-20 10:52:41,904 [INFO]     第 13 页 20 条 (2026/03/10 15:48:36 → 2026/03/10 15:24:41)
2026-05-20 10:52:42,743 [WARNING]     第14页第1次服务端错误提示, 等待重试
2026-05-20 10:52:44,458 [INFO]     第 14 页 20 条 (2026/03/10 15:24:29 → 2026/03/10 14:49:41)
2026-05-20 10:52:44,946 [INFO]     第 15 页 20 条 (2026/03/10 14:44:41 → 2026/03/10 14:06:57)
2026-05-20 10:52:45,834 [INFO]     第 16 页 20 条 (2026/03/10 14:05:15 → 2026/03/10 13:39:41)
2026-05-20 10:52:46,586 [INFO]     第 17 页 20 条 (2026/03/10 13:35:11 → 2026/03/10 12:29:40)
2026-05-20 10:52:47,114 [INFO]     第 18 页 20 条 (2026/03/10 12:29:26 → 2026/03/10 11:54:40)
2026-05-20 10:52:47,692 [INFO]     第 19 页 20 条 (2026/03/10 11:49:40 → 2026/03/10 11:09:40)
2026-05-20 10:52:48,514 [INFO]     第 20 页 20 条 (2026/03/10 11:08:57 → 2026/03/10 10:45:20)
2026-05-20 10:52:49,413 [INFO]     第 21 页 20 条 (2026/03/10 10:44:40 → 2026/03/10 10:17:47)
2026-05-20 10:52:50,165 [INFO]     第 22 页 20 条 (2026/03/10 10:16:36 → 2026/03/10 09:59:40)
2026-05-20 10:52:50,167 [INFO]   ✓ 2026-03-10 10:00:28  折算价=689.82
2026-05-20 10:52:51,351 [INFO] === 2026-03-11 ===
2026-05-20 10:52:51,419 [INFO]   #1 OCR=tvoj
2026-05-20 10:52:51,622 [INFO]     第 1 页 20 条 (2026/03/11 23:59:49 → 2026/03/11 22:59:49)  共 24 页
2026-05-20 10:52:51,777 [INFO]     第 2 页 20 条 (2026/03/11 22:54:49 → 2026/03/11 22:13:42)
2026-05-20 10:52:52,378 [INFO]     第 3 页 20 条 (2026/03/11 22:13:05 → 2026/03/11 21:44:49)
2026-05-20 10:52:52,835 [INFO]     第 4 页 20 条 (2026/03/11 21:44:18 → 2026/03/11 20:54:49)
2026-05-20 10:52:53,607 [INFO]     第 5 页 20 条 (2026/03/11 20:51:46 → 2026/03/11 19:59:48)
2026-05-20 10:52:54,330 [INFO]     第 6 页 20 条 (2026/03/11 19:59:44 → 2026/03/11 18:49:48)
2026-05-20 10:52:54,894 [INFO]     第 7 页 20 条 (2026/03/11 18:46:51 → 2026/03/11 17:59:48)
2026-05-20 10:52:55,676 [INFO]     第 8 页 20 条 (2026/03/11 17:58:18 → 2026/03/11 17:24:48)
2026-05-20 10:52:56,441 [INFO]     第 9 页 20 条 (2026/03/11 17:19:48 → 2026/03/11 16:54:47)
2026-05-20 10:52:57,210 [INFO]     第 10 页 20 条 (2026/03/11 16:52:37 → 2026/03/11 16:19:47)
2026-05-20 10:52:57,760 [INFO]     第 11 页 20 条 (2026/03/11 16:19:33 → 2026/03/11 15:34:47)
2026-05-20 10:52:58,262 [INFO]     第 12 页 20 条 (2026/03/11 15:29:47 → 2026/03/11 15:04:19)
2026-05-20 10:52:58,836 [INFO]     第 13 页 20 条 (2026/03/11 15:03:05 → 2026/03/11 14:08:56)
2026-05-20 10:52:59,561 [INFO]     第 14 页 20 条 (2026/03/11 14:08:24 → 2026/03/11 13:21:13)
2026-05-20 10:53:00,134 [INFO]     第 15 页 20 条 (2026/03/11 13:19:47 → 2026/03/11 11:54:46)
2026-05-20 10:53:01,000 [INFO]     第 16 页 20 条 (2026/03/11 11:53:16 → 2026/03/11 10:47:10)
2026-05-20 10:53:01,915 [INFO]     第 17 页 20 条 (2026/03/11 10:46:25 → 2026/03/11 10:16:04)
2026-05-20 10:53:02,528 [INFO]     第 18 页 20 条 (2026/03/11 10:14:46 → 2026/03/11 09:44:46)
2026-05-20 10:53:02,531 [INFO]   ✓ 2026-03-11 10:00:14  折算价=689.17
2026-05-20 10:53:03,509 [INFO] === 2026-03-12 ===
2026-05-20 10:53:03,580 [INFO]   #1 OCR=sRik
2026-05-20 10:53:03,695 [INFO]   #1 验证码/服务端错误
2026-05-20 10:53:03,763 [INFO]   #2 OCR=fsra
2026-05-20 10:53:03,878 [INFO]   #2 验证码/服务端错误
2026-05-20 10:53:03,949 [INFO]   #3 OCR=hmks
2026-05-20 10:53:04,154 [INFO]     第 1 页 20 条 (2026/03/12 23:59:55 → 2026/03/12 23:12:29)  共 22 页
2026-05-20 10:53:04,221 [WARNING]     第2页第1次服务端错误提示, 等待重试
2026-05-20 10:53:05,879 [INFO]     第 2 页 20 条 (2026/03/12 23:09:55 → 2026/03/12 22:14:55)
2026-05-20 10:53:06,418 [INFO]     第 3 页 20 条 (2026/03/12 22:09:55 → 2026/03/12 21:34:55)
2026-05-20 10:53:07,183 [INFO]     第 4 页 20 条 (2026/03/12 21:29:55 → 2026/03/12 20:44:54)
2026-05-20 10:53:07,871 [INFO]     第 5 页 20 条 (2026/03/12 20:39:54 → 2026/03/12 19:44:54)
2026-05-20 10:53:08,428 [INFO]     第 6 页 20 条 (2026/03/12 19:41:30 → 2026/03/12 18:30:55)
2026-05-20 10:53:09,236 [INFO]     第 7 页 20 条 (2026/03/12 18:29:54 → 2026/03/12 17:49:54)
2026-05-20 10:53:09,954 [INFO]     第 8 页 20 条 (2026/03/12 17:46:51 → 2026/03/12 16:59:54)
2026-05-20 10:53:10,897 [INFO]     第 9 页 20 条 (2026/03/12 16:59:25 → 2026/03/12 16:09:16)
2026-05-20 10:53:11,293 [WARNING]     第10页第1次服务端错误提示, 等待重试
2026-05-20 10:53:12,944 [INFO]     第 10 页 20 条 (2026/03/12 16:05:28 → 2026/03/12 15:28:01)
2026-05-20 10:53:13,604 [INFO]     第 11 页 20 条 (2026/03/12 15:24:53 → 2026/03/12 14:48:05)
2026-05-20 10:53:14,333 [INFO]     第 12 页 20 条 (2026/03/12 14:44:53 → 2026/03/12 13:53:13)
2026-05-20 10:53:14,923 [INFO]     第 13 页 20 条 (2026/03/12 13:51:44 → 2026/03/12 12:59:52)
2026-05-20 10:53:15,757 [WARNING]     第14页第1次服务端错误提示, 等待重试
2026-05-20 10:53:17,426 [INFO]     第 14 页 20 条 (2026/03/12 12:54:52 → 2026/03/12 11:49:52)
2026-05-20 10:53:18,238 [INFO]     第 15 页 20 条 (2026/03/12 11:45:26 → 2026/03/12 10:59:52)
2026-05-20 10:53:19,027 [INFO]     第 16 页 20 条 (2026/03/12 10:54:52 → 2026/03/12 10:36:33)
2026-05-20 10:53:19,954 [INFO]     第 17 页 20 条 (2026/03/12 10:35:55 → 2026/03/12 10:10:45)
2026-05-20 10:53:20,582 [INFO]     第 18 页 20 条 (2026/03/12 10:10:22 → 2026/03/12 09:37:57)
2026-05-20 10:53:20,584 [INFO]   ✓ 2026-03-12 10:00:59  折算价=689.59
2026-05-20 10:53:21,703 [INFO] === 2026-03-13 ===
2026-05-20 10:53:21,773 [INFO]   #1 OCR=1je
2026-05-20 10:53:21,887 [INFO]   #1 验证码/服务端错误
2026-05-20 10:53:21,958 [INFO]   #2 OCR=cii8
2026-05-20 10:53:22,173 [INFO]     第 1 页 20 条 (2026/03/13 00:00:01 → 2026/03/13 23:20:01)  共 23 页
2026-05-20 10:53:22,238 [WARNING]     第2页第1次服务端错误提示, 等待重试
2026-05-20 10:53:23,895 [INFO]     第 2 页 20 条 (2026/03/13 23:17:28 → 2026/03/13 22:36:03)
2026-05-20 10:53:24,786 [INFO]     第 3 页 20 条 (2026/03/13 22:35:01 → 2026/03/13 21:50:01)
2026-05-20 10:53:25,466 [INFO]     第 4 页 20 条 (2026/03/13 21:49:36 → 2026/03/13 21:07:56)
2026-05-20 10:53:26,106 [INFO]     第 5 页 20 条 (2026/03/13 21:05:00 → 2026/03/13 20:25:00)
2026-05-20 10:53:30,095 [INFO]     第 6 页 20 条 (2026/03/13 20:20:00 → 2026/03/13 19:35:00)
2026-05-20 10:53:31,846 [INFO]     第 7 页 20 条 (2026/03/13 19:34:02 → 2026/03/13 18:45:00)
2026-05-20 10:53:32,468 [INFO]     第 8 页 20 条 (2026/03/13 18:41:38 → 2026/03/13 17:46:09)
2026-05-20 10:53:32,994 [INFO]     第 9 页 20 条 (2026/03/13 17:45:00 → 2026/03/13 16:59:59)
2026-05-20 10:53:33,814 [INFO]     第 10 页 20 条 (2026/03/13 16:54:59 → 2026/03/13 16:25:27)
2026-05-20 10:53:34,595 [INFO]     第 11 页 20 条 (2026/03/13 16:24:59 → 2026/03/13 15:48:24)
2026-05-20 10:53:34,994 [WARNING]     第12页第1次服务端错误提示, 等待重试
2026-05-20 10:53:36,644 [INFO]     第 12 页 20 条 (2026/03/13 15:47:08 → 2026/03/13 15:09:13)
2026-05-20 10:53:37,372 [INFO]     第 13 页 20 条 (2026/03/13 15:06:49 → 2026/03/13 14:33:50)
2026-05-20 10:53:37,978 [INFO]     第 14 页 20 条 (2026/03/13 14:29:59 → 2026/03/13 13:24:59)
2026-05-20 10:53:38,855 [INFO]     第 15 页 20 条 (2026/03/13 13:19:59 → 2026/03/13 12:39:37)
2026-05-20 10:53:39,682 [INFO]     第 16 页 20 条 (2026/03/13 12:38:57 → 2026/03/13 11:43:57)
2026-05-20 10:53:40,554 [INFO]     第 17 页 20 条 (2026/03/13 11:39:58 → 2026/03/13 10:39:58)
2026-05-20 10:53:41,497 [INFO]     第 18 页 20 条 (2026/03/13 10:39:44 → 2026/03/13 10:09:58)
2026-05-20 10:53:42,216 [WARNING]     第19页第1次服务端错误提示, 等待重试
2026-05-20 10:53:43,869 [INFO]     第 19 页 20 条 (2026/03/13 10:09:29 → 2026/03/13 09:34:23)
2026-05-20 10:53:43,872 [INFO]   ✓ 2026-03-13 10:04:37  折算价=690.07
2026-05-20 10:53:45,055 [INFO] === 2026-03-14 ===
2026-05-20 10:53:45,138 [INFO]   #1 OCR=svz
2026-05-20 10:53:45,283 [INFO]   #1 验证码/服务端错误
2026-05-20 10:53:45,360 [INFO]   #2 OCR=c4gg
2026-05-20 10:53:45,575 [INFO]     第 1 页 20 条 (2026/03/14 10:30:00 → 2026/03/14 02:00:02)  共 3 页
2026-05-20 10:53:45,576 [INFO]   ✓ 2026-03-14 10:30:00  折算价=690.07
2026-05-20 10:53:46,848 [INFO] === 2026-03-15 ===
2026-05-20 10:53:46,922 [INFO]   #1 OCR=zdj4
2026-05-20 10:53:47,132 [INFO]     第 1 页 4 条 (2026/03/15 10:30:00 → 2026/03/15 05:30:00)  共 1 页
2026-05-20 10:53:47,133 [INFO]   ✓ 2026-03-15 10:30:00  折算价=690.07
2026-05-20 10:53:48,569 [INFO] === 2026-03-16 ===
2026-05-20 10:53:48,642 [INFO]   #1 OCR=5mBk
2026-05-20 10:53:48,870 [INFO]     第 1 页 20 条 (2026/03/16 23:56:40 → 2026/03/16 23:16:40)  共 16 页
2026-05-20 10:53:49,055 [INFO]     第 2 页 20 条 (2026/03/16 23:11:40 → 2026/03/16 22:27:50)
2026-05-20 10:53:49,512 [INFO]     第 3 页 20 条 (2026/03/16 22:26:40 → 2026/03/16 21:26:40)
2026-05-20 10:53:50,237 [INFO]     第 4 页 20 条 (2026/03/16 21:23:39 → 2026/03/16 20:26:39)
2026-05-20 10:53:51,167 [INFO]     第 5 页 20 条 (2026/03/16 20:21:39 → 2026/03/16 19:26:39)
2026-05-20 10:53:51,687 [INFO]     第 6 页 20 条 (2026/03/16 19:21:39 → 2026/03/16 18:16:39)
2026-05-20 10:53:52,224 [INFO]     第 7 页 20 条 (2026/03/16 18:14:34 → 2026/03/16 17:28:49)
2026-05-20 10:53:52,708 [INFO]     第 8 页 20 条 (2026/03/16 17:26:39 → 2026/03/16 16:36:39)
2026-05-20 10:53:53,478 [INFO]     第 9 页 20 条 (2026/03/16 16:31:39 → 2026/03/16 16:00:27)
2026-05-20 10:53:54,153 [INFO]     第 10 页 20 条 (2026/03/16 15:58:40 → 2026/03/16 15:31:36)
2026-05-20 10:53:54,833 [WARNING]     第11页第1次服务端错误提示, 等待重试
2026-05-20 10:53:56,499 [INFO]     第 11 页 20 条 (2026/03/16 15:27:51 → 2026/03/16 14:42:10)
2026-05-20 10:53:57,201 [INFO]     第 12 页 20 条 (2026/03/16 14:41:51 → 2026/03/16 11:51:37)
2026-05-20 10:53:58,122 [INFO]     第 13 页 20 条 (2026/03/16 11:46:37 → 2026/03/16 10:56:18)
2026-05-20 10:53:58,901 [INFO]     第 14 页 20 条 (2026/03/16 10:55:43 → 2026/03/16 10:10:47)
2026-05-20 10:53:59,510 [INFO]     第 15 页 20 条 (2026/03/16 10:10:21 → 2026/03/16 09:39:17)
2026-05-20 10:53:59,511 [INFO]   ✓ 2026-03-16 10:00:16  折算价=690.57
2026-05-20 10:54:00,391 [INFO] === 2026-03-17 ===
2026-05-20 10:54:00,464 [INFO]   #1 OCR=vMFt
2026-05-20 10:54:00,655 [INFO]     第 1 页 20 条 (2026/03/17 23:56:46 → 2026/03/17 22:56:46)  共 19 页
2026-05-20 10:54:00,844 [INFO]     第 2 页 20 条 (2026/03/17 22:51:46 → 2026/03/17 21:46:46)
2026-05-20 10:54:01,486 [INFO]     第 3 页 20 条 (2026/03/17 21:41:46 → 2026/03/17 20:46:45)
2026-05-20 10:54:02,292 [INFO]     第 4 页 20 条 (2026/03/17 20:41:45 → 2026/03/17 19:41:45)
2026-05-20 10:54:02,962 [INFO]     第 5 页 20 条 (2026/03/17 19:36:45 → 2026/03/17 18:16:45)
2026-05-20 10:54:03,513 [INFO]     第 6 页 20 条 (2026/03/17 18:15:24 → 2026/03/17 17:18:25)
2026-05-20 10:54:04,141 [INFO]     第 7 页 20 条 (2026/03/17 17:16:45 → 2026/03/17 16:38:44)
2026-05-20 10:54:04,631 [INFO]     第 8 页 20 条 (2026/03/17 16:36:44 → 2026/03/17 15:55:21)
2026-05-20 10:54:05,423 [INFO]     第 9 页 20 条 (2026/03/17 15:51:44 → 2026/03/17 15:11:44)
2026-05-20 10:54:05,909 [INFO]     第 10 页 20 条 (2026/03/17 15:06:44 → 2026/03/17 14:11:44)
2026-05-20 10:54:06,667 [INFO]     第 11 页 20 条 (2026/03/17 14:10:10 → 2026/03/17 13:26:44)
2026-05-20 10:54:07,236 [INFO]     第 12 页 20 条 (2026/03/17 13:21:44 → 2026/03/17 12:14:01)
2026-05-20 10:54:07,718 [INFO]     第 13 页 20 条 (2026/03/17 12:13:35 → 2026/03/17 11:30:36)
2026-05-20 10:54:08,388 [INFO]     第 14 页 20 条 (2026/03/17 11:26:43 → 2026/03/17 10:30:00)
2026-05-20 10:54:09,095 [INFO]     第 15 页 20 条 (2026/03/17 10:30:00 → 2026/03/17 09:52:32)
2026-05-20 10:54:09,096 [INFO]   ✓ 2026-03-17 10:01:43  折算价=689.61
2026-05-20 10:54:09,098 [INFO] >>> 进度: 280/344 (81.4%) <<<
2026-05-20 10:54:10,083 [INFO] === 2026-03-18 ===
2026-05-20 10:54:10,155 [INFO]   #1 OCR=tbn
2026-05-20 10:54:10,282 [INFO]   #1 验证码/服务端错误
2026-05-20 10:54:10,352 [INFO]   #2 OCR=xxwq
2026-05-20 10:54:10,585 [INFO]     第 1 页 20 条 (2026/03/18 23:56:52 → 2026/03/18 23:01:43)  共 19 页
2026-05-20 10:54:10,746 [INFO]     第 2 页 20 条 (2026/03/18 23:00:09 → 2026/03/18 22:01:52)
2026-05-20 10:54:11,559 [INFO]     第 3 页 20 条 (2026/03/18 22:00:30 → 2026/03/18 21:16:51)
2026-05-20 10:54:12,277 [WARNING]     第4页第1次服务端错误提示, 等待重试
2026-05-20 10:54:13,920 [INFO]     第 4 页 20 条 (2026/03/18 21:15:57 → 2026/03/18 20:47:33)
2026-05-20 10:54:14,486 [INFO]     第 5 页 20 条 (2026/03/18 20:46:51 → 2026/03/18 20:14:06)
2026-05-20 10:54:15,277 [INFO]     第 6 页 20 条 (2026/03/18 20:12:55 → 2026/03/18 19:26:26)
2026-05-20 10:54:15,764 [INFO]     第 7 页 20 条 (2026/03/18 19:21:51 → 2026/03/18 17:55:59)
2026-05-20 10:54:16,505 [INFO]     第 8 页 20 条 (2026/03/18 17:53:12 → 2026/03/18 17:01:19)
2026-05-20 10:54:17,238 [INFO]     第 9 页 20 条 (2026/03/18 16:56:50 → 2026/03/18 16:06:50)
2026-05-20 10:54:17,821 [INFO]     第 10 页 20 条 (2026/03/18 16:03:20 → 2026/03/18 15:03:21)
2026-05-20 10:54:18,554 [WARNING]     第11页第1次服务端错误提示, 等待重试
2026-05-20 10:54:20,217 [INFO]     第 11 页 20 条 (2026/03/18 15:01:50 → 2026/03/18 14:16:50)
2026-05-20 10:54:20,995 [INFO]     第 12 页 20 条 (2026/03/18 14:13:18 → 2026/03/18 13:36:50)
2026-05-20 10:54:21,519 [WARNING]     第13页第1次服务端错误提示, 等待重试
2026-05-20 10:54:23,186 [INFO]     第 13 页 20 条 (2026/03/18 13:34:03 → 2026/03/18 12:16:49)
2026-05-20 10:54:23,723 [WARNING]     第14页第1次服务端错误提示, 等待重试
2026-05-20 10:54:25,370 [INFO]     第 14 页 20 条 (2026/03/18 12:11:49 → 2026/03/18 11:01:49)
2026-05-20 10:54:26,269 [INFO]     第 15 页 20 条 (2026/03/18 10:56:49 → 2026/03/18 10:10:49)
2026-05-20 10:54:31,789 [INFO]     第 16 页 20 条 (2026/03/18 10:10:22 → 2026/03/18 09:30:59)
2026-05-20 10:54:31,792 [INFO]   ✓ 2026-03-18 10:01:49  折算价=689.09
2026-05-20 10:54:32,800 [INFO] === 2026-03-19 ===
2026-05-20 10:54:32,876 [INFO]   #1 OCR=Lho5
2026-05-20 10:54:33,099 [INFO]     第 1 页 20 条 (2026/03/19 23:59:01 → 2026/03/19 23:18:00)  共 25 页
2026-05-20 10:54:33,169 [WARNING]     第2页第1次服务端错误提示, 等待重试
2026-05-20 10:54:34,812 [INFO]     第 2 页 20 条 (2026/03/19 23:16:58 → 2026/03/19 22:42:50)
2026-05-20 10:54:35,289 [INFO]     第 3 页 20 条 (2026/03/19 22:41:58 → 2026/03/19 22:13:48)
2026-05-20 10:54:35,991 [WARNING]     第4页第1次服务端错误提示, 等待重试
2026-05-20 10:54:37,633 [INFO]     第 4 页 20 条 (2026/03/19 22:12:31 → 2026/03/19 21:53:43)
2026-05-20 10:54:38,090 [INFO]     第 5 页 20 条 (2026/03/19 21:53:18 → 2026/03/19 21:26:57)
2026-05-20 10:54:38,669 [INFO]     第 6 页 20 条 (2026/03/19 21:25:33 → 2026/03/19 20:59:05)
2026-05-20 10:54:39,126 [INFO]     第 7 页 20 条 (2026/03/19 20:56:57 → 2026/03/19 20:20:53)
2026-05-20 10:54:40,078 [INFO]     第 8 页 20 条 (2026/03/19 20:16:57 → 2026/03/19 19:31:57)
2026-05-20 10:54:40,731 [INFO]     第 9 页 20 条 (2026/03/19 19:30:08 → 2026/03/19 18:21:57)
2026-05-20 10:54:41,204 [INFO]     第 10 页 20 条 (2026/03/19 18:16:57 → 2026/03/19 17:36:56)
2026-05-20 10:54:41,858 [INFO]     第 11 页 20 条 (2026/03/19 17:32:53 → 2026/03/19 17:01:46)
2026-05-20 10:54:42,565 [INFO]     第 12 页 20 条 (2026/03/19 17:00:02 → 2026/03/19 16:15:56)
2026-05-20 10:54:43,530 [INFO]     第 13 页 20 条 (2026/03/19 16:15:23 → 2026/03/19 15:35:22)
2026-05-20 10:54:44,101 [INFO]     第 14 页 20 条 (2026/03/19 15:33:45 → 2026/03/19 15:08:27)
2026-05-20 10:54:44,908 [WARNING]     第15页第1次服务端错误提示, 等待重试
2026-05-20 10:54:46,572 [INFO]     第 15 页 20 条 (2026/03/19 15:08:02 → 2026/03/19 14:21:56)
2026-05-20 10:54:47,292 [INFO]     第 16 页 20 条 (2026/03/19 14:17:49 → 2026/03/19 13:36:55)
2026-05-20 10:54:48,081 [INFO]     第 17 页 20 条 (2026/03/19 13:36:14 → 2026/03/19 12:41:55)
2026-05-20 10:54:48,581 [INFO]     第 18 页 20 条 (2026/03/19 12:36:55 → 2026/03/19 11:16:55)
2026-05-20 10:54:49,502 [INFO]     第 19 页 20 条 (2026/03/19 11:11:55 → 2026/03/19 10:21:55)
2026-05-20 10:54:50,196 [INFO]     第 20 页 20 条 (2026/03/19 10:20:42 → 2026/03/19 10:01:50)
2026-05-20 10:54:51,018 [INFO]     第 21 页 20 条 (2026/03/19 10:01:28 → 2026/03/19 09:34:12)
2026-05-20 10:54:51,020 [INFO]   ✓ 2026-03-19 10:00:02  折算价=689.75
2026-05-20 10:54:52,309 [INFO] === 2026-03-20 ===
2026-05-20 10:54:52,382 [INFO]   #1 OCR='eu' 长度异常
2026-05-20 10:54:52,501 [INFO]   #2 OCR=eDyp
2026-05-20 10:54:52,693 [INFO]     第 1 页 20 条 (2026/03/20 23:57:04 → 2026/03/20 23:17:04)  共 21 页
2026-05-20 10:54:52,829 [INFO]     第 2 页 20 条 (2026/03/20 23:13:55 → 2026/03/20 22:37:04)
2026-05-20 10:54:53,362 [INFO]     第 3 页 20 条 (2026/03/20 22:34:11 → 2026/03/20 21:59:18)
2026-05-20 10:54:54,080 [INFO]     第 4 页 20 条 (2026/03/20 21:57:03 → 2026/03/20 21:05:05)
2026-05-20 10:54:54,994 [INFO]     第 5 页 20 条 (2026/03/20 21:02:03 → 2026/03/20 20:07:03)
2026-05-20 10:54:55,678 [INFO]     第 6 页 20 条 (2026/03/20 20:02:03 → 2026/03/20 19:07:03)
2026-05-20 10:54:56,411 [INFO]     第 7 页 20 条 (2026/03/20 19:06:45 → 2026/03/20 18:09:30)
2026-05-20 10:54:57,270 [INFO]     第 8 页 20 条 (2026/03/20 18:07:03 → 2026/03/20 17:07:02)
2026-05-20 10:54:57,935 [INFO]     第 9 页 20 条 (2026/03/20 17:04:48 → 2026/03/20 16:17:02)
2026-05-20 10:54:58,630 [INFO]     第 10 页 20 条 (2026/03/20 16:16:47 → 2026/03/20 15:44:58)
2026-05-20 10:54:59,147 [INFO]     第 11 页 20 条 (2026/03/20 15:44:18 → 2026/03/20 15:06:12)
2026-05-20 10:54:59,981 [INFO]     第 12 页 20 条 (2026/03/20 15:05:52 → 2026/03/20 14:22:02)
2026-05-20 10:55:00,677 [INFO]     第 13 页 20 条 (2026/03/20 14:19:07 → 2026/03/20 13:27:01)
2026-05-20 10:55:01,452 [INFO]     第 14 页 20 条 (2026/03/20 13:24:20 → 2026/03/20 11:57:01)
2026-05-20 10:55:02,013 [INFO]     第 15 页 20 条 (2026/03/20 11:52:01 → 2026/03/20 10:52:01)
2026-05-20 10:55:02,825 [INFO]     第 16 页 20 条 (2026/03/20 10:51:33 → 2026/03/20 10:15:35)
2026-05-20 10:55:03,354 [INFO]     第 17 页 20 条 (2026/03/20 10:12:51 → 2026/03/20 09:46:32)
2026-05-20 10:55:03,356 [INFO]   ✓ 2026-03-20 10:00:56  折算价=688.98
2026-05-20 10:55:04,204 [INFO] === 2026-03-21 ===
2026-05-20 10:55:04,290 [INFO]   #1 OCR=FGzg
2026-05-20 10:55:04,450 [INFO]     第 1 页 20 条 (2026/03/21 10:30:00 → 2026/03/21 02:12:05)  共 4 页
2026-05-20 10:55:04,450 [INFO]   ✓ 2026-03-21 10:30:00  折算价=688.98
2026-05-20 10:55:05,266 [INFO] === 2026-03-22 ===
2026-05-20 10:55:05,339 [INFO]   #1 OCR=boPm
2026-05-20 10:55:05,486 [INFO]     第 1 页 6 条 (2026/03/22 10:30:00 → 2026/03/22 00:00:05)  共 1 页
2026-05-20 10:55:05,486 [INFO]   ✓ 2026-03-22 10:30:00  折算价=688.98
2026-05-20 10:55:06,571 [INFO] === 2026-03-23 ===
2026-05-20 10:55:06,647 [INFO]   #1 OCR=F45D
2026-05-20 10:55:06,760 [INFO]   #1 验证码/服务端错误
2026-05-20 10:55:06,831 [INFO]   #2 OCR=pqxs
2026-05-20 10:55:06,976 [INFO]     第 1 页 20 条 (2026/03/23 23:59:03 → 2026/03/23 23:33:45)  共 26 页
2026-05-20 10:55:07,130 [INFO]     第 2 页 20 条 (2026/03/23 23:32:31 → 2026/03/23 23:07:22)
2026-05-20 10:55:07,747 [INFO]     第 3 页 20 条 (2026/03/23 23:05:05 → 2026/03/23 22:38:52)
2026-05-20 10:55:08,450 [INFO]     第 4 页 20 条 (2026/03/23 22:37:22 → 2026/03/23 22:09:30)
2026-05-20 10:55:09,322 [INFO]     第 5 页 20 条 (2026/03/23 22:08:56 → 2026/03/23 21:50:04)
2026-05-20 10:55:09,959 [INFO]     第 6 页 20 条 (2026/03/23 21:49:30 → 2026/03/23 21:18:50)
2026-05-20 10:55:10,601 [INFO]     第 7 页 20 条 (2026/03/23 21:17:22 → 2026/03/23 20:52:43)
2026-05-20 10:55:11,395 [INFO]     第 8 页 20 条 (2026/03/23 20:51:58 → 2026/03/23 20:27:22)
2026-05-20 10:55:12,301 [INFO]     第 9 页 20 条 (2026/03/23 20:26:38 → 2026/03/23 20:05:33)
2026-05-20 10:55:13,097 [INFO]     第 10 页 20 条 (2026/03/23 20:04:30 → 2026/03/23 19:49:47)
2026-05-20 10:55:13,884 [INFO]     第 11 页 20 条 (2026/03/23 19:49:14 → 2026/03/23 19:32:41)
2026-05-20 10:55:14,533 [INFO]     第 12 页 20 条 (2026/03/23 19:32:21 → 2026/03/23 19:22:21)
2026-05-20 10:55:15,316 [INFO]     第 13 页 20 条 (2026/03/23 19:22:09 → 2026/03/23 19:13:19)
2026-05-20 10:55:15,924 [INFO]     第 14 页 20 条 (2026/03/23 19:12:52 → 2026/03/23 18:50:18)
2026-05-20 10:55:16,620 [INFO]     第 15 页 20 条 (2026/03/23 18:47:21 → 2026/03/23 18:00:18)
2026-05-20 10:55:17,187 [INFO]     第 16 页 20 条 (2026/03/23 17:57:21 → 2026/03/23 17:09:06)
2026-05-20 10:55:17,662 [INFO]     第 17 页 20 条 (2026/03/23 17:07:21 → 2026/03/23 16:12:20)
2026-05-20 10:55:18,389 [WARNING]     第18页第1次服务端错误提示, 等待重试
2026-05-20 10:55:20,049 [INFO]     第 18 页 20 条 (2026/03/23 16:07:20 → 2026/03/23 15:18:59)
2026-05-20 10:55:20,901 [WARNING]     第19页第1次服务端错误提示, 等待重试
2026-05-20 10:55:22,606 [INFO]     第 19 页 20 条 (2026/03/23 15:18:36 → 2026/03/23 14:42:20)
2026-05-20 10:55:23,434 [INFO]     第 20 页 20 条 (2026/03/23 14:37:20 → 2026/03/23 13:42:20)
2026-05-20 10:55:23,973 [INFO]     第 21 页 20 条 (2026/03/23 13:37:20 → 2026/03/23 12:12:19)
2026-05-20 10:55:24,836 [INFO]     第 22 页 20 条 (2026/03/23 12:07:19 → 2026/03/23 10:57:19)
2026-05-20 10:55:25,670 [INFO]     第 23 页 20 条 (2026/03/23 10:57:01 → 2026/03/23 10:22:19)
2026-05-20 10:55:26,277 [INFO]     第 24 页 20 条 (2026/03/23 10:21:36 → 2026/03/23 09:50:19)
2026-05-20 10:55:26,279 [INFO]   ✓ 2026-03-23 10:01:52  折算价=690.41
2026-05-20 10:55:27,593 [INFO] === 2026-03-24 ===
2026-05-20 10:55:29,674 [INFO]   #1 OCR=ao5h
2026-05-20 10:55:29,914 [INFO]     第 1 页 20 条 (2026/03/24 23:57:28 → 2026/03/24 23:00:08)  共 22 页
2026-05-20 10:55:30,059 [INFO]     第 2 页 20 条 (2026/03/24 22:59:45 → 2026/03/24 22:32:28)
2026-05-20 10:55:30,781 [INFO]     第 3 页 20 条 (2026/03/24 22:27:28 → 2026/03/24 21:45:02)
2026-05-20 10:55:31,373 [INFO]     第 4 页 20 条 (2026/03/24 21:44:17 → 2026/03/24 20:52:54)
2026-05-20 10:55:32,029 [INFO]     第 5 页 20 条 (2026/03/24 20:52:28 → 2026/03/24 20:02:27)
2026-05-20 10:55:32,640 [INFO]     第 6 页 20 条 (2026/03/24 19:57:27 → 2026/03/24 19:02:27)
2026-05-20 10:55:33,361 [INFO]     第 7 页 20 条 (2026/03/24 19:01:44 → 2026/03/24 17:48:59)
2026-05-20 10:55:34,309 [INFO]     第 8 页 20 条 (2026/03/24 17:47:27 → 2026/03/24 16:51:19)
2026-05-20 10:55:35,049 [INFO]     第 9 页 20 条 (2026/03/24 16:50:56 → 2026/03/24 16:05:38)
2026-05-20 10:55:35,513 [INFO]     第 10 页 20 条 (2026/03/24 16:05:12 → 2026/03/24 15:22:26)
2026-05-20 10:55:36,146 [INFO]     第 11 页 20 条 (2026/03/24 15:22:20 → 2026/03/24 15:06:13)
2026-05-20 10:55:36,952 [INFO]     第 12 页 20 条 (2026/03/24 15:05:50 → 2026/03/24 14:14:11)
2026-05-20 10:55:37,434 [INFO]     第 13 页 20 条 (2026/03/24 14:12:26 → 2026/03/24 13:27:26)
2026-05-20 10:55:38,112 [INFO]     第 14 页 20 条 (2026/03/24 13:26:13 → 2026/03/24 12:23:45)
2026-05-20 10:55:38,740 [INFO]     第 15 页 20 条 (2026/03/24 12:22:25 → 2026/03/24 11:17:25)
2026-05-20 10:55:39,473 [WARNING]     第16页第1次服务端错误提示, 等待重试
2026-05-20 10:55:41,040 [WARNING]     第16页第2次服务端错误提示, 等待重试
2026-05-20 10:55:44,223 [INFO]     第 16 页 20 条 (2026/03/24 11:15:40 → 2026/03/24 10:30:00)
2026-05-20 10:55:44,946 [INFO]     第 17 页 20 条 (2026/03/24 10:30:00 → 2026/03/24 09:54:53)
2026-05-20 10:55:44,948 [INFO]   ✓ 2026-03-24 10:02:25  折算价=689.43
2026-05-20 10:55:46,357 [INFO] === 2026-03-25 ===
2026-05-20 10:55:46,429 [INFO]   #1 OCR=rrz3
2026-05-20 10:55:46,646 [INFO]     第 1 页 20 条 (2026/03/25 23:57:34 → 2026/03/25 22:57:34)  共 21 页
2026-05-20 10:55:46,797 [INFO]     第 2 页 20 条 (2026/03/25 22:52:34 → 2026/03/25 22:06:24)
2026-05-20 10:55:47,571 [WARNING]     第3页第1次服务端错误提示, 等待重试
2026-05-20 10:55:49,140 [WARNING]     第3页第2次服务端错误提示, 等待重试
2026-05-20 10:55:52,299 [INFO]     第 3 页 20 条 (2026/03/25 22:05:15 → 2026/03/25 21:12:34)
2026-05-20 10:55:52,934 [INFO]     第 4 页 20 条 (2026/03/25 21:07:34 → 2026/03/25 20:12:33)
2026-05-20 10:55:53,632 [INFO]     第 5 页 20 条 (2026/03/25 20:07:33 → 2026/03/25 18:57:33)
2026-05-20 10:55:54,115 [INFO]     第 6 页 20 条 (2026/03/25 18:56:53 → 2026/03/25 17:47:20)
2026-05-20 10:55:54,925 [WARNING]     第7页第1次服务端错误提示, 等待重试
2026-05-20 10:55:56,588 [INFO]     第 7 页 20 条 (2026/03/25 17:46:24 → 2026/03/25 16:51:07)
2026-05-20 10:55:57,242 [INFO]     第 8 页 20 条 (2026/03/25 16:48:57 → 2026/03/25 16:18:37)
2026-05-20 10:55:58,021 [WARNING]     第9页第1次服务端错误提示, 等待重试
2026-05-20 10:55:59,671 [INFO]     第 9 页 20 条 (2026/03/25 16:17:32 → 2026/03/25 15:53:47)
2026-05-20 10:56:00,254 [INFO]     第 10 页 20 条 (2026/03/25 15:52:32 → 2026/03/25 15:12:32)
2026-05-20 10:56:01,086 [INFO]     第 11 页 20 条 (2026/03/25 15:09:48 → 2026/03/25 14:22:32)
2026-05-20 10:56:01,921 [INFO]     第 12 页 20 条 (2026/03/25 14:22:06 → 2026/03/25 13:22:32)
2026-05-20 10:56:02,529 [INFO]     第 13 页 20 条 (2026/03/25 13:17:32 → 2026/03/25 12:00:38)
2026-05-20 10:56:03,242 [INFO]     第 14 页 20 条 (2026/03/25 11:57:31 → 2026/03/25 10:58:21)
2026-05-20 10:56:03,757 [INFO]     第 15 页 20 条 (2026/03/25 10:57:31 → 2026/03/25 10:17:31)
2026-05-20 10:56:04,324 [WARNING]     第16页第1次服务端错误提示, 等待重试
2026-05-20 10:56:05,984 [INFO]     第 16 页 20 条 (2026/03/25 10:16:11 → 2026/03/25 09:37:17)
2026-05-20 10:56:05,986 [INFO]   ✓ 2026-03-25 10:00:09  折算价=689.11
2026-05-20 10:56:06,930 [INFO] === 2026-03-26 ===
2026-05-20 10:56:07,003 [INFO]   #1 OCR=qqtz
2026-05-20 10:56:07,195 [INFO]     第 1 页 20 条 (2026/03/26 23:57:40 → 2026/03/26 22:57:40)  共 18 页
2026-05-20 10:56:07,358 [INFO]     第 2 页 20 条 (2026/03/26 22:53:54 → 2026/03/26 22:11:55)
2026-05-20 10:56:08,166 [INFO]     第 3 页 20 条 (2026/03/26 22:07:40 → 2026/03/26 21:05:58)
2026-05-20 10:56:08,639 [INFO]     第 4 页 20 条 (2026/03/26 21:02:39 → 2026/03/26 19:47:39)
2026-05-20 10:56:09,339 [INFO]     第 5 页 20 条 (2026/03/26 19:42:39 → 2026/03/26 18:27:39)
2026-05-20 10:56:10,270 [INFO]     第 6 页 20 条 (2026/03/26 18:22:39 → 2026/03/26 17:19:13)
2026-05-20 10:56:11,201 [INFO]     第 7 页 20 条 (2026/03/26 17:18:42 → 2026/03/26 16:32:38)
2026-05-20 10:56:11,871 [INFO]     第 8 页 20 条 (2026/03/26 16:27:38 → 2026/03/26 15:24:08)
2026-05-20 10:56:12,427 [INFO]     第 9 页 20 条 (2026/03/26 15:22:38 → 2026/03/26 14:55:47)
2026-05-20 10:56:13,047 [INFO]     第 10 页 20 条 (2026/03/26 14:54:55 → 2026/03/26 14:05:06)
2026-05-20 10:56:13,663 [INFO]     第 11 页 20 条 (2026/03/26 14:02:38 → 2026/03/26 12:47:37)
2026-05-20 10:56:14,479 [INFO]     第 12 页 20 条 (2026/03/26 12:42:37 → 2026/03/26 11:17:37)
2026-05-20 10:56:15,096 [INFO]     第 13 页 20 条 (2026/03/26 11:12:37 → 2026/03/26 10:37:05)
2026-05-20 10:56:15,687 [INFO]     第 14 页 20 条 (2026/03/26 10:34:02 → 2026/03/26 10:00:52)
2026-05-20 10:56:16,425 [INFO]     第 15 页 20 条 (2026/03/26 09:57:37 → 2026/03/26 08:40:11)
2026-05-20 10:56:16,426 [INFO]   ✓ 2026-03-26 10:00:52  折算价=690.56
2026-05-20 10:56:17,674 [INFO] === 2026-03-27 ===
2026-05-20 10:56:17,745 [INFO]   #1 OCR=Pkfe
2026-05-20 10:56:17,941 [INFO]     第 1 页 20 条 (2026/03/27 23:58:54 → 2026/03/27 23:17:46)  共 16 页
2026-05-20 10:56:18,123 [INFO]     第 2 页 20 条 (2026/03/27 23:12:46 → 2026/03/27 21:42:45)
2026-05-20 10:56:18,925 [INFO]     第 3 页 20 条 (2026/03/27 21:39:49 → 2026/03/27 20:42:45)
2026-05-20 10:56:19,584 [INFO]     第 4 页 20 条 (2026/03/27 20:37:45 → 2026/03/27 19:27:45)
2026-05-20 10:56:20,492 [INFO]     第 5 页 20 条 (2026/03/27 19:22:45 → 2026/03/27 17:52:45)
2026-05-20 10:56:21,347 [INFO]     第 6 页 20 条 (2026/03/27 17:47:45 → 2026/03/27 16:52:44)
2026-05-20 10:56:21,811 [INFO]     第 7 页 20 条 (2026/03/27 16:47:44 → 2026/03/27 15:56:50)
2026-05-20 10:56:22,601 [INFO]     第 8 页 20 条 (2026/03/27 15:52:44 → 2026/03/27 14:57:44)
2026-05-20 10:56:23,454 [INFO]     第 9 页 20 条 (2026/03/27 14:52:44 → 2026/03/27 13:37:44)
2026-05-20 10:56:24,311 [INFO]     第 10 页 20 条 (2026/03/27 13:37:02 → 2026/03/27 12:17:43)
2026-05-20 10:56:25,338 [INFO]     第 11 页 20 条 (2026/03/27 12:12:43 → 2026/03/27 11:00:48)
2026-05-20 10:56:26,292 [INFO]     第 12 页 20 条 (2026/03/27 10:57:43 → 2026/03/27 10:17:21)
2026-05-20 10:56:29,067 [INFO]     第 13 页 20 条 (2026/03/27 10:12:43 → 2026/03/27 09:32:01)
2026-05-20 10:56:29,074 [INFO]   ✓ 2026-03-27 10:02:43  折算价=691.41
2026-05-20 10:56:29,081 [INFO] >>> 进度: 290/344 (84.3%) <<<
2026-05-20 10:56:30,229 [INFO] === 2026-03-28 ===
2026-05-20 10:56:30,305 [INFO]   #1 OCR=Bjqn
2026-05-20 10:56:30,654 [INFO]     第 1 页 20 条 (2026/03/28 10:30:00 → 2026/03/28 02:39:43)  共 5 页
2026-05-20 10:56:30,655 [INFO]   ✓ 2026-03-28 10:30:00  折算价=691.41
2026-05-20 10:56:31,835 [INFO] === 2026-03-29 ===
2026-05-20 10:56:31,905 [INFO]   #1 OCR=72zz
2026-05-20 10:56:32,079 [INFO]     第 1 页 8 条 (2026/03/29 10:30:00 → 2026/03/29 00:00:05)  共 1 页
2026-05-20 10:56:32,079 [INFO]   ✓ 2026-03-29 10:30:00  折算价=691.41
2026-05-20 10:56:33,084 [INFO] === 2026-03-30 ===
2026-05-20 10:56:33,153 [INFO]   #1 OCR=1gPw
2026-05-20 10:56:33,342 [INFO]     第 1 页 20 条 (2026/03/30 23:55:20 → 2026/03/30 23:05:20)  共 15 页
2026-05-20 10:56:33,496 [INFO]     第 2 页 20 条 (2026/03/30 23:00:20 → 2026/03/30 21:50:19)
2026-05-20 10:56:33,990 [INFO]     第 3 页 20 条 (2026/03/30 21:45:19 → 2026/03/30 20:55:19)
2026-05-20 10:56:34,708 [INFO]     第 4 页 20 条 (2026/03/30 20:50:19 → 2026/03/30 19:35:19)
2026-05-20 10:56:35,534 [INFO]     第 5 页 20 条 (2026/03/30 19:30:19 → 2026/03/30 18:15:19)
2026-05-20 10:56:35,989 [INFO]     第 6 页 20 条 (2026/03/30 18:10:19 → 2026/03/30 16:55:18)
2026-05-20 10:56:36,741 [INFO]     第 7 页 20 条 (2026/03/30 16:50:18 → 2026/03/30 15:50:18)
2026-05-20 10:56:37,199 [INFO]     第 8 页 20 条 (2026/03/30 15:45:18 → 2026/03/30 15:02:31)
2026-05-20 10:56:38,020 [WARNING]     第9页第1次服务端错误提示, 等待重试
2026-05-20 10:56:39,592 [WARNING]     第9页第2次服务端错误提示, 等待重试
2026-05-20 10:56:42,729 [INFO]     第 9 页 20 条 (2026/03/30 15:01:30 → 2026/03/30 14:13:50)
2026-05-20 10:56:43,500 [INFO]     第 10 页 20 条 (2026/03/30 14:10:18 → 2026/03/30 13:35:17)
2026-05-20 10:56:44,172 [INFO]     第 11 页 20 条 (2026/03/30 13:33:40 → 2026/03/30 12:05:17)
2026-05-20 10:56:44,913 [WARNING]     第12页第1次服务端错误提示, 等待重试
2026-05-20 10:56:46,633 [INFO]     第 12 页 20 条 (2026/03/30 12:01:25 → 2026/03/30 11:17:56)
2026-05-20 10:56:47,448 [INFO]     第 13 页 20 条 (2026/03/30 11:15:17 → 2026/03/30 10:30:00)
2026-05-20 10:56:48,349 [INFO]     第 14 页 20 条 (2026/03/30 10:25:17 → 2026/03/30 09:45:16)
2026-05-20 10:56:48,351 [INFO]   ✓ 2026-03-30 10:00:17  折算价=692.23
2026-05-20 10:56:49,648 [INFO] === 2026-03-31 ===
2026-05-20 10:56:49,763 [INFO]   #1 OCR=uxj
2026-05-20 10:56:49,954 [INFO]   #1 验证码/服务端错误
2026-05-20 10:56:50,103 [INFO]   #2 OCR=96Dg
2026-05-20 10:56:50,304 [INFO]   #2 验证码/服务端错误
2026-05-20 10:56:50,376 [INFO]   #3 OCR=Gsh9
2026-05-20 10:56:50,570 [INFO]   #3 验证码/服务端错误
2026-05-20 10:56:50,718 [INFO]   #4 OCR=vmvc
2026-05-20 10:56:50,937 [INFO]     第 1 页 20 条 (2026/03/31 23:55:26 → 2026/03/31 23:10:08)  共 19 页
2026-05-20 10:56:51,135 [INFO]     第 2 页 20 条 (2026/03/31 23:07:17 → 2026/03/31 22:50:26)
2026-05-20 10:56:51,970 [INFO]     第 3 页 20 条 (2026/03/31 22:46:38 → 2026/03/31 22:05:26)
2026-05-20 10:56:52,376 [WARNING]     第4页第1次服务端错误提示, 等待重试
2026-05-20 10:56:54,020 [INFO]     第 4 页 20 条 (2026/03/31 22:05:06 → 2026/03/31 21:08:56)
2026-05-20 10:56:54,630 [INFO]     第 5 页 20 条 (2026/03/31 21:06:49 → 2026/03/31 20:10:45)
2026-05-20 10:56:55,264 [INFO]     第 6 页 20 条 (2026/03/31 20:10:25 → 2026/03/31 19:26:37)
2026-05-20 10:56:55,991 [INFO]     第 7 页 20 条 (2026/03/31 19:25:25 → 2026/03/31 18:35:25)
2026-05-20 10:56:56,544 [INFO]     第 8 页 20 条 (2026/03/31 18:30:25 → 2026/03/31 17:20:20)
2026-05-20 10:56:57,017 [INFO]     第 9 页 20 条 (2026/03/31 17:15:24 → 2026/03/31 16:12:17)
2026-05-20 10:56:57,710 [INFO]     第 10 页 20 条 (2026/03/31 16:10:24 → 2026/03/31 15:00:24)
2026-05-20 10:56:58,488 [INFO]     第 11 页 20 条 (2026/03/31 14:55:24 → 2026/03/31 14:05:24)
2026-05-20 10:56:59,390 [INFO]     第 12 页 20 条 (2026/03/31 14:00:24 → 2026/03/31 13:05:23)
2026-05-20 10:57:00,171 [INFO]     第 13 页 20 条 (2026/03/31 13:00:23 → 2026/03/31 11:48:05)
2026-05-20 10:57:00,750 [INFO]     第 14 页 20 条 (2026/03/31 11:47:27 → 2026/03/31 10:50:23)
2026-05-20 10:57:01,610 [INFO]     第 15 页 20 条 (2026/03/31 10:46:31 → 2026/03/31 10:12:16)
2026-05-20 10:57:02,549 [INFO]     第 16 页 20 条 (2026/03/31 10:10:27 → 2026/03/31 09:45:22)
2026-05-20 10:57:02,551 [INFO]   ✓ 2026-03-31 10:00:23  折算价=691.94
2026-05-20 10:57:04,007 [INFO] === 2026-04-01 ===
2026-05-20 10:57:04,076 [INFO]   #1 OCR=aMzo
2026-05-20 10:57:04,208 [INFO]   #1 验证码/服务端错误
2026-05-20 10:57:04,276 [INFO]   #2 OCR=hhzg
2026-05-20 10:57:04,484 [INFO]     第 1 页 20 条 (2026/04/01 23:55:32 → 2026/04/01 22:40:32)  共 22 页
2026-05-20 10:57:04,621 [INFO]     第 2 页 20 条 (2026/04/01 22:39:53 → 2026/04/01 21:45:32)
2026-05-20 10:57:05,180 [INFO]     第 3 页 20 条 (2026/04/01 21:43:06 → 2026/04/01 20:55:31)
2026-05-20 10:57:05,677 [INFO]     第 4 页 20 条 (2026/04/01 20:51:49 → 2026/04/01 20:15:31)
2026-05-20 10:57:06,331 [INFO]     第 5 页 20 条 (2026/04/01 20:10:31 → 2026/04/01 18:45:31)
2026-05-20 10:57:06,892 [INFO]     第 6 页 20 条 (2026/04/01 18:40:31 → 2026/04/01 17:33:51)
2026-05-20 10:57:07,464 [INFO]     第 7 页 20 条 (2026/04/01 17:30:30 → 2026/04/01 16:42:56)
2026-05-20 10:57:07,952 [INFO]     第 8 页 20 条 (2026/04/01 16:40:30 → 2026/04/01 16:05:30)
2026-05-20 10:57:08,466 [INFO]     第 9 页 20 条 (2026/04/01 16:04:34 → 2026/04/01 15:39:10)
2026-05-20 10:57:09,316 [INFO]     第 10 页 20 条 (2026/04/01 15:38:43 → 2026/04/01 15:11:23)
2026-05-20 10:57:09,783 [INFO]     第 11 页 20 条 (2026/04/01 15:10:30 → 2026/04/01 14:36:04)
2026-05-20 10:57:10,464 [INFO]     第 12 页 20 条 (2026/04/01 14:35:30 → 2026/04/01 14:20:30)
2026-05-20 10:57:11,196 [INFO]     第 13 页 20 条 (2026/04/01 14:15:30 → 2026/04/01 13:00:29)
2026-05-20 10:57:11,680 [INFO]     第 14 页 20 条 (2026/04/01 12:55:29 → 2026/04/01 11:41:36)
2026-05-20 10:57:12,522 [INFO]     第 15 页 20 条 (2026/04/01 11:40:29 → 2026/04/01 10:51:44)
2026-05-20 10:57:13,041 [INFO]     第 16 页 20 条 (2026/04/01 10:50:29 → 2026/04/01 10:14:55)
2026-05-20 10:57:14,001 [INFO]     第 17 页 20 条 (2026/04/01 10:13:30 → 2026/04/01 09:37:04)
2026-05-20 10:57:14,003 [INFO]   ✓ 2026-04-01 10:00:29  折算价=690.25
2026-05-20 10:57:15,466 [INFO] === 2026-04-02 ===
2026-05-20 10:57:15,536 [INFO]   #1 OCR=sihX
2026-05-20 10:57:15,746 [INFO]     第 1 页 20 条 (2026/04/02 23:58:43 → 2026/04/02 23:05:38)  共 19 页
2026-05-20 10:57:15,900 [INFO]     第 2 页 20 条 (2026/04/02 23:05:02 → 2026/04/02 22:38:00)
2026-05-20 10:57:16,440 [INFO]     第 3 页 20 条 (2026/04/02 22:37:04 → 2026/04/02 21:50:38)
2026-05-20 10:57:17,227 [INFO]     第 4 页 20 条 (2026/04/02 21:46:43 → 2026/04/02 20:35:37)
2026-05-20 10:57:18,133 [INFO]     第 5 页 20 条 (2026/04/02 20:30:37 → 2026/04/02 19:20:37)
2026-05-20 10:57:18,701 [INFO]     第 6 页 20 条 (2026/04/02 19:15:37 → 2026/04/02 18:00:37)
2026-05-20 10:57:19,592 [INFO]     第 7 页 20 条 (2026/04/02 17:59:59 → 2026/04/02 16:50:36)
2026-05-20 10:57:20,074 [INFO]     第 8 页 20 条 (2026/04/02 16:45:36 → 2026/04/02 15:55:36)
2026-05-20 10:57:20,946 [INFO]     第 9 页 20 条 (2026/04/02 15:50:36 → 2026/04/02 15:13:31)
2026-05-20 10:57:21,665 [INFO]     第 10 页 20 条 (2026/04/02 15:10:36 → 2026/04/02 14:10:36)
2026-05-20 10:57:22,164 [INFO]     第 11 页 20 条 (2026/04/02 14:05:36 → 2026/04/02 13:00:35)
2026-05-20 10:57:22,875 [INFO]     第 12 页 20 条 (2026/04/02 12:55:35 → 2026/04/02 11:30:35)
2026-05-20 10:57:23,361 [INFO]     第 13 页 20 条 (2026/04/02 11:25:35 → 2026/04/02 10:30:00)
2026-05-20 10:57:24,293 [INFO]     第 14 页 20 条 (2026/04/02 10:30:00 → 2026/04/02 09:42:57)
2026-05-20 10:57:24,294 [INFO]   ✓ 2026-04-02 10:00:35  折算价=688.8
2026-05-20 10:57:25,391 [INFO] === 2026-04-03 ===
2026-05-20 10:57:25,463 [INFO]   #1 OCR=wp2w
2026-05-20 10:57:25,582 [INFO]   #1 验证码/服务端错误
2026-05-20 10:57:25,651 [INFO]   #2 OCR=xb2m
2026-05-20 10:57:25,845 [INFO]     第 1 页 20 条 (2026/04/03 23:55:44 → 2026/04/03 22:30:44)  共 16 页
2026-05-20 10:57:25,987 [INFO]     第 2 页 20 条 (2026/04/03 22:28:14 → 2026/04/03 21:20:44)
2026-05-20 10:57:26,598 [INFO]     第 3 页 20 条 (2026/04/03 21:19:26 → 2026/04/03 20:05:43)
2026-05-20 10:57:28,877 [INFO]     第 4 页 20 条 (2026/04/03 20:00:43 → 2026/04/03 18:30:43)
2026-05-20 10:57:29,462 [WARNING]     第5页第1次服务端错误提示, 等待重试
2026-05-20 10:57:31,118 [INFO]     第 5 页 20 条 (2026/04/03 18:25:43 → 2026/04/03 17:00:43)
2026-05-20 10:57:31,980 [INFO]     第 6 页 20 条 (2026/04/03 16:55:43 → 2026/04/03 15:45:42)
2026-05-20 10:57:32,929 [INFO]     第 7 页 20 条 (2026/04/03 15:40:42 → 2026/04/03 15:01:32)
2026-05-20 10:57:33,794 [INFO]     第 8 页 20 条 (2026/04/03 15:01:11 → 2026/04/03 14:05:42)
2026-05-20 10:57:34,634 [INFO]     第 9 页 20 条 (2026/04/03 14:00:42 → 2026/04/03 12:40:42)
2026-05-20 10:57:35,287 [INFO]     第 10 页 20 条 (2026/04/03 12:35:41 → 2026/04/03 11:18:48)
2026-05-20 10:57:35,775 [INFO]     第 11 页 20 条 (2026/04/03 11:17:29 → 2026/04/03 10:23:47)
2026-05-20 10:57:36,261 [INFO]     第 12 页 20 条 (2026/04/03 10:23:21 → 2026/04/03 09:53:05)
2026-05-20 10:57:36,263 [INFO]   ✓ 2026-04-03 10:00:41  折算价=689.29
2026-05-20 10:57:37,163 [INFO] === 2026-04-04 ===
2026-05-20 10:57:37,237 [INFO]   #1 OCR=D4cr
2026-05-20 10:57:37,365 [INFO]   #1 验证码/服务端错误
2026-05-20 10:57:37,450 [INFO]   #2 OCR=7yfs
2026-05-20 10:57:37,636 [INFO]     第 1 页 20 条 (2026/04/04 10:30:00 → 2026/04/04 01:55:45)  共 3 页
2026-05-20 10:57:37,637 [INFO]   ✓ 2026-04-04 10:30:00  折算价=689.29
2026-05-20 10:57:39,125 [INFO] === 2026-04-05 ===
2026-05-20 10:57:39,197 [INFO]   #1 OCR=5Jin
2026-05-20 10:57:39,408 [INFO]     第 1 页 6 条 (2026/04/05 10:30:00 → 2026/04/05 00:00:05)  共 1 页
2026-05-20 10:57:39,408 [INFO]   ✓ 2026-04-05 10:30:00  折算价=689.29
2026-05-20 10:57:40,382 [INFO] === 2026-04-06 ===
2026-05-20 10:57:40,451 [INFO]   #1 OCR=t7bz
2026-05-20 10:57:40,595 [INFO]   #1 验证码/服务端错误
2026-05-20 10:57:40,664 [INFO]   #2 OCR=8jcr
2026-05-20 10:57:40,883 [INFO]     第 1 页 20 条 (2026/04/06 21:33:51 → 2026/04/06 20:06:03)  共 10 页
2026-05-20 10:57:41,025 [INFO]     第 2 页 20 条 (2026/04/06 20:01:03 → 2026/04/06 18:36:02)
2026-05-20 10:57:41,719 [INFO]     第 3 页 20 条 (2026/04/06 18:31:02 → 2026/04/06 17:01:02)
2026-05-20 10:57:42,281 [INFO]     第 4 页 20 条 (2026/04/06 16:56:02 → 2026/04/06 15:36:02)
2026-05-20 10:57:43,192 [INFO]     第 5 页 20 条 (2026/04/06 15:31:02 → 2026/04/06 14:16:01)
2026-05-20 10:57:43,733 [WARNING]     第6页第1次服务端错误提示, 等待重试
2026-05-20 10:57:45,373 [INFO]     第 6 页 20 条 (2026/04/06 14:11:01 → 2026/04/06 12:21:01)
2026-05-20 10:57:45,887 [INFO]     第 7 页 20 条 (2026/04/06 12:16:01 → 2026/04/06 10:30:00)
2026-05-20 10:57:46,539 [WARNING]     第8页第1次服务端错误提示, 等待重试
2026-05-20 10:57:48,187 [INFO]     第 8 页 20 条 (2026/04/06 10:30:00 → 2026/04/06 09:06:00)
2026-05-20 10:57:48,188 [INFO]   ✓ 2026-04-06 10:01:00  折算价=689.29
2026-05-20 10:57:48,190 [INFO] >>> 进度: 300/344 (87.2%) <<<
2026-05-20 10:57:49,278 [INFO] --- 定期刷新 session (已处理 300 天) ---
2026-05-20 10:57:49,528 [INFO] === 2026-04-07 ===
2026-05-20 10:57:49,576 [INFO]   #1 OCR=mgMs
2026-05-20 10:57:49,671 [INFO]   #1 验证码/服务端错误
2026-05-20 10:57:49,722 [INFO]   #2 OCR=ykui
2026-05-20 10:57:49,841 [INFO]     第 1 页 20 条 (2026/04/07 23:59:48 → 2026/04/07 22:59:41)  共 18 页
2026-05-20 10:57:49,962 [INFO]     第 2 页 20 条 (2026/04/07 22:56:10 → 2026/04/07 21:51:09)
2026-05-20 10:57:50,796 [INFO]     第 3 页 20 条 (2026/04/07 21:46:09 → 2026/04/07 21:04:49)
2026-05-20 10:57:51,660 [INFO]     第 4 页 20 条 (2026/04/07 21:03:11 → 2026/04/07 20:11:09)
2026-05-20 10:57:52,462 [INFO]     第 5 页 20 条 (2026/04/07 20:10:27 → 2026/04/07 19:07:35)
2026-05-20 10:57:53,342 [INFO]     第 6 页 20 条 (2026/04/07 19:06:09 → 2026/04/07 18:14:03)
2026-05-20 10:57:53,899 [INFO]     第 7 页 20 条 (2026/04/07 18:11:08 → 2026/04/07 17:26:08)
2026-05-20 10:57:54,742 [INFO]     第 8 页 20 条 (2026/04/07 17:21:08 → 2026/04/07 16:43:47)
2026-05-20 10:57:55,533 [INFO]     第 9 页 20 条 (2026/04/07 16:41:59 → 2026/04/07 16:16:55)
2026-05-20 10:57:56,275 [INFO]     第 10 页 20 条 (2026/04/07 16:16:29 → 2026/04/07 16:02:03)
2026-05-20 10:57:56,863 [INFO]     第 11 页 20 条 (2026/04/07 16:01:08 → 2026/04/07 15:11:08)
2026-05-20 10:57:57,298 [INFO]     第 12 页 20 条 (2026/04/07 15:08:35 → 2026/04/07 14:08:43)
2026-05-20 10:57:58,129 [INFO]     第 13 页 20 条 (2026/04/07 14:06:07 → 2026/04/07 13:11:07)
2026-05-20 10:57:58,935 [INFO]     第 14 页 20 条 (2026/04/07 13:06:07 → 2026/04/07 11:41:07)
2026-05-20 10:57:59,728 [INFO]     第 15 页 20 条 (2026/04/07 11:36:07 → 2026/04/07 10:30:00)
2026-05-20 10:58:00,287 [INFO]     第 16 页 20 条 (2026/04/07 10:30:00 → 2026/04/07 09:51:06)
2026-05-20 10:58:00,289 [INFO]   ✓ 2026-04-07 10:01:06  折算价=688.54
2026-05-20 10:58:01,610 [INFO] === 2026-04-08 ===
2026-05-20 10:58:01,656 [INFO]   #1 OCR=mta
2026-05-20 10:58:01,772 [INFO]   #1 验证码/服务端错误
2026-05-20 10:58:01,825 [INFO]   #2 OCR=xfa
2026-05-20 10:58:01,937 [INFO]   #2 验证码/服务端错误
2026-05-20 10:58:01,987 [INFO]   #3 OCR=i5av
2026-05-20 10:58:02,183 [INFO]     第 1 页 20 条 (2026/04/08 23:58:56 → 2026/04/08 23:01:16)  共 22 页
2026-05-20 10:58:02,321 [INFO]     第 2 页 20 条 (2026/04/08 22:59:27 → 2026/04/08 22:06:21)
2026-05-20 10:58:03,230 [INFO]     第 3 页 20 条 (2026/04/08 22:01:16 → 2026/04/08 21:21:16)
2026-05-20 10:58:03,755 [INFO]     第 4 页 20 条 (2026/04/08 21:16:15 → 2026/04/08 20:21:36)
2026-05-20 10:58:04,310 [INFO]     第 5 页 20 条 (2026/04/08 20:21:15 → 2026/04/08 19:26:15)
2026-05-20 10:58:05,133 [INFO]     第 6 页 20 条 (2026/04/08 19:25:14 → 2026/04/08 18:01:15)
2026-05-20 10:58:05,890 [INFO]     第 7 页 20 条 (2026/04/08 17:57:22 → 2026/04/08 17:20:08)
2026-05-20 10:58:06,459 [INFO]     第 8 页 20 条 (2026/04/08 17:19:31 → 2026/04/08 16:43:07)
2026-05-20 10:58:06,876 [INFO]     第 9 页 20 条 (2026/04/08 16:42:37 → 2026/04/08 15:56:14)
2026-05-20 10:58:07,441 [INFO]     第 10 页 20 条 (2026/04/08 15:51:14 → 2026/04/08 15:01:14)
2026-05-20 10:58:08,343 [INFO]     第 11 页 20 条 (2026/04/08 14:58:12 → 2026/04/08 14:01:14)
2026-05-20 10:58:09,227 [INFO]     第 12 页 20 条 (2026/04/08 13:58:41 → 2026/04/08 13:27:32)
2026-05-20 10:58:09,959 [INFO]     第 13 页 20 条 (2026/04/08 13:26:13 → 2026/04/08 12:26:13)
2026-05-20 10:58:10,713 [INFO]     第 14 页 20 条 (2026/04/08 12:21:13 → 2026/04/08 11:36:13)
2026-05-20 10:58:11,396 [WARNING]     第15页第1次服务端错误提示, 等待重试
2026-05-20 10:58:12,948 [WARNING]     第15页第2次服务端错误提示, 等待重试
2026-05-20 10:58:16,089 [INFO]     第 15 页 20 条 (2026/04/08 11:34:59 → 2026/04/08 11:00:49)
2026-05-20 10:58:16,787 [WARNING]     第16页第1次服务端错误提示, 等待重试
2026-05-20 10:58:18,330 [WARNING]     第16页第2次服务端错误提示, 等待重试
2026-05-20 10:58:21,373 [WARNING]     第16页第3次服务端错误提示, 等待重试
2026-05-20 10:58:25,874 [WARNING]   第16页重试全部失败 → 重取验证码重启
2026-05-20 10:58:25,927 [INFO]   #4 OCR=L84s
2026-05-20 10:58:26,021 [INFO]   #4 验证码/服务端错误
2026-05-20 10:58:26,074 [INFO]   #5 OCR=yJfe
2026-05-20 10:58:26,244 [INFO]     第 1 页 20 条 (2026/04/08 23:58:56 → 2026/04/08 23:01:16)  共 22 页
2026-05-20 10:58:26,364 [INFO]     第 2 页 20 条 (2026/04/08 22:59:27 → 2026/04/08 22:06:21)
2026-05-20 10:58:29,243 [INFO]     第 3 页 20 条 (2026/04/08 22:01:16 → 2026/04/08 21:21:16)
2026-05-20 10:58:29,760 [WARNING]     第4页第1次服务端错误提示, 等待重试
2026-05-20 10:58:31,303 [WARNING]     第4页第2次服务端错误提示, 等待重试
2026-05-20 10:58:34,347 [WARNING]     第4页第3次服务端错误提示, 等待重试
2026-05-20 10:58:38,848 [WARNING]   第4页重试全部失败 → 重取验证码重启
2026-05-20 10:58:38,902 [INFO]   #6 OCR=xF3v
2026-05-20 10:58:39,000 [INFO]   #6 验证码/服务端错误
2026-05-20 10:58:39,052 [INFO]   #7 OCR=etdk
2026-05-20 10:58:39,146 [INFO]   #7 验证码/服务端错误
2026-05-20 10:58:39,191 [INFO]   #8 OCR=36ax
2026-05-20 10:58:39,284 [INFO]   #8 验证码/服务端错误
2026-05-20 10:58:39,284 [ERROR]   ✗ 2026-04-08 已重试 8 次, 跳过
2026-05-20 10:58:40,571 [INFO] === 2026-04-09 ===
2026-05-20 10:58:40,625 [INFO]   #1 OCR=A2hc
2026-05-20 10:58:40,788 [INFO]     第 1 页 20 条 (2026/04/09 23:59:01 → 2026/04/09 23:15:18)  共 19 页
2026-05-20 10:58:40,840 [WARNING]     第2页第1次服务端错误提示, 等待重试
2026-05-20 10:58:42,468 [INFO]     第 2 页 20 条 (2026/04/09 23:11:22 → 2026/04/09 22:01:22)
2026-05-20 10:58:42,856 [WARNING]     第3页第1次服务端错误提示, 等待重试
2026-05-20 10:58:44,403 [WARNING]     第3页第2次服务端错误提示, 等待重试
2026-05-20 10:58:47,553 [INFO]     第 3 页 20 条 (2026/04/09 21:56:22 → 2026/04/09 20:45:00)
2026-05-20 10:58:48,442 [INFO]     第 4 页 20 条 (2026/04/09 20:42:04 → 2026/04/09 19:44:29)
2026-05-20 10:58:49,215 [WARNING]     第5页第1次服务端错误提示, 等待重试
2026-05-20 10:58:50,843 [INFO]     第 5 页 20 条 (2026/04/09 19:41:21 → 2026/04/09 18:26:21)
2026-05-20 10:58:51,577 [INFO]     第 6 页 20 条 (2026/04/09 18:21:21 → 2026/04/09 17:11:21)
2026-05-20 10:58:52,150 [INFO]     第 7 页 20 条 (2026/04/09 17:06:21 → 2026/04/09 16:28:26)
2026-05-20 10:58:52,773 [INFO]     第 8 页 20 条 (2026/04/09 16:26:20 → 2026/04/09 15:46:20)
2026-05-20 10:58:53,297 [INFO]     第 9 页 20 条 (2026/04/09 15:42:26 → 2026/04/09 15:10:11)
2026-05-20 10:58:53,778 [INFO]     第 10 页 20 条 (2026/04/09 15:08:56 → 2026/04/09 14:16:20)
2026-05-20 10:58:54,666 [INFO]     第 11 页 20 条 (2026/04/09 14:12:54 → 2026/04/09 13:15:59)
2026-05-20 10:58:55,425 [INFO]     第 12 页 20 条 (2026/04/09 13:11:19 → 2026/04/09 12:06:19)
2026-05-20 10:58:56,032 [INFO]     第 13 页 20 条 (2026/04/09 12:01:19 → 2026/04/09 10:51:19)
2026-05-20 10:58:56,494 [INFO]     第 14 页 20 条 (2026/04/09 10:48:03 → 2026/04/09 10:11:48)
2026-05-20 10:58:57,365 [INFO]     第 15 页 20 条 (2026/04/09 10:11:19 → 2026/04/09 09:41:19)
2026-05-20 10:58:57,367 [INFO]   ✓ 2026-04-09 10:01:19  折算价=686.49
2026-05-20 10:58:58,344 [INFO] === 2026-04-10 ===
2026-05-20 10:58:58,395 [INFO]   #1 OCR=E70d
2026-05-20 10:58:58,515 [INFO]   #1 验证码/服务端错误
2026-05-20 10:58:58,565 [INFO]   #2 OCR=qqcF
2026-05-20 10:58:58,676 [INFO]   #2 验证码/服务端错误
2026-05-20 10:58:58,726 [INFO]   #3 OCR=abkc
2026-05-20 10:58:58,838 [INFO]   #3 验证码/服务端错误
2026-05-20 10:58:58,888 [INFO]   #4 OCR=svb
2026-05-20 10:58:59,011 [INFO]   #4 验证码/服务端错误
2026-05-20 10:58:59,060 [INFO]   #5 OCR=gusf
2026-05-20 10:58:59,274 [INFO]     第 1 页 20 条 (2026/04/10 23:56:29 → 2026/04/10 22:51:28)  共 15 页
2026-05-20 10:58:59,426 [INFO]     第 2 页 20 条 (2026/04/10 22:50:07 → 2026/04/10 21:35:16)
2026-05-20 10:59:00,347 [INFO]     第 3 页 20 条 (2026/04/10 21:31:28 → 2026/04/10 20:06:28)
2026-05-20 10:59:01,280 [INFO]     第 4 页 20 条 (2026/04/10 20:01:28 → 2026/04/10 18:26:27)
2026-05-20 10:59:01,982 [INFO]     第 5 页 20 条 (2026/04/10 18:21:27 → 2026/04/10 17:21:27)
2026-05-20 10:59:02,863 [INFO]     第 6 页 20 条 (2026/04/10 17:20:58 → 2026/04/10 16:20:25)
2026-05-20 10:59:03,763 [INFO]     第 7 页 20 条 (2026/04/10 16:18:29 → 2026/04/10 15:16:26)
2026-05-20 10:59:04,353 [INFO]     第 8 页 20 条 (2026/04/10 15:14:16 → 2026/04/10 14:16:26)
2026-05-20 10:59:04,790 [INFO]     第 9 页 20 条 (2026/04/10 14:11:26 → 2026/04/10 12:46:25)
2026-05-20 10:59:05,670 [INFO]     第 10 页 20 条 (2026/04/10 12:41:25 → 2026/04/10 11:11:25)
2026-05-20 10:59:06,195 [INFO]     第 11 页 20 条 (2026/04/10 11:06:25 → 2026/04/10 10:16:25)
2026-05-20 10:59:06,730 [INFO]     第 12 页 20 条 (2026/04/10 10:12:48 → 2026/04/10 09:40:19)
2026-05-20 10:59:06,732 [INFO]   ✓ 2026-04-10 10:01:25  折算价=686.54
2026-05-20 10:59:07,843 [INFO] === 2026-04-11 ===
2026-05-20 10:59:07,890 [INFO]   #1 OCR=GLsL
2026-05-20 10:59:08,047 [INFO]     第 1 页 20 条 (2026/04/11 10:30:00 → 2026/04/11 01:46:29)  共 3 页
2026-05-20 10:59:08,047 [INFO]   ✓ 2026-04-11 10:30:00  折算价=686.54
2026-05-20 10:59:09,301 [INFO] === 2026-04-12 ===
2026-05-20 10:59:09,345 [INFO]   #1 OCR=g2fd
2026-05-20 10:59:09,545 [INFO]     第 1 页 6 条 (2026/04/12 10:30:00 → 2026/04/12 00:00:05)  共 1 页
2026-05-20 10:59:09,545 [INFO]   ✓ 2026-04-12 10:30:00  折算价=686.54
2026-05-20 10:59:10,483 [INFO] === 2026-04-13 ===
2026-05-20 10:59:10,534 [INFO]   #1 OCR=e1qv
2026-05-20 10:59:10,649 [INFO]   #1 验证码/服务端错误
2026-05-20 10:59:10,696 [INFO]   #2 OCR=aDli
2026-05-20 10:59:10,899 [INFO]     第 1 页 20 条 (2026/04/13 23:56:49 → 2026/04/13 22:36:48)  共 13 页
2026-05-20 10:59:11,012 [INFO]     第 2 页 20 条 (2026/04/13 22:31:48 → 2026/04/13 21:36:48)
2026-05-20 10:59:11,577 [INFO]     第 3 页 20 条 (2026/04/13 21:31:48 → 2026/04/13 20:01:48)
2026-05-20 10:59:12,232 [INFO]     第 4 页 20 条 (2026/04/13 19:56:47 → 2026/04/13 18:21:47)
2026-05-20 10:59:12,763 [INFO]     第 5 页 20 条 (2026/04/13 18:16:47 → 2026/04/13 17:11:47)
2026-05-20 10:59:13,520 [INFO]     第 6 页 20 条 (2026/04/13 17:08:18 → 2026/04/13 15:51:46)
2026-05-20 10:59:14,076 [INFO]     第 7 页 20 条 (2026/04/13 15:46:46 → 2026/04/13 14:51:46)
2026-05-20 10:59:14,826 [INFO]     第 8 页 20 条 (2026/04/13 14:46:46 → 2026/04/13 13:21:46)
2026-05-20 10:59:15,592 [INFO]     第 9 页 20 条 (2026/04/13 13:16:46 → 2026/04/13 11:41:45)
2026-05-20 10:59:16,047 [INFO]     第 10 页 20 条 (2026/04/13 11:36:45 → 2026/04/13 10:26:45)
2026-05-20 10:59:16,572 [INFO]     第 11 页 20 条 (2026/04/13 10:21:45 → 2026/04/13 09:41:45)
2026-05-20 10:59:16,573 [INFO]   ✓ 2026-04-13 10:01:45  折算价=686.57
2026-05-20 10:59:17,546 [INFO] === 2026-04-14 ===
2026-05-20 10:59:17,597 [INFO]   #1 OCR=Toiu
2026-05-20 10:59:17,793 [INFO]     第 1 页 20 条 (2026/04/14 23:56:55 → 2026/04/14 22:31:55)  共 14 页
2026-05-20 10:59:17,833 [WARNING]     第2页第1次服务端错误提示, 等待重试
2026-05-20 10:59:19,444 [INFO]     第 2 页 20 条 (2026/04/14 22:26:55 → 2026/04/14 21:01:54)
2026-05-20 10:59:20,150 [INFO]     第 3 页 20 条 (2026/04/14 20:56:54 → 2026/04/14 19:51:54)
2026-05-20 10:59:20,709 [WARNING]     第4页第1次服务端错误提示, 等待重试
2026-05-20 10:59:22,251 [WARNING]     第4页第2次服务端错误提示, 等待重试
2026-05-20 10:59:25,294 [WARNING]     第4页第3次服务端错误提示, 等待重试
2026-05-20 10:59:29,795 [WARNING]   第4页重试全部失败 → 重取验证码重启
2026-05-20 10:59:29,851 [INFO]   #2 OCR=hdbb
2026-05-20 10:59:30,086 [INFO]     第 1 页 20 条 (2026/04/14 23:56:55 → 2026/04/14 22:31:55)  共 14 页
2026-05-20 10:59:30,126 [WARNING]     第2页第1次服务端错误提示, 等待重试
2026-05-20 10:59:31,673 [WARNING]     第2页第2次服务端错误提示, 等待重试
2026-05-20 10:59:34,716 [WARNING]     第2页第3次服务端错误提示, 等待重试
2026-05-20 10:59:39,216 [WARNING]   第2页重试全部失败 → 重取验证码重启
2026-05-20 10:59:39,266 [INFO]   #3 OCR=oq3k
2026-05-20 10:59:39,381 [INFO]   #3 验证码/服务端错误
2026-05-20 10:59:39,425 [INFO]   #4 OCR=A1dh
2026-05-20 10:59:39,538 [INFO]   #4 验证码/服务端错误
2026-05-20 10:59:39,583 [INFO]   #5 OCR=vo6o
2026-05-20 10:59:39,700 [INFO]   #5 验证码/服务端错误
2026-05-20 10:59:39,753 [INFO]   #6 OCR=Hkve
2026-05-20 10:59:39,872 [INFO]   #6 验证码/服务端错误
2026-05-20 10:59:39,928 [INFO]   #7 OCR=STCM
2026-05-20 10:59:40,041 [INFO]   #7 验证码/服务端错误
2026-05-20 10:59:40,085 [INFO]   #8 OCR=iqs5
2026-05-20 10:59:40,203 [INFO]   #8 验证码/服务端错误
2026-05-20 10:59:40,203 [ERROR]   ✗ 2026-04-14 已重试 8 次, 跳过
2026-05-20 10:59:41,335 [INFO] === 2026-04-15 ===
2026-05-20 10:59:41,381 [INFO]   #1 OCR=cTHR
2026-05-20 10:59:41,428 [INFO]   #1 验证码/服务端错误
2026-05-20 10:59:41,483 [INFO]   #2 OCR=oIUM
2026-05-20 10:59:41,531 [INFO]   #2 验证码/服务端错误
2026-05-20 10:59:41,584 [INFO]   #3 OCR=hv6z
2026-05-20 10:59:41,632 [INFO]   #3 验证码/服务端错误
2026-05-20 10:59:41,682 [INFO]   #4 OCR=ike7
2026-05-20 10:59:41,726 [INFO]   #4 验证码/服务端错误
2026-05-20 10:59:41,777 [INFO]   #5 OCR=cL7g
2026-05-20 10:59:41,821 [INFO]   #5 验证码/服务端错误
2026-05-20 10:59:41,884 [INFO]   #6 OCR=kDcu
2026-05-20 10:59:41,949 [INFO]   #6 验证码/服务端错误
2026-05-20 10:59:42,015 [INFO]   #7 OCR=u39c
2026-05-20 10:59:42,058 [INFO]   #7 验证码/服务端错误
2026-05-20 10:59:42,105 [INFO]   #8 OCR=qdRr
2026-05-20 10:59:42,167 [INFO]   #8 验证码/服务端错误
2026-05-20 10:59:42,167 [ERROR]   ✗ 2026-04-15 已重试 8 次, 跳过
2026-05-20 10:59:43,435 [INFO] === 2026-04-16 ===
2026-05-20 10:59:43,489 [INFO]   #1 OCR=tgks
2026-05-20 10:59:43,580 [INFO]   #1 验证码/服务端错误
2026-05-20 10:59:43,623 [INFO]   #2 OCR=lluy
2026-05-20 10:59:43,670 [INFO]   #2 验证码/服务端错误
2026-05-20 10:59:43,725 [INFO]   #3 OCR=ojc
2026-05-20 10:59:43,818 [INFO]   #3 验证码/服务端错误
2026-05-20 10:59:43,863 [INFO]   #4 OCR=kL6d
2026-05-20 10:59:43,970 [INFO]   #4 验证码/服务端错误
2026-05-20 10:59:44,018 [INFO]   #5 OCR=orvx
2026-05-20 10:59:44,110 [INFO]   #5 验证码/服务端错误
2026-05-20 10:59:44,156 [INFO]   #6 OCR=zekt
2026-05-20 10:59:44,262 [INFO]   #6 验证码/服务端错误
2026-05-20 10:59:44,307 [INFO]   #7 OCR=nuuv
2026-05-20 10:59:44,409 [INFO]   #7 验证码/服务端错误
2026-05-20 10:59:44,458 [INFO]   #8 OCR=uoy3
2026-05-20 10:59:44,556 [INFO]   #8 验证码/服务端错误
2026-05-20 10:59:44,556 [ERROR]   ✗ 2026-04-16 已重试 8 次, 跳过
2026-05-20 10:59:44,556 [INFO] >>> 进度: 310/344 (90.1%) <<<
2026-05-20 10:59:45,933 [INFO] === 2026-04-17 ===
2026-05-20 10:59:45,985 [INFO]   #1 OCR=wnzt
2026-05-20 10:59:46,099 [INFO]   #1 验证码/服务端错误
2026-05-20 10:59:46,145 [INFO]   #2 OCR=nhoe
2026-05-20 10:59:46,266 [INFO]   #2 验证码/服务端错误
2026-05-20 10:59:46,315 [INFO]   #3 OCR=fu0
2026-05-20 10:59:46,441 [INFO]   #3 验证码/服务端错误
2026-05-20 10:59:46,490 [INFO]   #4 OCR=cjkh
2026-05-20 10:59:46,586 [INFO]   #4 验证码/服务端错误
2026-05-20 10:59:46,635 [INFO]   #5 OCR=7RoI
2026-05-20 10:59:46,735 [INFO]   #5 验证码/服务端错误
2026-05-20 10:59:46,780 [INFO]   #6 OCR=wRce
2026-05-20 10:59:46,882 [INFO]   #6 验证码/服务端错误
2026-05-20 10:59:46,927 [INFO]   #7 OCR=uu5o
2026-05-20 10:59:47,020 [INFO]   #7 验证码/服务端错误
2026-05-20 10:59:47,069 [INFO]   #8 OCR=xioy
2026-05-20 10:59:47,166 [INFO]   #8 验证码/服务端错误
2026-05-20 10:59:47,167 [ERROR]   ✗ 2026-04-17 已重试 8 次, 跳过
2026-05-20 10:59:48,349 [INFO] === 2026-04-18 ===
2026-05-20 10:59:48,399 [INFO]   #1 OCR=cok5
2026-05-20 10:59:48,509 [INFO]   #1 验证码/服务端错误
2026-05-20 10:59:48,559 [INFO]   #2 OCR=znvp
2026-05-20 10:59:48,673 [INFO]   #2 验证码/服务端错误
2026-05-20 10:59:48,720 [INFO]   #3 OCR=fagt
2026-05-20 10:59:48,835 [INFO]   #3 验证码/服务端错误
2026-05-20 10:59:48,889 [INFO]   #4 OCR=xuyu
2026-05-20 10:59:49,002 [INFO]   #4 验证码/服务端错误
2026-05-20 10:59:49,052 [INFO]   #5 OCR=RGyA
2026-05-20 10:59:49,169 [INFO]   #5 验证码/服务端错误
2026-05-20 10:59:49,219 [INFO]   #6 OCR=Hc4q
2026-05-20 10:59:49,337 [INFO]   #6 验证码/服务端错误
2026-05-20 10:59:49,383 [INFO]   #7 OCR=R4h2
2026-05-20 10:59:49,496 [INFO]   #7 验证码/服务端错误
2026-05-20 10:59:49,544 [INFO]   #8 OCR=5k2L
2026-05-20 10:59:49,660 [INFO]   #8 验证码/服务端错误
2026-05-20 10:59:49,660 [ERROR]   ✗ 2026-04-18 已重试 8 次, 跳过
2026-05-20 10:59:50,593 [INFO] === 2026-04-19 ===
2026-05-20 10:59:50,645 [INFO]   #1 OCR=ooJv
2026-05-20 10:59:50,757 [INFO]   #1 验证码/服务端错误
2026-05-20 10:59:50,803 [INFO]   #2 OCR=Rape
2026-05-20 10:59:50,915 [INFO]   #2 验证码/服务端错误
2026-05-20 10:59:50,959 [INFO]   #3 OCR=hadu
2026-05-20 10:59:51,071 [INFO]   #3 验证码/服务端错误
2026-05-20 10:59:51,117 [INFO]   #4 OCR=uiEi
2026-05-20 10:59:51,192 [INFO]   #4 验证码/服务端错误
2026-05-20 10:59:51,238 [INFO]   #5 OCR=Bmdo
2026-05-20 10:59:51,354 [INFO]   #5 验证码/服务端错误
2026-05-20 10:59:51,399 [INFO]   #6 OCR=bqhj
2026-05-20 10:59:51,554 [INFO]     第 1 页 6 条 (2026/04/19 10:30:00 → 2026/04/19 00:00:05)  共 1 页
2026-05-20 10:59:51,554 [INFO]   ✓ 2026-04-19 10:30:00  折算价=686.22
2026-05-20 10:59:52,548 [INFO] === 2026-04-20 ===
2026-05-20 10:59:52,599 [INFO]   #1 OCR=Iwa
2026-05-20 10:59:52,777 [INFO]   #1 验证码/服务端错误
2026-05-20 10:59:52,822 [INFO]   #2 OCR=muhp
2026-05-20 10:59:52,873 [INFO]   #2 验证码/服务端错误
2026-05-20 10:59:52,925 [INFO]   #3 OCR=DpAG
2026-05-20 10:59:52,972 [INFO]   #3 验证码/服务端错误
2026-05-20 10:59:53,032 [INFO]   #4 OCR=fwnK
2026-05-20 10:59:53,083 [INFO]   #4 验证码/服务端错误
2026-05-20 10:59:53,144 [INFO]   #5 OCR=vczr
2026-05-20 10:59:53,248 [INFO]   #5 验证码/服务端错误
2026-05-20 10:59:53,299 [INFO]   #6 OCR=8u9k
2026-05-20 10:59:53,489 [INFO]     第 1 页 20 条 (2026/04/20 23:57:35 → 2026/04/20 22:37:35)  共 12 页
2026-05-20 10:59:53,597 [INFO]     第 2 页 20 条 (2026/04/20 22:32:35 → 2026/04/20 21:12:35)
2026-05-20 10:59:54,147 [WARNING]     第3页第1次服务端错误提示, 等待重试
2026-05-20 10:59:55,691 [WARNING]     第3页第2次服务端错误提示, 等待重试
2026-05-20 10:59:58,809 [INFO]     第 3 页 20 条 (2026/04/20 21:08:50 → 2026/04/20 19:46:23)
2026-05-20 10:59:59,277 [INFO]     第 4 页 20 条 (2026/04/20 19:42:34 → 2026/04/20 18:07:34)
2026-05-20 10:59:59,752 [INFO]     第 5 页 20 条 (2026/04/20 18:02:34 → 2026/04/20 16:41:48)
2026-05-20 11:00:00,295 [INFO]     第 6 页 20 条 (2026/04/20 16:37:33 → 2026/04/20 15:12:33)
2026-05-20 11:00:00,936 [INFO]     第 7 页 20 条 (2026/04/20 15:07:33 → 2026/04/20 13:57:33)
2026-05-20 11:00:01,413 [INFO]     第 8 页 20 条 (2026/04/20 13:54:39 → 2026/04/20 12:27:32)
2026-05-20 11:00:01,962 [INFO]     第 9 页 20 条 (2026/04/20 12:22:32 → 2026/04/20 10:57:32)
2026-05-20 11:00:02,418 [INFO]     第 10 页 20 条 (2026/04/20 10:52:32 → 2026/04/20 09:54:40)
2026-05-20 11:00:02,419 [INFO]   ✓ 2026-04-20 10:01:16  折算价=686.48
2026-05-20 11:00:03,435 [INFO] === 2026-04-21 ===
2026-05-20 11:00:03,484 [INFO]   #1 OCR=z2hr
2026-05-20 11:00:03,646 [INFO]     第 1 页 20 条 (2026/04/21 23:58:08 → 2026/04/21 23:02:32)  共 15 页
2026-05-20 11:00:03,767 [INFO]     第 2 页 20 条 (2026/04/21 23:00:58 → 2026/04/21 21:57:41)
2026-05-20 11:00:04,273 [INFO]     第 3 页 20 条 (2026/04/21 21:52:41 → 2026/04/21 20:27:41)
2026-05-20 11:00:04,857 [INFO]     第 4 页 20 条 (2026/04/21 20:22:41 → 2026/04/21 18:47:40)
2026-05-20 11:00:05,495 [INFO]     第 5 页 20 条 (2026/04/21 18:42:40 → 2026/04/21 17:21:44)
2026-05-20 11:00:06,073 [INFO]     第 6 页 20 条 (2026/04/21 17:17:40 → 2026/04/21 16:12:36)
2026-05-20 11:00:06,798 [INFO]     第 7 页 20 条 (2026/04/21 16:07:40 → 2026/04/21 14:52:39)
2026-05-20 11:00:07,518 [INFO]     第 8 页 20 条 (2026/04/21 14:47:39 → 2026/04/21 14:00:23)
2026-05-20 11:00:08,172 [INFO]     第 9 页 20 条 (2026/04/21 14:00:03 → 2026/04/21 12:50:09)
2026-05-20 11:00:08,818 [INFO]     第 10 页 20 条 (2026/04/21 12:49:08 → 2026/04/21 11:27:38)
2026-05-20 11:00:09,600 [INFO]     第 11 页 20 条 (2026/04/21 11:22:38 → 2026/04/21 10:22:38)
2026-05-20 11:00:10,487 [INFO]     第 12 页 20 条 (2026/04/21 10:17:38 → 2026/04/21 09:15:31)
2026-05-20 11:00:10,489 [INFO]   ✓ 2026-04-21 10:02:38  折算价=685.94
2026-05-20 11:00:11,650 [INFO] === 2026-04-22 ===
2026-05-20 11:00:11,697 [INFO]   #1 OCR=iq9f
2026-05-20 11:00:11,870 [INFO]     第 1 页 20 条 (2026/04/22 23:57:48 → 2026/04/22 22:33:54)  共 16 页
2026-05-20 11:00:11,987 [INFO]     第 2 页 20 条 (2026/04/22 22:32:48 → 2026/04/22 21:20:25)
2026-05-20 11:00:12,499 [INFO]     第 3 页 20 条 (2026/04/22 21:19:35 → 2026/04/22 20:07:47)
2026-05-20 11:00:13,262 [INFO]     第 4 页 20 条 (2026/04/22 20:02:47 → 2026/04/22 18:32:47)
2026-05-20 11:00:14,005 [INFO]     第 5 页 20 条 (2026/04/22 18:27:47 → 2026/04/22 17:02:46)
2026-05-20 11:00:14,575 [INFO]     第 6 页 20 条 (2026/04/22 16:57:46 → 2026/04/22 15:43:00)
2026-05-20 11:00:15,066 [INFO]     第 7 页 20 条 (2026/04/22 15:37:46 → 2026/04/22 14:27:45)
2026-05-20 11:00:15,773 [WARNING]     第8页第1次服务端错误提示, 等待重试
2026-05-20 11:00:17,394 [INFO]     第 8 页 20 条 (2026/04/22 14:27:31 → 2026/04/22 13:17:45)
2026-05-20 11:00:17,975 [WARNING]     第9页第1次服务端错误提示, 等待重试
2026-05-20 11:00:19,624 [INFO]     第 9 页 20 条 (2026/04/22 13:16:53 → 2026/04/22 11:47:45)
2026-05-20 11:00:20,065 [WARNING]     第10页第1次服务端错误提示, 等待重试
2026-05-20 11:00:21,704 [INFO]     第 10 页 20 条 (2026/04/22 11:42:45 → 2026/04/22 10:37:45)
2026-05-20 11:00:22,349 [INFO]     第 11 页 20 条 (2026/04/22 10:32:45 → 2026/04/22 09:42:44)
2026-05-20 11:00:22,350 [INFO]   ✓ 2026-04-22 10:00:23  折算价=686.35
2026-05-20 11:00:23,459 [INFO] === 2026-04-23 ===
2026-05-20 11:00:23,510 [INFO]   #1 OCR=iMcv
2026-05-20 11:00:23,610 [INFO]   #1 验证码/服务端错误
2026-05-20 11:00:23,658 [INFO]   #2 OCR=ihs1
2026-05-20 11:00:23,748 [INFO]   #2 验证码/服务端错误
2026-05-20 11:00:23,798 [INFO]   #3 OCR=ytA4
2026-05-20 11:00:23,890 [INFO]   #3 验证码/服务端错误
2026-05-20 11:00:23,941 [INFO]   #4 OCR=bqte
2026-05-20 11:00:24,109 [INFO]     第 1 页 20 条 (2026/04/23 23:57:54 → 2026/04/23 22:47:54)  共 17 页
2026-05-20 11:00:24,242 [INFO]     第 2 页 20 条 (2026/04/23 22:45:16 → 2026/04/23 21:27:08)
2026-05-20 11:00:24,797 [INFO]     第 3 页 20 条 (2026/04/23 21:25:09 → 2026/04/23 20:12:53)
2026-05-20 11:00:25,487 [INFO]     第 4 页 20 条 (2026/04/23 20:07:53 → 2026/04/23 18:47:53)
2026-05-20 11:00:26,126 [WARNING]     第5页第1次服务端错误提示, 等待重试
2026-05-20 11:00:29,254 [WARNING]     第5页第2次服务端错误提示, 等待重试
2026-05-20 11:00:32,297 [WARNING]     第5页第3次服务端错误提示, 等待重试
2026-05-20 11:00:36,798 [WARNING]   第5页重试全部失败 → 重取验证码重启
2026-05-20 11:00:36,845 [INFO]   #5 OCR=p6z7
2026-05-20 11:00:37,026 [INFO]     第 1 页 20 条 (2026/04/23 23:57:54 → 2026/04/23 22:47:54)  共 17 页
2026-05-20 11:00:37,070 [WARNING]     第2页第1次服务端错误提示, 等待重试
2026-05-20 11:00:38,615 [WARNING]     第2页第2次服务端错误提示, 等待重试
2026-05-20 11:00:41,658 [WARNING]     第2页第3次服务端错误提示, 等待重试
2026-05-20 11:00:46,159 [WARNING]   第2页重试全部失败 → 重取验证码重启
2026-05-20 11:00:46,207 [INFO]   #6 OCR=wykh
2026-05-20 11:00:46,295 [INFO]   #6 验证码/服务端错误
2026-05-20 11:00:46,344 [INFO]   #7 OCR=cbm6
2026-05-20 11:00:46,438 [INFO]   #7 验证码/服务端错误
2026-05-20 11:00:46,483 [INFO]   #8 OCR=auaz
2026-05-20 11:00:46,575 [INFO]   #8 验证码/服务端错误
2026-05-20 11:00:46,575 [ERROR]   ✗ 2026-04-23 已重试 8 次, 跳过
2026-05-20 11:00:47,536 [INFO] === 2026-04-24 ===
2026-05-20 11:00:47,584 [INFO]   #1 OCR=ruzg
2026-05-20 11:00:47,676 [INFO]   #1 验证码/服务端错误
2026-05-20 11:00:47,726 [INFO]   #2 OCR=opcr
2026-05-20 11:00:47,816 [INFO]   #2 验证码/服务端错误
2026-05-20 11:00:47,864 [INFO]   #3 OCR=aqdm
2026-05-20 11:00:48,034 [INFO]     第 1 页 20 条 (2026/04/24 23:58:00 → 2026/04/24 22:48:00)  共 16 页
2026-05-20 11:00:48,074 [WARNING]     第2页第1次服务端错误提示, 等待重试
2026-05-20 11:00:49,617 [WARNING]     第2页第2次服务端错误提示, 等待重试
2026-05-20 11:00:52,662 [WARNING]     第2页第3次服务端错误提示, 等待重试
2026-05-20 11:00:57,162 [WARNING]   第2页重试全部失败 → 重取验证码重启
2026-05-20 11:00:57,218 [INFO]   #4 OCR=yxet
2026-05-20 11:00:57,313 [INFO]   #4 验证码/服务端错误
2026-05-20 11:00:57,363 [INFO]   #5 OCR=ihhh
2026-05-20 11:00:57,469 [INFO]   #5 验证码/服务端错误
2026-05-20 11:00:57,521 [INFO]   #6 OCR=tw97
2026-05-20 11:00:57,628 [INFO]   #6 验证码/服务端错误
2026-05-20 11:00:57,685 [INFO]   #7 OCR=Rc3l
2026-05-20 11:00:57,857 [INFO]     第 1 页 20 条 (2026/04/24 23:58:00 → 2026/04/24 22:48:00)  共 16 页
2026-05-20 11:00:57,898 [WARNING]     第2页第1次服务端错误提示, 等待重试
2026-05-20 11:00:59,540 [INFO]     第 2 页 20 条 (2026/04/24 22:43:00 → 2026/04/24 21:17:59)
2026-05-20 11:00:59,992 [WARNING]     第3页第1次服务端错误提示, 等待重试
2026-05-20 11:01:01,614 [INFO]     第 3 页 20 条 (2026/04/24 21:12:59 → 2026/04/24 20:02:59)
2026-05-20 11:01:02,237 [INFO]     第 4 页 20 条 (2026/04/24 20:00:37 → 2026/04/24 18:55:54)
2026-05-20 11:01:02,751 [INFO]     第 5 页 20 条 (2026/04/24 18:52:59 → 2026/04/24 17:27:58)
2026-05-20 11:01:03,470 [INFO]     第 6 页 20 条 (2026/04/24 17:27:04 → 2026/04/24 16:12:58)
2026-05-20 11:01:04,117 [INFO]     第 7 页 20 条 (2026/04/24 16:12:52 → 2026/04/24 15:12:58)
2026-05-20 11:01:04,960 [INFO]     第 8 页 20 条 (2026/04/24 15:08:47 → 2026/04/24 14:19:51)
2026-05-20 11:01:05,458 [INFO]     第 9 页 20 条 (2026/04/24 14:17:58 → 2026/04/24 12:52:57)
2026-05-20 11:01:06,046 [INFO]     第 10 页 20 条 (2026/04/24 12:47:57 → 2026/04/24 11:32:57)
2026-05-20 11:01:06,772 [INFO]     第 11 页 20 条 (2026/04/24 11:30:14 → 2026/04/24 10:44:42)
2026-05-20 11:01:07,279 [INFO]     第 12 页 20 条 (2026/04/24 10:42:57 → 2026/04/24 10:02:57)
2026-05-20 11:01:07,876 [INFO]     第 13 页 20 条 (2026/04/24 09:58:41 → 2026/04/24 09:30:11)
2026-05-20 11:01:07,878 [INFO]   ✓ 2026-04-24 10:02:57  折算价=686.74
2026-05-20 11:01:08,854 [INFO] === 2026-04-25 ===
2026-05-20 11:01:08,903 [INFO]   #1 OCR=yvev
2026-05-20 11:01:09,017 [INFO]   #1 验证码/服务端错误
2026-05-20 11:01:09,063 [INFO]   #2 OCR=r5zq
2026-05-20 11:01:09,176 [INFO]   #2 验证码/服务端错误
2026-05-20 11:01:09,224 [INFO]   #3 OCR=hx5r
2026-05-20 11:01:09,419 [INFO]     第 1 页 20 条 (2026/04/25 10:30:00 → 2026/04/25 01:48:00)  共 3 页
2026-05-20 11:01:09,419 [INFO]   ✓ 2026-04-25 10:30:00  折算价=686.74
2026-05-20 11:01:10,590 [INFO] === 2026-04-26 ===
2026-05-20 11:01:10,642 [INFO]   #1 OCR=kvrt
2026-05-20 11:01:10,761 [INFO]   #1 验证码/服务端错误
2026-05-20 11:01:10,811 [INFO]   #2 OCR=hxRx
2026-05-20 11:01:11,020 [INFO]     第 1 页 6 条 (2026/04/26 10:30:00 → 2026/04/26 00:00:05)  共 1 页
2026-05-20 11:01:11,021 [INFO]   ✓ 2026-04-26 10:30:00  折算价=686.74
2026-05-20 11:01:11,022 [INFO] >>> 进度: 320/344 (93.0%) <<<
2026-05-20 11:01:12,215 [INFO] === 2026-04-27 ===
2026-05-20 11:01:12,263 [INFO]   #1 OCR=ohjF
2026-05-20 11:01:12,384 [INFO]   #1 验证码/服务端错误
2026-05-20 11:01:12,438 [INFO]   #2 OCR=nDf9
2026-05-20 11:01:12,621 [INFO]     第 1 页 20 条 (2026/04/27 23:58:17 → 2026/04/27 22:51:36)  共 12 页
2026-05-20 11:01:12,743 [INFO]     第 2 页 20 条 (2026/04/27 22:48:17 → 2026/04/27 21:13:16)
2026-05-20 11:01:13,199 [INFO]     第 3 页 20 条 (2026/04/27 21:08:16 → 2026/04/27 19:58:16)
2026-05-20 11:01:13,849 [INFO]     第 4 页 20 条 (2026/04/27 19:53:16 → 2026/04/27 18:28:10)
2026-05-20 11:01:14,412 [INFO]     第 5 页 20 条 (2026/04/27 18:23:16 → 2026/04/27 16:53:15)
2026-05-20 11:01:14,931 [INFO]     第 6 页 20 条 (2026/04/27 16:51:36 → 2026/04/27 15:33:15)
2026-05-20 11:01:15,373 [INFO]     第 7 页 20 条 (2026/04/27 15:28:15 → 2026/04/27 14:32:30)
2026-05-20 11:01:15,959 [INFO]     第 8 页 20 条 (2026/04/27 14:28:15 → 2026/04/27 13:03:15)
2026-05-20 11:01:16,838 [INFO]     第 9 页 20 条 (2026/04/27 12:58:14 → 2026/04/27 11:28:14)
2026-05-20 11:01:17,377 [INFO]     第 10 页 20 条 (2026/04/27 11:23:14 → 2026/04/27 10:16:59)
2026-05-20 11:01:18,091 [INFO]     第 11 页 20 条 (2026/04/27 10:13:14 → 2026/04/27 09:33:34)
2026-05-20 11:01:18,092 [INFO]   ✓ 2026-04-27 10:02:30  折算价=685.79
2026-05-20 11:01:19,193 [INFO] === 2026-04-28 ===
2026-05-20 11:01:19,244 [INFO]   #1 OCR=q66n
2026-05-20 11:01:19,414 [INFO]     第 1 页 20 条 (2026/04/28 23:58:23 → 2026/04/28 22:43:23)  共 16 页
2026-05-20 11:01:19,546 [INFO]     第 2 页 20 条 (2026/04/28 22:38:23 → 2026/04/28 21:35:43)
2026-05-20 11:01:20,398 [INFO]     第 3 页 20 条 (2026/04/28 21:33:22 → 2026/04/28 20:28:22)
2026-05-20 11:01:21,317 [INFO]     第 4 页 20 条 (2026/04/28 20:23:22 → 2026/04/28 19:20:10)
2026-05-20 11:01:22,129 [INFO]     第 5 页 20 条 (2026/04/28 19:19:01 → 2026/04/28 18:01:41)
2026-05-20 11:01:22,761 [WARNING]     第6页第1次服务端错误提示, 等待重试
2026-05-20 11:01:24,389 [INFO]     第 6 页 20 条 (2026/04/28 17:58:21 → 2026/04/28 16:43:21)
2026-05-20 11:01:25,010 [INFO]     第 7 页 20 条 (2026/04/28 16:38:21 → 2026/04/28 15:48:21)
2026-05-20 11:01:25,926 [INFO]     第 8 页 20 条 (2026/04/28 15:47:59 → 2026/04/28 14:58:21)
2026-05-20 11:01:26,736 [INFO]     第 9 页 20 条 (2026/04/28 14:53:39 → 2026/04/28 14:04:19)
2026-05-20 11:01:29,402 [WARNING]     第10页第1次服务端错误提示, 等待重试
2026-05-20 11:01:31,018 [INFO]     第 10 页 20 条 (2026/04/28 14:03:20 → 2026/04/28 13:03:20)
2026-05-20 11:01:31,920 [INFO]     第 11 页 20 条 (2026/04/28 12:58:20 → 2026/04/28 11:38:20)
2026-05-20 11:01:32,363 [WARNING]     第12页第1次服务端错误提示, 等待重试
2026-05-20 11:01:33,974 [INFO]     第 12 页 20 条 (2026/04/28 11:33:20 → 2026/04/28 10:31:41)
2026-05-20 11:01:34,641 [WARNING]     第13页第1次服务端错误提示, 等待重试
2026-05-20 11:01:36,186 [WARNING]     第13页第2次服务端错误提示, 等待重试
2026-05-20 11:01:39,230 [WARNING]     第13页第3次服务端错误提示, 等待重试
2026-05-20 11:01:43,731 [WARNING]   第13页重试全部失败 → 重取验证码重启
2026-05-20 11:01:43,799 [INFO]   #2 OCR=qmps
2026-05-20 11:01:43,916 [INFO]   #2 验证码/服务端错误
2026-05-20 11:01:43,988 [INFO]   #3 OCR=wgm8
2026-05-20 11:01:44,194 [INFO]     第 1 页 20 条 (2026/04/28 23:58:23 → 2026/04/28 22:43:23)  共 16 页
2026-05-20 11:01:44,254 [WARNING]     第2页第1次服务端错误提示, 等待重试
2026-05-20 11:01:45,910 [INFO]     第 2 页 20 条 (2026/04/28 22:38:23 → 2026/04/28 21:35:43)
2026-05-20 11:01:46,512 [WARNING]     第3页第1次服务端错误提示, 等待重试
2026-05-20 11:01:48,054 [WARNING]     第3页第2次服务端错误提示, 等待重试
2026-05-20 11:01:51,099 [WARNING]     第3页第3次服务端错误提示, 等待重试
2026-05-20 11:01:55,600 [WARNING]   第3页重试全部失败 → 重取验证码重启
2026-05-20 11:01:55,668 [INFO]   #4 OCR=u1H
2026-05-20 11:01:55,788 [INFO]   #4 验证码/服务端错误
2026-05-20 11:01:55,864 [INFO]   #5 OCR=LF84
2026-05-20 11:01:55,996 [INFO]   #5 验证码/服务端错误
2026-05-20 11:01:56,062 [INFO]   #6 OCR=scyi
2026-05-20 11:01:56,166 [INFO]   #6 验证码/服务端错误
2026-05-20 11:01:56,224 [INFO]   #7 OCR=uucy
2026-05-20 11:01:56,329 [INFO]   #7 验证码/服务端错误
2026-05-20 11:01:56,392 [INFO]   #8 OCR=mcb1
2026-05-20 11:01:56,496 [INFO]   #8 验证码/服务端错误
2026-05-20 11:01:56,497 [ERROR]   ✗ 2026-04-28 已重试 8 次, 跳过
2026-05-20 11:01:57,808 [INFO] === 2026-04-29 ===
2026-05-20 11:01:57,882 [INFO]   #1 OCR=5xmp
2026-05-20 11:01:58,031 [INFO]   #1 验证码/服务端错误
2026-05-20 11:01:58,111 [INFO]   #2 OCR=G577
2026-05-20 11:01:58,337 [INFO]     第 1 页 20 条 (2026/04/29 23:58:29 → 2026/04/29 22:58:14)  共 17 页
2026-05-20 11:01:58,406 [WARNING]     第2页第1次服务端错误提示, 等待重试
2026-05-20 11:01:59,992 [WARNING]     第2页第2次服务端错误提示, 等待重试
2026-05-20 11:02:03,183 [INFO]     第 2 页 20 条 (2026/04/29 22:57:32 → 2026/04/29 22:02:06)
2026-05-20 11:02:03,643 [INFO]     第 3 页 20 条 (2026/04/29 21:58:28 → 2026/04/29 21:06:42)
2026-05-20 11:02:04,432 [INFO]     第 4 页 20 条 (2026/04/29 21:05:50 → 2026/04/29 19:35:45)
2026-05-20 11:02:05,310 [INFO]     第 5 页 20 条 (2026/04/29 19:34:06 → 2026/04/29 18:08:46)
2026-05-20 11:02:05,962 [INFO]     第 6 页 20 条 (2026/04/29 18:08:27 → 2026/04/29 17:17:44)
2026-05-20 11:02:06,419 [INFO]     第 7 页 20 条 (2026/04/29 17:13:27 → 2026/04/29 16:08:27)
2026-05-20 11:02:07,332 [INFO]     第 8 页 20 条 (2026/04/29 16:05:48 → 2026/04/29 15:11:17)
2026-05-20 11:02:08,038 [INFO]     第 9 页 20 条 (2026/04/29 15:08:26 → 2026/04/29 14:13:26)
2026-05-20 11:02:08,675 [INFO]     第 10 页 20 条 (2026/04/29 14:08:26 → 2026/04/29 13:13:26)
2026-05-20 11:02:09,172 [INFO]     第 11 页 20 条 (2026/04/29 13:08:26 → 2026/04/29 11:48:26)
2026-05-20 11:02:09,747 [INFO]     第 12 页 20 条 (2026/04/29 11:44:55 → 2026/04/29 10:43:25)
2026-05-20 11:02:10,597 [INFO]     第 13 页 20 条 (2026/04/29 10:41:53 → 2026/04/29 10:11:25)
2026-05-20 11:02:11,067 [INFO]     第 14 页 20 条 (2026/04/29 10:10:29 → 2026/04/29 09:15:47)
2026-05-20 11:02:11,069 [INFO]   ✓ 2026-04-29 10:03:25  折算价=686.08
2026-05-20 11:02:12,048 [INFO] === 2026-04-30 ===
2026-05-20 11:02:12,109 [INFO]   #1 OCR=iyvo
2026-05-20 11:02:12,286 [INFO]     第 1 页 20 条 (2026/04/30 23:58:34 → 2026/04/30 23:03:34)  共 25 页
2026-05-20 11:02:12,407 [INFO]     第 2 页 20 条 (2026/04/30 23:02:16 → 2026/04/30 22:33:34)
2026-05-20 11:02:13,293 [INFO]     第 3 页 20 条 (2026/04/30 22:32:00 → 2026/04/30 21:40:46)
2026-05-20 11:02:13,863 [INFO]     第 4 页 20 条 (2026/04/30 21:38:34 → 2026/04/30 21:06:52)
2026-05-20 11:02:14,618 [INFO]     第 5 页 20 条 (2026/04/30 21:05:29 → 2026/04/30 20:29:29)
2026-05-20 11:02:15,174 [INFO]     第 6 页 20 条 (2026/04/30 20:28:33 → 2026/04/30 19:52:38)
2026-05-20 11:02:15,656 [INFO]     第 7 页 20 条 (2026/04/30 19:50:52 → 2026/04/30 19:38:33)
2026-05-20 11:02:16,570 [INFO]     第 8 页 20 条 (2026/04/30 19:38:11 → 2026/04/30 19:23:31)
2026-05-20 11:02:17,199 [INFO]     第 9 页 20 条 (2026/04/30 19:22:59 → 2026/04/30 18:59:13)
2026-05-20 11:02:18,010 [INFO]     第 10 页 20 条 (2026/04/30 18:58:53 → 2026/04/30 18:44:27)
2026-05-20 11:02:18,445 [WARNING]     第11页第1次服务端错误提示, 等待重试
2026-05-20 11:02:20,111 [WARNING]     第11页第2次服务端错误提示, 等待重试
2026-05-20 11:02:23,206 [WARNING]     第11页第3次服务端错误提示, 等待重试
2026-05-20 11:02:27,707 [WARNING]   第11页重试全部失败 → 重取验证码重启
2026-05-20 11:02:29,264 [INFO]   #2 OCR=qPH4
2026-05-20 11:02:29,485 [INFO]   #2 验证码/服务端错误
2026-05-20 11:02:29,548 [INFO]   #3 OCR=okw
2026-05-20 11:02:29,879 [INFO]   #3 验证码/服务端错误
2026-05-20 11:02:29,959 [INFO]   #4 OCR=Ptsc
2026-05-20 11:02:30,277 [INFO]     第 1 页 20 条 (2026/04/30 23:58:34 → 2026/04/30 23:03:34)  共 25 页
2026-05-20 11:02:30,413 [INFO]     第 2 页 20 条 (2026/04/30 23:02:16 → 2026/04/30 22:33:34)
2026-05-20 11:02:31,222 [INFO]     第 3 页 20 条 (2026/04/30 22:32:00 → 2026/04/30 21:40:46)
2026-05-20 11:02:31,843 [WARNING]     第4页第1次服务端错误提示, 等待重试
2026-05-20 11:02:33,495 [INFO]     第 4 页 20 条 (2026/04/30 21:38:34 → 2026/04/30 21:06:52)
2026-05-20 11:02:33,992 [WARNING]     第5页第1次服务端错误提示, 等待重试
2026-05-20 11:02:35,624 [INFO]     第 5 页 20 条 (2026/04/30 21:05:29 → 2026/04/30 20:29:29)
2026-05-20 11:02:36,257 [INFO]     第 6 页 20 条 (2026/04/30 20:28:33 → 2026/04/30 19:52:38)
2026-05-20 11:02:36,878 [INFO]     第 7 页 20 条 (2026/04/30 19:50:52 → 2026/04/30 19:38:33)
2026-05-20 11:02:37,720 [WARNING]     第8页第1次服务端错误提示, 等待重试
2026-05-20 11:02:39,264 [WARNING]     第8页第2次服务端错误提示, 等待重试
2026-05-20 11:02:42,317 [WARNING]     第8页第3次服务端错误提示, 等待重试
2026-05-20 11:02:46,818 [WARNING]   第8页重试全部失败 → 重取验证码重启
2026-05-20 11:02:46,870 [INFO]   #5 OCR=nywa
2026-05-20 11:02:46,994 [INFO]   #5 验证码/服务端错误
2026-05-20 11:02:47,043 [INFO]   #6 OCR=6qjs
2026-05-20 11:02:47,156 [INFO]   #6 验证码/服务端错误
2026-05-20 11:02:47,208 [INFO]   #7 OCR=iPvo
2026-05-20 11:02:47,416 [INFO]     第 1 页 20 条 (2026/04/30 23:58:34 → 2026/04/30 23:03:34)  共 25 页
2026-05-20 11:02:47,474 [WARNING]     第2页第1次服务端错误提示, 等待重试
2026-05-20 11:02:49,016 [WARNING]     第2页第2次服务端错误提示, 等待重试
2026-05-20 11:02:52,084 [WARNING]     第2页第3次服务端错误提示, 等待重试
2026-05-20 11:02:56,585 [WARNING]   第2页重试全部失败 → 重取验证码重启
2026-05-20 11:02:56,636 [INFO]   #8 OCR=fzon
2026-05-20 11:02:56,738 [INFO]   #8 验证码/服务端错误
2026-05-20 11:02:56,738 [ERROR]   ✗ 2026-04-30 已重试 8 次, 跳过
2026-05-20 11:02:57,608 [INFO] === 2026-05-01 ===
2026-05-20 11:02:57,664 [INFO]   #1 OCR=xko6
2026-05-20 11:02:57,759 [INFO]   #1 验证码/服务端错误
2026-05-20 11:02:57,806 [INFO]   #2 OCR=uvxg
2026-05-20 11:02:57,975 [INFO]     第 1 页 20 条 (2026/05/01 22:59:36 → 2026/05/01 20:12:26)  共 13 页
2026-05-20 11:02:58,116 [INFO]     第 2 页 20 条 (2026/05/01 20:08:39 → 2026/05/01 18:38:39)
2026-05-20 11:02:58,604 [INFO]     第 3 页 20 条 (2026/05/01 18:33:39 → 2026/05/01 17:08:38)
2026-05-20 11:02:59,195 [WARNING]     第4页第1次服务端错误提示, 等待重试
2026-05-20 11:03:00,853 [INFO]     第 4 页 20 条 (2026/05/01 17:03:38 → 2026/05/01 15:57:06)
2026-05-20 11:03:01,796 [INFO]     第 5 页 20 条 (2026/05/01 15:55:19 → 2026/05/01 15:10:00)
2026-05-20 11:03:02,619 [INFO]     第 6 页 20 条 (2026/05/01 15:08:58 → 2026/05/01 14:46:11)
2026-05-20 11:03:03,144 [WARNING]     第7页第1次服务端错误提示, 等待重试
2026-05-20 11:03:04,693 [WARNING]     第7页第2次服务端错误提示, 等待重试
2026-05-20 11:03:07,820 [INFO]     第 7 页 20 条 (2026/05/01 14:45:34 → 2026/05/01 13:23:37)
2026-05-20 11:03:08,605 [INFO]     第 8 页 20 条 (2026/05/01 13:23:21 → 2026/05/01 11:53:37)
2026-05-20 11:03:09,232 [INFO]     第 9 页 20 条 (2026/05/01 11:48:37 → 2026/05/01 10:30:00)
2026-05-20 11:03:09,822 [INFO]     第 10 页 20 条 (2026/05/01 10:30:00 → 2026/05/01 09:13:36)
2026-05-20 11:03:09,823 [INFO]   ✓ 2026-05-01 10:03:37  折算价=686.28
2026-05-20 11:03:11,231 [INFO] === 2026-05-02 ===
2026-05-20 11:03:11,288 [INFO]   #1 OCR=pfz9
2026-05-20 11:03:11,442 [INFO]     第 1 页 7 条 (2026/05/02 10:30:00 → 2026/05/02 00:00:05)  共 1 页
2026-05-20 11:03:11,442 [INFO]   ✓ 2026-05-02 10:30:00  折算价=686.28
2026-05-20 11:03:12,326 [INFO] === 2026-05-03 ===
2026-05-20 11:03:12,382 [INFO]   #1 OCR=Lfxt
2026-05-20 11:03:12,533 [INFO]     第 1 页 6 条 (2026/05/03 10:30:00 → 2026/05/03 00:00:05)  共 1 页
2026-05-20 11:03:12,533 [INFO]   ✓ 2026-05-03 10:30:00  折算价=686.28
2026-05-20 11:03:13,962 [INFO] === 2026-05-04 ===
2026-05-20 11:03:14,010 [INFO]   #1 OCR=EHk
2026-05-20 11:03:14,102 [INFO]   #1 验证码/服务端错误
2026-05-20 11:03:14,155 [INFO]   #2 OCR=n4IE
2026-05-20 11:03:14,344 [INFO]     第 1 页 20 条 (2026/05/04 22:50:53 → 2026/05/04 19:38:56)  共 10 页
2026-05-20 11:03:14,494 [INFO]     第 2 页 20 条 (2026/05/04 19:33:56 → 2026/05/04 18:13:56)
2026-05-20 11:03:15,090 [INFO]     第 3 页 20 条 (2026/05/04 18:09:28 → 2026/05/04 16:53:56)
2026-05-20 11:03:15,672 [INFO]     第 4 页 20 条 (2026/05/04 16:48:56 → 2026/05/04 15:18:55)
2026-05-20 11:03:16,388 [INFO]     第 5 页 20 条 (2026/05/04 15:13:55 → 2026/05/04 13:53:55)
2026-05-20 11:03:17,079 [INFO]     第 6 页 20 条 (2026/05/04 13:48:55 → 2026/05/04 12:18:54)
2026-05-20 11:03:17,776 [INFO]     第 7 页 20 条 (2026/05/04 12:13:54 → 2026/05/04 11:45:24)
2026-05-20 11:03:18,461 [INFO]     第 8 页 20 条 (2026/05/04 11:45:03 → 2026/05/04 10:23:54)
2026-05-20 11:03:19,057 [INFO]     第 9 页 20 条 (2026/05/04 10:18:54 → 2026/05/04 05:30:00)
2026-05-20 11:03:19,059 [INFO]   ✓ 2026-05-04 10:03:54  折算价=686.28
2026-05-20 11:03:20,017 [INFO] === 2026-05-05 ===
2026-05-20 11:03:20,065 [INFO]   #1 OCR=rexj
2026-05-20 11:03:20,110 [INFO]   #1 验证码/服务端错误
2026-05-20 11:03:20,158 [INFO]   #2 OCR=zTrm
2026-05-20 11:03:20,200 [INFO]   #2 验证码/服务端错误
2026-05-20 11:03:20,247 [INFO]   #3 OCR=I36q
2026-05-20 11:03:20,404 [INFO]     第 1 页 20 条 (2026/05/05 22:55:21 → 2026/05/05 19:29:02)  共 9 页
2026-05-20 11:03:20,519 [INFO]     第 2 页 20 条 (2026/05/05 19:28:39 → 2026/05/05 17:54:02)
2026-05-20 11:03:21,304 [INFO]     第 3 页 20 条 (2026/05/05 17:49:02 → 2026/05/05 16:49:01)
2026-05-20 11:03:22,157 [INFO]     第 4 页 20 条 (2026/05/05 16:44:01 → 2026/05/05 15:19:35)
2026-05-20 11:03:22,941 [INFO]     第 5 页 20 条 (2026/05/05 15:19:01 → 2026/05/05 13:49:01)
2026-05-20 11:03:23,616 [INFO]     第 6 页 20 条 (2026/05/05 13:44:01 → 2026/05/05 12:30:32)
2026-05-20 11:03:24,362 [INFO]     第 7 页 20 条 (2026/05/05 12:29:00 → 2026/05/05 10:54:00)
2026-05-20 11:03:24,847 [INFO]     第 8 页 20 条 (2026/05/05 10:49:00 → 2026/05/05 09:30:13)
2026-05-20 11:03:24,848 [INFO]   ✓ 2026-05-05 10:04:00  折算价=686.28
2026-05-20 11:03:25,991 [INFO] === 2026-05-06 ===
2026-05-20 11:03:26,043 [INFO]   #1 OCR=8Jg3
2026-05-20 11:03:26,215 [INFO]     第 1 页 20 条 (2026/05/06 23:59:09 → 2026/05/06 22:39:09)  共 16 页
2026-05-20 11:03:26,369 [INFO]     第 2 页 20 条 (2026/05/06 22:34:09 → 2026/05/06 21:15:50)
2026-05-20 11:03:29,322 [INFO]     第 3 页 20 条 (2026/05/06 21:14:08 → 2026/05/06 20:14:08)
2026-05-20 11:03:30,085 [INFO]     第 4 页 20 条 (2026/05/06 20:12:06 → 2026/05/06 18:53:08)
2026-05-20 11:03:30,586 [WARNING]     第5页第1次服务端错误提示, 等待重试
2026-05-20 11:03:32,228 [INFO]     第 5 页 20 条 (2026/05/06 18:49:08 → 2026/05/06 17:29:07)
2026-05-20 11:03:32,807 [INFO]     第 6 页 20 条 (2026/05/06 17:24:07 → 2026/05/06 16:50:21)
2026-05-20 11:03:33,638 [INFO]     第 7 页 20 条 (2026/05/06 16:49:07 → 2026/05/06 15:58:55)
2026-05-20 11:03:34,070 [INFO]     第 8 页 20 条 (2026/05/06 15:58:35 → 2026/05/06 14:47:06)
2026-05-20 11:03:34,686 [INFO]     第 9 页 20 条 (2026/05/06 14:44:07 → 2026/05/06 13:25:24)
2026-05-20 11:03:35,291 [WARNING]     第10页第1次服务端错误提示, 等待重试
2026-05-20 11:03:36,836 [WARNING]     第10页第2次服务端错误提示, 等待重试
2026-05-20 11:03:39,981 [INFO]     第 10 页 20 条 (2026/05/06 13:24:06 → 2026/05/06 12:54:57)
2026-05-20 11:03:40,901 [INFO]     第 11 页 20 条 (2026/05/06 12:54:28 → 2026/05/06 12:37:27)
2026-05-20 11:03:41,729 [INFO]     第 12 页 20 条 (2026/05/06 12:35:58 → 2026/05/06 11:39:06)
2026-05-20 11:03:42,535 [INFO]     第 13 页 20 条 (2026/05/06 11:34:06 → 2026/05/06 10:24:06)
2026-05-20 11:03:43,462 [INFO]     第 14 页 20 条 (2026/05/06 10:21:03 → 2026/05/06 09:40:11)
2026-05-20 11:03:43,464 [INFO]   ✓ 2026-05-06 10:00:57  折算价=685.62
2026-05-20 11:03:43,466 [INFO] >>> 进度: 330/344 (95.9%) <<<
2026-05-20 11:03:44,420 [INFO] === 2026-05-07 ===
2026-05-20 11:03:44,473 [INFO]   #1 OCR=cb7E
2026-05-20 11:03:44,676 [INFO]     第 1 页 20 条 (2026/05/07 23:59:15 → 2026/05/07 22:39:14)  共 15 页
2026-05-20 11:03:44,726 [WARNING]     第2页第1次服务端错误提示, 等待重试
2026-05-20 11:03:46,368 [INFO]     第 2 页 20 条 (2026/05/07 22:34:14 → 2026/05/07 20:59:14)
2026-05-20 11:03:47,293 [INFO]     第 3 页 20 条 (2026/05/07 20:54:14 → 2026/05/07 19:19:14)
2026-05-20 11:03:47,732 [WARNING]     第4页第1次服务端错误提示, 等待重试
2026-05-20 11:03:49,277 [WARNING]     第4页第2次服务端错误提示, 等待重试
2026-05-20 11:03:52,322 [WARNING]     第4页第3次服务端错误提示, 等待重试
2026-05-20 11:03:56,823 [WARNING]   第4页重试全部失败 → 重取验证码重启
2026-05-20 11:03:56,871 [INFO]   #2 OCR=mipd
2026-05-20 11:03:56,977 [INFO]   #2 验证码/服务端错误
2026-05-20 11:03:57,026 [INFO]   #3 OCR=qsdd
2026-05-20 11:03:57,115 [INFO]   #3 验证码/服务端错误
2026-05-20 11:03:57,164 [INFO]   #4 OCR=pkkB
2026-05-20 11:03:57,255 [INFO]   #4 验证码/服务端错误
2026-05-20 11:03:57,300 [INFO]   #5 OCR=hYem
2026-05-20 11:03:57,393 [INFO]   #5 验证码/服务端错误
2026-05-20 11:03:57,438 [INFO]   #6 OCR=nwva
2026-05-20 11:03:57,529 [INFO]   #6 验证码/服务端错误
2026-05-20 11:03:57,577 [INFO]   #7 OCR=xBi
2026-05-20 11:03:57,674 [INFO]   #7 验证码/服务端错误
2026-05-20 11:03:57,719 [INFO]   #8 OCR=b4aF
2026-05-20 11:03:57,810 [INFO]   #8 验证码/服务端错误
2026-05-20 11:03:57,811 [ERROR]   ✗ 2026-05-07 已重试 8 次, 跳过
2026-05-20 11:03:58,906 [INFO] === 2026-05-08 ===
2026-05-20 11:03:58,964 [INFO]   #1 OCR=ub87
2026-05-20 11:03:59,088 [INFO]   #1 验证码/服务端错误
2026-05-20 11:03:59,135 [INFO]   #2 OCR=B7r9
2026-05-20 11:03:59,247 [INFO]   #2 验证码/服务端错误
2026-05-20 11:03:59,295 [INFO]   #3 OCR=63D8
2026-05-20 11:03:59,347 [INFO]   #3 验证码/服务端错误
2026-05-20 11:03:59,418 [INFO]   #4 OCR=oP9e
2026-05-20 11:03:59,553 [INFO]   #4 验证码/服务端错误
2026-05-20 11:03:59,615 [INFO]   #5 OCR=zfBk
2026-05-20 11:03:59,739 [INFO]   #5 验证码/服务端错误
2026-05-20 11:03:59,802 [INFO]   #6 OCR=8gh7
2026-05-20 11:03:59,985 [INFO]     第 1 页 20 条 (2026/05/08 23:59:20 → 2026/05/08 22:34:20)  共 14 页
2026-05-20 11:04:00,031 [WARNING]     第2页第1次服务端错误提示, 等待重试
2026-05-20 11:04:01,582 [WARNING]     第2页第2次服务端错误提示, 等待重试
2026-05-20 11:04:04,637 [WARNING]     第2页第3次服务端错误提示, 等待重试
2026-05-20 11:04:09,138 [WARNING]   第2页重试全部失败 → 重取验证码重启
2026-05-20 11:04:09,194 [INFO]   #7 OCR=Y4F2
2026-05-20 11:04:09,308 [INFO]   #7 验证码/服务端错误
2026-05-20 11:04:09,353 [INFO]   #8 OCR=kqin
2026-05-20 11:04:09,464 [INFO]   #8 验证码/服务端错误
2026-05-20 11:04:09,465 [ERROR]   ✗ 2026-05-08 已重试 8 次, 跳过
2026-05-20 11:04:10,863 [INFO] === 2026-05-09 ===
2026-05-20 11:04:10,910 [INFO]   #1 OCR=cib7
2026-05-20 11:04:11,062 [INFO]     第 1 页 20 条 (2026/05/09 16:45:11 → 2026/05/09 02:29:21)  共 3 页
2026-05-20 11:04:11,062 [INFO]   ✓ 2026-05-09 10:22:23  折算价=685.02
2026-05-20 11:04:12,103 [INFO] === 2026-05-10 ===
2026-05-20 11:04:12,152 [INFO]   #1 OCR=Ihu
2026-05-20 11:04:12,268 [INFO]   #1 验证码/服务端错误
2026-05-20 11:04:12,316 [INFO]   #2 OCR=L0Fe
2026-05-20 11:04:12,432 [INFO]   #2 验证码/服务端错误
2026-05-20 11:04:12,481 [INFO]   #3 OCR=nwwv
2026-05-20 11:04:12,655 [INFO]     第 1 页 6 条 (2026/05/10 10:30:00 → 2026/05/10 00:00:05)  共 1 页
2026-05-20 11:04:12,655 [INFO]   ✓ 2026-05-10 10:30:00  折算价=685.02
2026-05-20 11:04:13,795 [INFO] === 2026-05-11 ===
2026-05-20 11:04:13,841 [INFO]   #1 OCR=cakj
2026-05-20 11:04:13,955 [INFO]   #1 验证码/服务端错误
2026-05-20 11:04:14,002 [INFO]   #2 OCR=xvph
2026-05-20 11:04:14,203 [INFO]     第 1 页 20 条 (2026/05/11 23:59:38 → 2026/05/11 22:34:37)  共 11 页
2026-05-20 11:04:14,251 [WARNING]     第2页第1次服务端错误提示, 等待重试
2026-05-20 11:04:15,872 [INFO]     第 2 页 20 条 (2026/05/11 22:32:13 → 2026/05/11 20:59:37)
2026-05-20 11:04:16,523 [INFO]     第 3 页 20 条 (2026/05/11 20:54:37 → 2026/05/11 19:34:37)
2026-05-20 11:04:17,317 [INFO]     第 4 页 20 条 (2026/05/11 19:29:37 → 2026/05/11 18:14:36)
2026-05-20 11:04:17,764 [INFO]     第 5 页 20 条 (2026/05/11 18:09:36 → 2026/05/11 16:34:36)
2026-05-20 11:04:18,549 [INFO]     第 6 页 20 条 (2026/05/11 16:29:36 → 2026/05/11 14:54:36)
2026-05-20 11:04:19,070 [INFO]     第 7 页 20 条 (2026/05/11 14:49:36 → 2026/05/11 13:24:35)
2026-05-20 11:04:19,853 [INFO]     第 8 页 20 条 (2026/05/11 13:19:35 → 2026/05/11 11:44:35)
2026-05-20 11:04:20,514 [INFO]     第 9 页 20 条 (2026/05/11 11:39:35 → 2026/05/11 10:16:49)
2026-05-20 11:04:21,146 [INFO]     第 10 页 20 条 (2026/05/11 10:14:34 → 2026/05/11 09:30:52)
2026-05-20 11:04:21,148 [INFO]   ✓ 2026-05-11 10:04:34  折算价=684.67
2026-05-20 11:04:22,582 [INFO] === 2026-05-12 ===
2026-05-20 11:04:22,637 [INFO]   #1 OCR=xe9s
2026-05-20 11:04:22,829 [INFO]     第 1 页 20 条 (2026/05/12 23:59:43 → 2026/05/12 22:49:43)  共 15 页
2026-05-20 11:04:22,946 [INFO]     第 2 页 20 条 (2026/05/12 22:44:43 → 2026/05/12 21:39:43)
2026-05-20 11:04:23,490 [INFO]     第 3 页 20 条 (2026/05/12 21:34:43 → 2026/05/12 20:29:43)
2026-05-20 11:04:24,250 [INFO]     第 4 页 20 条 (2026/05/12 20:24:43 → 2026/05/12 19:04:42)
2026-05-20 11:04:25,016 [INFO]     第 5 页 20 条 (2026/05/12 19:03:32 → 2026/05/12 17:49:42)
2026-05-20 11:04:25,815 [INFO]     第 6 页 20 条 (2026/05/12 17:44:42 → 2026/05/12 16:39:42)
2026-05-20 11:04:26,617 [INFO]     第 7 页 20 条 (2026/05/12 16:38:18 → 2026/05/12 15:39:41)
2026-05-20 11:04:29,289 [INFO]     第 8 页 20 条 (2026/05/12 15:39:41 → 2026/05/12 14:34:41)
2026-05-20 11:04:30,202 [INFO]     第 9 页 20 条 (2026/05/12 14:29:41 → 2026/05/12 13:41:43)
2026-05-20 11:04:30,898 [INFO]     第 10 页 20 条 (2026/05/12 13:34:41 → 2026/05/12 11:54:41)
2026-05-20 11:04:31,554 [INFO]     第 11 页 20 条 (2026/05/12 11:49:40 → 2026/05/12 10:24:40)
2026-05-20 11:04:32,128 [INFO]     第 12 页 20 条 (2026/05/12 10:19:40 → 2026/05/12 09:44:40)
2026-05-20 11:04:32,130 [INFO]   ✓ 2026-05-12 10:04:40  折算价=684.26
2026-05-20 11:04:33,212 [INFO] === 2026-05-13 ===
2026-05-20 11:04:33,261 [INFO]   #1 OCR=zxxR
2026-05-20 11:04:33,373 [INFO]     第 1 页 20 条 (2026/05/13 23:59:49 → 2026/05/13 22:29:49)  共 12 页
2026-05-20 11:04:33,490 [INFO]     第 2 页 20 条 (2026/05/13 22:24:49 → 2026/05/13 21:04:09)
2026-05-20 11:04:34,404 [INFO]     第 3 页 20 条 (2026/05/13 20:59:48 → 2026/05/13 19:34:48)
2026-05-20 11:04:35,048 [INFO]     第 4 页 20 条 (2026/05/13 19:29:48 → 2026/05/13 18:12:29)
2026-05-20 11:04:35,605 [INFO]     第 5 页 20 条 (2026/05/13 18:10:46 → 2026/05/13 16:49:47)
2026-05-20 11:04:36,511 [INFO]     第 6 页 20 条 (2026/05/13 16:44:47 → 2026/05/13 15:19:47)
2026-05-20 11:04:37,143 [INFO]     第 7 页 20 条 (2026/05/13 15:14:47 → 2026/05/13 13:49:47)
2026-05-20 11:04:37,944 [INFO]     第 8 页 20 条 (2026/05/13 13:44:47 → 2026/05/13 11:04:39)
2026-05-20 11:04:38,764 [INFO]     第 9 页 20 条 (2026/05/13 10:59:46 → 2026/05/13 10:10:16)
2026-05-20 11:04:39,363 [WARNING]     第10页第1次服务端错误提示, 等待重试
2026-05-20 11:04:41,000 [INFO]     第 10 页 20 条 (2026/05/13 10:09:46 → 2026/05/13 06:40:20)
2026-05-20 11:04:41,001 [INFO]   ✓ 2026-05-13 10:04:46  折算价=684.31
2026-05-20 11:04:42,013 [INFO] === 2026-05-14 ===
2026-05-20 11:04:42,067 [INFO]   #1 OCR=qrch
2026-05-20 11:04:42,259 [INFO]     第 1 页 20 条 (2026/05/14 23:59:55 → 2026/05/14 22:39:55)  共 14 页
2026-05-20 11:04:42,366 [INFO]     第 2 页 20 条 (2026/05/14 22:34:55 → 2026/05/14 21:38:43)
2026-05-20 11:04:43,260 [INFO]     第 3 页 20 条 (2026/05/14 21:34:54 → 2026/05/14 19:59:54)
2026-05-20 11:04:43,837 [INFO]     第 4 页 20 条 (2026/05/14 19:59:26 → 2026/05/14 18:24:54)
2026-05-20 11:04:44,307 [WARNING]     第5页第1次服务端错误提示, 等待重试
2026-05-20 11:04:45,849 [WARNING]     第5页第2次服务端错误提示, 等待重试
2026-05-20 11:04:48,896 [WARNING]     第5页第3次服务端错误提示, 等待重试
2026-05-20 11:04:53,397 [WARNING]   第5页重试全部失败 → 重取验证码重启
2026-05-20 11:04:53,513 [INFO]   #2 OCR=DcR
2026-05-20 11:04:53,610 [INFO]   #2 验证码/服务端错误
2026-05-20 11:04:53,656 [INFO]   #3 OCR=dl3y
2026-05-20 11:04:53,747 [INFO]   #3 验证码/服务端错误
2026-05-20 11:04:53,798 [INFO]   #4 OCR=ywqb
2026-05-20 11:04:53,889 [INFO]   #4 验证码/服务端错误
2026-05-20 11:04:53,934 [INFO]   #5 OCR=udwh
2026-05-20 11:04:54,025 [INFO]   #5 验证码/服务端错误
2026-05-20 11:04:54,074 [INFO]   #6 OCR=Bh80
2026-05-20 11:04:54,254 [INFO]     第 1 页 20 条 (2026/05/14 23:59:55 → 2026/05/14 22:39:55)  共 14 页
2026-05-20 11:04:54,296 [WARNING]     第2页第1次服务端错误提示, 等待重试
2026-05-20 11:04:55,909 [INFO]     第 2 页 20 条 (2026/05/14 22:34:55 → 2026/05/14 21:38:43)
2026-05-20 11:04:56,692 [WARNING]     第3页第1次服务端错误提示, 等待重试
2026-05-20 11:04:58,236 [WARNING]     第3页第2次服务端错误提示, 等待重试
2026-05-20 11:05:01,279 [WARNING]     第3页第3次服务端错误提示, 等待重试
2026-05-20 11:05:05,780 [WARNING]   第3页重试全部失败 → 重取验证码重启
2026-05-20 11:05:05,855 [INFO]   #7 OCR=lk2n
2026-05-20 11:05:05,991 [INFO]   #7 验证码/服务端错误
2026-05-20 11:05:06,059 [INFO]   #8 OCR=TSo3
2026-05-20 11:05:06,493 [INFO]   #8 验证码/服务端错误
2026-05-20 11:05:06,494 [ERROR]   ✗ 2026-05-14 已重试 8 次, 跳过
2026-05-20 11:05:07,559 [INFO] === 2026-05-15 ===
2026-05-20 11:05:07,606 [INFO]   #1 OCR=xfk4
2026-05-20 11:05:07,729 [INFO]   #1 验证码/服务端错误
2026-05-20 11:05:07,781 [INFO]   #2 OCR=hbpq
2026-05-20 11:05:07,881 [INFO]   #2 验证码/服务端错误
2026-05-20 11:05:07,929 [INFO]   #3 OCR=c1M4
2026-05-20 11:05:08,024 [INFO]   #3 验证码/服务端错误
2026-05-20 11:05:08,072 [INFO]   #4 OCR=3Eb
2026-05-20 11:05:08,164 [INFO]   #4 验证码/服务端错误
2026-05-20 11:05:08,214 [INFO]   #5 OCR=AxLv
2026-05-20 11:05:08,302 [INFO]   #5 验证码/服务端错误
2026-05-20 11:05:08,351 [INFO]   #6 OCR=Pu8Z
2026-05-20 11:05:08,443 [INFO]   #6 验证码/服务端错误
2026-05-20 11:05:08,490 [INFO]   #7 OCR=mIe
2026-05-20 11:05:08,580 [INFO]   #7 验证码/服务端错误
2026-05-20 11:05:08,628 [INFO]   #8 OCR=cm3
2026-05-20 11:05:08,718 [INFO]   #8 验证码/服务端错误
2026-05-20 11:05:08,718 [ERROR]   ✗ 2026-05-15 已重试 8 次, 跳过
2026-05-20 11:05:10,027 [INFO] === 2026-05-16 ===
2026-05-20 11:05:10,110 [INFO]   #1 OCR=jazy
2026-05-20 11:05:10,236 [INFO]   #1 验证码/服务端错误
2026-05-20 11:05:10,285 [INFO]   #2 OCR=J1y
2026-05-20 11:05:10,390 [INFO]   #2 验证码/服务端错误
2026-05-20 11:05:10,443 [INFO]   #3 OCR=y3nq
2026-05-20 11:05:10,540 [INFO]   #3 验证码/服务端错误
2026-05-20 11:05:10,588 [INFO]   #4 OCR=Jgu
2026-05-20 11:05:10,691 [INFO]   #4 验证码/服务端错误
2026-05-20 11:05:10,743 [INFO]   #5 OCR='s' 长度异常
2026-05-20 11:05:10,855 [INFO]   #6 OCR=qrbw
2026-05-20 11:05:10,956 [INFO]   #6 验证码/服务端错误
2026-05-20 11:05:11,004 [INFO]   #7 OCR=ubs
2026-05-20 11:05:11,099 [INFO]   #7 验证码/服务端错误
2026-05-20 11:05:11,145 [INFO]   #8 OCR=hj8m
2026-05-20 11:05:11,246 [INFO]   #8 验证码/服务端错误
2026-05-20 11:05:11,246 [ERROR]   ✗ 2026-05-16 已重试 8 次, 跳过
2026-05-20 11:05:11,246 [INFO] >>> 进度: 340/344 (98.8%) <<<
2026-05-20 11:05:12,577 [INFO] === 2026-05-17 ===
2026-05-20 11:05:12,629 [INFO]   #1 OCR=dyza
2026-05-20 11:05:12,744 [INFO]   #1 验证码/服务端错误
2026-05-20 11:05:12,793 [INFO]   #2 OCR=jph
2026-05-20 11:05:12,905 [INFO]   #2 验证码/服务端错误
2026-05-20 11:05:12,950 [INFO]   #3 OCR=Gkos
2026-05-20 11:05:13,062 [INFO]   #3 验证码/服务端错误
2026-05-20 11:05:13,117 [INFO]   #4 OCR=zt3e
2026-05-20 11:05:13,229 [INFO]   #4 验证码/服务端错误
2026-05-20 11:05:13,277 [INFO]   #5 OCR=kFdc
2026-05-20 11:05:13,392 [INFO]   #5 验证码/服务端错误
2026-05-20 11:05:13,439 [INFO]   #6 OCR=qrz8
2026-05-20 11:05:13,554 [INFO]   #6 验证码/服务端错误
2026-05-20 11:05:13,603 [INFO]   #7 OCR=wcc6
2026-05-20 11:05:13,716 [INFO]   #7 验证码/服务端错误
2026-05-20 11:05:13,762 [INFO]   #8 OCR=sBRL
2026-05-20 11:05:13,875 [INFO]   #8 验证码/服务端错误
2026-05-20 11:05:13,876 [ERROR]   ✗ 2026-05-17 已重试 8 次, 跳过
2026-05-20 11:05:14,953 [INFO] === 2026-05-18 ===
2026-05-20 11:05:15,005 [INFO]   #1 OCR=Lxfa
2026-05-20 11:05:15,187 [INFO]     第 1 页 20 条 (2026/05/18 23:59:53 → 2026/05/18 23:02:23)  共 16 页
2026-05-20 11:05:15,230 [WARNING]     第2页第1次服务端错误提示, 等待重试
2026-05-20 11:05:16,772 [WARNING]     第2页第2次服务端错误提示, 等待重试
2026-05-20 11:05:19,902 [INFO]     第 2 页 20 条 (2026/05/18 22:59:53 → 2026/05/18 21:49:27)
2026-05-20 11:05:20,458 [INFO]     第 3 页 20 条 (2026/05/18 21:48:05 → 2026/05/18 20:09:52)
2026-05-20 11:05:21,324 [INFO]     第 4 页 20 条 (2026/05/18 20:04:52 → 2026/05/18 18:54:52)
2026-05-20 11:05:22,072 [INFO]     第 5 页 20 条 (2026/05/18 18:49:52 → 2026/05/18 17:26:37)
2026-05-20 11:05:22,804 [INFO]     第 6 页 20 条 (2026/05/18 17:24:51 → 2026/05/18 16:44:51)
2026-05-20 11:05:23,556 [INFO]     第 7 页 20 条 (2026/05/18 16:41:39 → 2026/05/18 16:13:09)
2026-05-20 11:05:24,049 [INFO]     第 8 页 20 条 (2026/05/18 16:09:51 → 2026/05/18 15:23:37)
2026-05-20 11:05:24,957 [INFO]     第 9 页 20 条 (2026/05/18 15:22:31 → 2026/05/18 14:34:51)
2026-05-20 11:05:25,860 [INFO]     第 10 页 20 条 (2026/05/18 14:32:54 → 2026/05/18 13:59:50)
2026-05-20 11:05:26,466 [INFO]     第 11 页 20 条 (2026/05/18 13:56:23 → 2026/05/18 12:44:50)
2026-05-20 11:05:29,462 [INFO]     第 12 页 20 条 (2026/05/18 12:39:50 → 2026/05/18 11:14:18)
2026-05-20 11:05:30,307 [INFO]     第 13 页 20 条 (2026/05/18 11:13:55 → 2026/05/18 10:20:22)
2026-05-20 11:05:30,795 [INFO]     第 14 页 20 条 (2026/05/18 10:19:50 → 2026/05/18 09:45:10)
2026-05-20 11:05:30,797 [INFO]   ✓ 2026-05-18 10:00:20  折算价=684.35
2026-05-20 11:05:31,680 [INFO] === 2026-05-19 ===
2026-05-20 11:05:31,728 [INFO]   #1 OCR=uncr
2026-05-20 11:05:31,931 [INFO]     第 1 页 20 条 (2026/05/19 23:59:59 → 2026/05/19 22:53:24)  共 17 页
2026-05-20 11:05:32,073 [INFO]     第 2 页 20 条 (2026/05/19 22:49:58 → 2026/05/19 21:59:58)
2026-05-20 11:05:32,537 [INFO]     第 3 页 20 条 (2026/05/19 21:54:58 → 2026/05/19 20:49:58)
2026-05-20 11:05:33,264 [INFO]     第 4 页 20 条 (2026/05/19 20:44:58 → 2026/05/19 19:29:58)
2026-05-20 11:05:33,999 [INFO]     第 5 页 20 条 (2026/05/19 19:24:58 → 2026/05/19 18:14:57)
2026-05-20 11:05:34,913 [INFO]     第 6 页 20 条 (2026/05/19 18:13:26 → 2026/05/19 17:04:31)
2026-05-20 11:05:35,421 [INFO]     第 7 页 20 条 (2026/05/19 16:59:57 → 2026/05/19 15:54:06)
2026-05-20 11:05:36,217 [INFO]     第 8 页 20 条 (2026/05/19 15:49:57 → 2026/05/19 14:55:57)
2026-05-20 11:05:37,068 [INFO]     第 9 页 20 条 (2026/05/19 14:54:56 → 2026/05/19 14:04:31)
2026-05-20 11:05:37,588 [INFO]     第 10 页 20 条 (2026/05/19 14:00:54 → 2026/05/19 12:59:56)
2026-05-20 11:05:38,310 [INFO]     第 11 页 20 条 (2026/05/19 12:55:27 → 2026/05/19 11:24:56)
2026-05-20 11:05:39,102 [INFO]     第 12 页 20 条 (2026/05/19 11:19:56 → 2026/05/19 10:29:34)
2026-05-20 11:05:39,882 [INFO]     第 13 页 20 条 (2026/05/19 10:27:09 → 2026/05/19 09:54:55)
2026-05-20 11:05:39,883 [INFO]   ✓ 2026-05-19 10:00:53  折算价=683.75
2026-05-20 11:05:40,839 [INFO] === 2026-05-20 ===
2026-05-20 11:05:40,896 [INFO]   #1 OCR=D7pq
2026-05-20 11:05:41,058 [INFO]     第 1 页 20 条 (2026/05/20 11:01:15 → 2026/05/20 10:29:50)  共 6 页
2026-05-20 11:05:41,180 [INFO]     第 2 页 20 条 (2026/05/20 10:28:47 → 2026/05/20 10:02:33)
2026-05-20 11:05:41,789 [INFO]     第 3 页 20 条 (2026/05/20 10:01:37 → 2026/05/20 09:36:46)
2026-05-20 11:05:41,790 [INFO]   ✓ 2026-05-20 10:00:01  折算价=683.97
2026-05-20 11:05:42,624 [INFO] == 全部完成, 共处理 344 天 ==
2026-05-20 20:58:13,917 [INFO] 总范围: 2025-01-01 → 2026-05-20 | 已有: 459 天 | 待补抓: 46 天
2026-05-20 20:58:14,106 [INFO] === 2025-03-30 ===
2026-05-20 20:58:15,396 [ERROR]   ✗ 2025-03-30 已达最大重试次数，跳过
2026-05-20 20:58:16,344 [INFO] === 2025-06-12 ===
2026-05-20 20:58:18,081 [ERROR]   ✗ 2025-06-12 已达最大重试次数，跳过
2026-05-20 20:58:18,835 [INFO] === 2025-06-13 ===
2026-05-20 20:58:20,473 [ERROR]   ✗ 2025-06-13 已达最大重试次数，跳过
2026-05-20 20:58:21,499 [INFO] === 2025-09-24 ===
2026-05-20 20:58:23,371 [ERROR]   ✗ 2025-09-24 已达最大重试次数，跳过
2026-05-20 20:58:24,188 [INFO] === 2025-09-30 ===
2026-05-20 20:58:25,606 [ERROR]   ✗ 2025-09-30 已达最大重试次数，跳过
2026-05-20 20:58:26,300 [INFO] === 2025-10-01 ===
2026-05-20 20:58:27,791 [ERROR]   ✗ 2025-10-01 已达最大重试次数，跳过
2026-05-20 20:58:28,816 [INFO] === 2025-10-02 ===
2026-05-20 20:58:30,446 [ERROR]   ✗ 2025-10-02 已达最大重试次数，跳过
2026-05-20 20:58:31,137 [INFO] === 2025-10-03 ===
2026-05-20 20:58:32,608 [ERROR]   ✗ 2025-10-03 已达最大重试次数，跳过
2026-05-20 20:58:33,709 [INFO] === 2025-10-04 ===
2026-05-20 20:58:42,428 [ERROR]   ✗ 2025-10-04 已达最大重试次数，跳过
2026-05-20 20:58:43,473 [INFO] === 2025-10-05 ===
2026-05-20 20:58:44,815 [ERROR]   ✗ 2025-10-05 已达最大重试次数，跳过
2026-05-20 20:58:44,815 [INFO] >>> 补抓进度: 10/46 (21.7%) <<<
2026-05-20 20:58:45,743 [INFO] === 2025-10-06 ===
2026-05-20 20:58:47,005 [ERROR]   ✗ 2025-10-06 已达最大重试次数，跳过
2026-05-20 20:58:48,016 [INFO] === 2025-10-07 ===
2026-05-20 20:58:49,425 [ERROR]   ✗ 2025-10-07 已达最大重试次数，跳过
2026-05-20 20:58:50,477 [INFO] === 2025-10-08 ===
2026-05-20 20:58:51,991 [ERROR]   ✗ 2025-10-08 已达最大重试次数，跳过
2026-05-20 20:58:52,681 [INFO] === 2025-10-13 ===
2026-05-20 20:58:53,847 [ERROR]   ✗ 2025-10-13 已达最大重试次数，跳过
2026-05-20 20:58:54,803 [INFO] === 2025-10-27 ===
2026-05-20 20:58:56,018 [ERROR]   ✗ 2025-10-27 已达最大重试次数，跳过
2026-05-20 20:58:56,944 [INFO] === 2025-10-28 ===
2026-05-20 20:58:58,240 [ERROR]   ✗ 2025-10-28 已达最大重试次数，跳过
2026-05-20 20:58:59,268 [INFO] === 2025-11-04 ===
2026-05-20 20:59:00,842 [ERROR]   ✗ 2025-11-04 已达最大重试次数，跳过
2026-05-20 20:59:01,564 [INFO] === 2025-11-10 ===
2026-05-20 20:59:03,294 [ERROR]   ✗ 2025-11-10 已达最大重试次数，跳过
2026-05-20 20:59:04,207 [INFO] === 2025-11-11 ===
2026-05-20 20:59:05,407 [ERROR]   ✗ 2025-11-11 已达最大重试次数，跳过
2026-05-20 20:59:06,246 [INFO] === 2025-11-21 ===
2026-05-20 20:59:07,504 [ERROR]   ✗ 2025-11-21 已达最大重试次数，跳过
2026-05-20 20:59:07,505 [INFO] >>> 补抓进度: 20/46 (43.5%) <<<
2026-05-20 20:59:08,221 [INFO] === 2025-11-28 ===
2026-05-20 20:59:09,159 [ERROR]   ✗ 2025-11-28 已达最大重试次数，跳过
2026-05-20 20:59:10,192 [INFO] === 2025-12-04 ===
2026-05-20 20:59:10,846 [ERROR]   ✗ 2025-12-04 已达最大重试次数，跳过
2026-05-20 20:59:11,569 [INFO] === 2025-12-08 ===
2026-05-20 20:59:12,786 [ERROR]   ✗ 2025-12-08 已达最大重试次数，跳过
2026-05-20 20:59:13,435 [INFO] === 2025-12-12 ===
2026-05-20 20:59:14,762 [ERROR]   ✗ 2025-12-12 已达最大重试次数，跳过
2026-05-20 20:59:15,934 [INFO] === 2025-12-18 ===
2026-05-20 20:59:17,438 [ERROR]   ✗ 2025-12-18 已达最大重试次数，跳过
2026-05-20 20:59:18,463 [INFO] === 2025-12-19 ===
2026-05-20 20:59:20,051 [ERROR]   ✗ 2025-12-19 已达最大重试次数，跳过
2026-05-20 20:59:21,089 [INFO] === 2025-12-20 ===
2026-05-20 20:59:22,852 [ERROR]   ✗ 2025-12-20 已达最大重试次数，跳过
2026-05-20 20:59:23,918 [INFO] === 2025-12-21 ===
2026-05-20 20:59:25,497 [ERROR]   ✗ 2025-12-21 已达最大重试次数，跳过
2026-05-20 20:59:26,403 [INFO] === 2025-12-22 ===
2026-05-20 20:59:27,681 [ERROR]   ✗ 2025-12-22 已达最大重试次数，跳过
2026-05-20 20:59:28,624 [INFO] === 2025-12-23 ===
2026-05-20 20:59:29,845 [ERROR]   ✗ 2025-12-23 已达最大重试次数，跳过
2026-05-20 20:59:29,845 [INFO] >>> 补抓进度: 30/46 (65.2%) <<<
2026-05-20 20:59:30,515 [INFO] === 2025-12-24 ===
2026-05-20 20:59:32,047 [ERROR]   ✗ 2025-12-24 已达最大重试次数，跳过
2026-05-20 20:59:32,874 [INFO] === 2026-04-08 ===
2026-05-20 20:59:34,315 [ERROR]   ✗ 2026-04-08 已达最大重试次数，跳过
2026-05-20 20:59:35,309 [INFO] === 2026-04-14 ===
2026-05-20 20:59:41,878 [ERROR]   ✗ 2026-04-14 已达最大重试次数，跳过
2026-05-20 20:59:42,683 [INFO] === 2026-04-15 ===
2026-05-20 20:59:44,069 [ERROR]   ✗ 2026-04-15 已达最大重试次数，跳过
2026-05-20 20:59:44,942 [INFO] === 2026-04-16 ===
2026-05-20 20:59:46,287 [ERROR]   ✗ 2026-04-16 已达最大重试次数，跳过
2026-05-20 20:59:47,253 [INFO] === 2026-04-17 ===
2026-05-20 20:59:48,556 [ERROR]   ✗ 2026-04-17 已达最大重试次数，跳过
2026-05-20 20:59:49,478 [INFO] === 2026-04-18 ===
2026-05-20 20:59:50,731 [ERROR]   ✗ 2026-04-18 已达最大重试次数，跳过
2026-05-20 20:59:51,885 [INFO] === 2026-04-23 ===
2026-05-20 20:59:53,179 [ERROR]   ✗ 2026-04-23 已达最大重试次数，跳过
2026-05-20 20:59:53,937 [INFO] === 2026-04-28 ===
2026-05-20 20:59:55,256 [ERROR]   ✗ 2026-04-28 已达最大重试次数，跳过
2026-05-20 20:59:55,897 [INFO] === 2026-04-30 ===
2026-05-20 20:59:57,191 [ERROR]   ✗ 2026-04-30 已达最大重试次数，跳过
2026-05-20 20:59:57,192 [INFO] >>> 补抓进度: 40/46 (87.0%) <<<
2026-05-20 20:59:57,946 [INFO] === 2026-05-07 ===
2026-05-20 20:59:59,158 [ERROR]   ✗ 2026-05-07 已达最大重试次数，跳过
2026-05-20 21:00:00,317 [INFO] === 2026-05-08 ===
2026-05-20 21:00:01,585 [ERROR]   ✗ 2026-05-08 已达最大重试次数，跳过
2026-05-20 21:00:02,490 [INFO] === 2026-05-14 ===
2026-05-20 21:00:03,829 [ERROR]   ✗ 2026-05-14 已达最大重试次数，跳过
2026-05-20 21:00:04,560 [INFO] === 2026-05-15 ===
2026-05-20 21:00:05,661 [ERROR]   ✗ 2026-05-15 已达最大重试次数，跳过
2026-05-20 21:00:06,498 [INFO] === 2026-05-16 ===
2026-05-20 21:00:07,851 [ERROR]   ✗ 2026-05-16 已达最大重试次数，跳过
2026-05-20 21:00:08,738 [INFO] === 2026-05-17 ===
2026-05-20 21:00:10,006 [ERROR]   ✗ 2026-05-17 已达最大重试次数，跳过
2026-05-20 21:00:11,086 [INFO] == 运行结束 ==
2026-05-20 21:21:42,825 [INFO] 总范围: 2025-01-01 → 2026-05-20 | 已有: 459 天 | 待补抓: 46 天
2026-05-20 21:21:43,140 [INFO] === 2025-03-30 ===
2026-05-20 21:21:43,140 [ERROR] 2025-03-30 遇到顶层突发异常: name 'MAX_DAY_ATTEMAIDS' is not defined
Traceback (most recent call last):
  File "D:\boc_scraper\boc_scraper_v6.1.py", line 336, in main
    rec = fetch_one_day(session, d)
  File "D:\boc_scraper\boc_scraper_v6.1.py", line 206, in fetch_one_day
    for day_attempt in range(1, MAX_DAY_ATTEMAIDS + 1):
                                ^^^^^^^^^^^^^^^^^
NameError: name 'MAX_DAY_ATTEMAIDS' is not defined. Did you mean: 'MAX_DAY_ATTEMPTS'?
2026-05-20 21:21:44,289 [INFO] === 2025-06-12 ===
2026-05-20 21:21:44,290 [ERROR] 2025-06-12 遇到顶层突发异常: name 'MAX_DAY_ATTEMAIDS' is not defined
Traceback (most recent call last):
  File "D:\boc_scraper\boc_scraper_v6.1.py", line 336, in main
    rec = fetch_one_day(session, d)
  File "D:\boc_scraper\boc_scraper_v6.1.py", line 206, in fetch_one_day
    for day_attempt in range(1, MAX_DAY_ATTEMAIDS + 1):
                                ^^^^^^^^^^^^^^^^^
NameError: name 'MAX_DAY_ATTEMAIDS' is not defined. Did you mean: 'MAX_DAY_ATTEMPTS'?
2026-05-20 21:21:45,574 [INFO] === 2025-06-13 ===
2026-05-20 21:21:45,575 [ERROR] 2025-06-13 遇到顶层突发异常: name 'MAX_DAY_ATTEMAIDS' is not defined
Traceback (most recent call last):
  File "D:\boc_scraper\boc_scraper_v6.1.py", line 336, in main
    rec = fetch_one_day(session, d)
  File "D:\boc_scraper\boc_scraper_v6.1.py", line 206, in fetch_one_day
    for day_attempt in range(1, MAX_DAY_ATTEMAIDS + 1):
                                ^^^^^^^^^^^^^^^^^
NameError: name 'MAX_DAY_ATTEMAIDS' is not defined. Did you mean: 'MAX_DAY_ATTEMPTS'?
2026-05-20 21:21:47,176 [INFO] === 2025-09-24 ===
2026-05-20 21:21:47,177 [ERROR] 2025-09-24 遇到顶层突发异常: name 'MAX_DAY_ATTEMAIDS' is not defined
Traceback (most recent call last):
  File "D:\boc_scraper\boc_scraper_v6.1.py", line 336, in main
    rec = fetch_one_day(session, d)
  File "D:\boc_scraper\boc_scraper_v6.1.py", line 206, in fetch_one_day
    for day_attempt in range(1, MAX_DAY_ATTEMAIDS + 1):
                                ^^^^^^^^^^^^^^^^^
NameError: name 'MAX_DAY_ATTEMAIDS' is not defined. Did you mean: 'MAX_DAY_ATTEMPTS'?
2026-05-20 21:21:48,212 [INFO] === 2025-09-30 ===
2026-05-20 21:21:48,212 [ERROR] 2025-09-30 遇到顶层突发异常: name 'MAX_DAY_ATTEMAIDS' is not defined
Traceback (most recent call last):
  File "D:\boc_scraper\boc_scraper_v6.1.py", line 336, in main
    rec = fetch_one_day(session, d)
  File "D:\boc_scraper\boc_scraper_v6.1.py", line 206, in fetch_one_day
    for day_attempt in range(1, MAX_DAY_ATTEMAIDS + 1):
                                ^^^^^^^^^^^^^^^^^
NameError: name 'MAX_DAY_ATTEMAIDS' is not defined. Did you mean: 'MAX_DAY_ATTEMPTS'?
2026-05-20 21:21:49,479 [INFO] === 2025-10-01 ===
2026-05-20 21:21:49,479 [ERROR] 2025-10-01 遇到顶层突发异常: name 'MAX_DAY_ATTEMAIDS' is not defined
Traceback (most recent call last):
  File "D:\boc_scraper\boc_scraper_v6.1.py", line 336, in main
    rec = fetch_one_day(session, d)
  File "D:\boc_scraper\boc_scraper_v6.1.py", line 206, in fetch_one_day
    for day_attempt in range(1, MAX_DAY_ATTEMAIDS + 1):
                                ^^^^^^^^^^^^^^^^^
NameError: name 'MAX_DAY_ATTEMAIDS' is not defined. Did you mean: 'MAX_DAY_ATTEMPTS'?
2026-05-20 21:21:50,965 [INFO] === 2025-10-02 ===
2026-05-20 21:21:50,965 [ERROR] 2025-10-02 遇到顶层突发异常: name 'MAX_DAY_ATTEMAIDS' is not defined
Traceback (most recent call last):
  File "D:\boc_scraper\boc_scraper_v6.1.py", line 336, in main
    rec = fetch_one_day(session, d)
  File "D:\boc_scraper\boc_scraper_v6.1.py", line 206, in fetch_one_day
    for day_attempt in range(1, MAX_DAY_ATTEMAIDS + 1):
                                ^^^^^^^^^^^^^^^^^
NameError: name 'MAX_DAY_ATTEMAIDS' is not defined. Did you mean: 'MAX_DAY_ATTEMPTS'?
2026-05-20 21:21:52,194 [INFO] === 2025-10-03 ===
2026-05-20 21:21:52,194 [ERROR] 2025-10-03 遇到顶层突发异常: name 'MAX_DAY_ATTEMAIDS' is not defined
Traceback (most recent call last):
  File "D:\boc_scraper\boc_scraper_v6.1.py", line 336, in main
    rec = fetch_one_day(session, d)
  File "D:\boc_scraper\boc_scraper_v6.1.py", line 206, in fetch_one_day
    for day_attempt in range(1, MAX_DAY_ATTEMAIDS + 1):
                                ^^^^^^^^^^^^^^^^^
NameError: name 'MAX_DAY_ATTEMAIDS' is not defined. Did you mean: 'MAX_DAY_ATTEMPTS'?
2026-05-20 21:21:53,513 [INFO] === 2025-10-04 ===
2026-05-20 21:21:53,513 [ERROR] 2025-10-04 遇到顶层突发异常: name 'MAX_DAY_ATTEMAIDS' is not defined
Traceback (most recent call last):
  File "D:\boc_scraper\boc_scraper_v6.1.py", line 336, in main
    rec = fetch_one_day(session, d)
  File "D:\boc_scraper\boc_scraper_v6.1.py", line 206, in fetch_one_day
    for day_attempt in range(1, MAX_DAY_ATTEMAIDS + 1):
                                ^^^^^^^^^^^^^^^^^
NameError: name 'MAX_DAY_ATTEMAIDS' is not defined. Did you mean: 'MAX_DAY_ATTEMPTS'?
2026-05-20 21:21:54,988 [INFO] === 2025-10-05 ===
2026-05-20 21:21:54,989 [ERROR] 2025-10-05 遇到顶层突发异常: name 'MAX_DAY_ATTEMAIDS' is not defined
Traceback (most recent call last):
  File "D:\boc_scraper\boc_scraper_v6.1.py", line 336, in main
    rec = fetch_one_day(session, d)
  File "D:\boc_scraper\boc_scraper_v6.1.py", line 206, in fetch_one_day
    for day_attempt in range(1, MAX_DAY_ATTEMAIDS + 1):
                                ^^^^^^^^^^^^^^^^^
NameError: name 'MAX_DAY_ATTEMAIDS' is not defined. Did you mean: 'MAX_DAY_ATTEMPTS'?
2026-05-20 21:21:55,302 [INFO] >>> 补抓进度: 10/46 (21.7%) <<<
2026-05-20 21:21:55,924 [INFO] === 2025-10-06 ===
2026-05-20 21:21:55,924 [ERROR] 2025-10-06 遇到顶层突发异常: name 'MAX_DAY_ATTEMAIDS' is not defined
Traceback (most recent call last):
  File "D:\boc_scraper\boc_scraper_v6.1.py", line 336, in main
    rec = fetch_one_day(session, d)
  File "D:\boc_scraper\boc_scraper_v6.1.py", line 206, in fetch_one_day
    for day_attempt in range(1, MAX_DAY_ATTEMAIDS + 1):
                                ^^^^^^^^^^^^^^^^^
NameError: name 'MAX_DAY_ATTEMAIDS' is not defined. Did you mean: 'MAX_DAY_ATTEMPTS'?
2026-05-20 21:21:57,210 [INFO] === 2025-10-07 ===
2026-05-20 21:21:57,211 [ERROR] 2025-10-07 遇到顶层突发异常: name 'MAX_DAY_ATTEMAIDS' is not defined
Traceback (most recent call last):
  File "D:\boc_scraper\boc_scraper_v6.1.py", line 336, in main
    rec = fetch_one_day(session, d)
  File "D:\boc_scraper\boc_scraper_v6.1.py", line 206, in fetch_one_day
    for day_attempt in range(1, MAX_DAY_ATTEMAIDS + 1):
                                ^^^^^^^^^^^^^^^^^
NameError: name 'MAX_DAY_ATTEMAIDS' is not defined. Did you mean: 'MAX_DAY_ATTEMPTS'?
2026-05-20 21:21:58,429 [INFO] === 2025-10-08 ===
2026-05-20 21:21:58,429 [ERROR] 2025-10-08 遇到顶层突发异常: name 'MAX_DAY_ATTEMAIDS' is not defined
Traceback (most recent call last):
  File "D:\boc_scraper\boc_scraper_v6.1.py", line 336, in main
    rec = fetch_one_day(session, d)
  File "D:\boc_scraper\boc_scraper_v6.1.py", line 206, in fetch_one_day
    for day_attempt in range(1, MAX_DAY_ATTEMAIDS + 1):
                                ^^^^^^^^^^^^^^^^^
NameError: name 'MAX_DAY_ATTEMAIDS' is not defined. Did you mean: 'MAX_DAY_ATTEMPTS'?
2026-05-20 21:21:59,698 [INFO] === 2025-10-13 ===
2026-05-20 21:21:59,698 [ERROR] 2025-10-13 遇到顶层突发异常: name 'MAX_DAY_ATTEMAIDS' is not defined
Traceback (most recent call last):
  File "D:\boc_scraper\boc_scraper_v6.1.py", line 336, in main
    rec = fetch_one_day(session, d)
  File "D:\boc_scraper\boc_scraper_v6.1.py", line 206, in fetch_one_day
    for day_attempt in range(1, MAX_DAY_ATTEMAIDS + 1):
                                ^^^^^^^^^^^^^^^^^
NameError: name 'MAX_DAY_ATTEMAIDS' is not defined. Did you mean: 'MAX_DAY_ATTEMPTS'?
2026-05-20 21:22:00,967 [INFO] === 2025-10-27 ===
2026-05-20 21:22:00,968 [ERROR] 2025-10-27 遇到顶层突发异常: name 'MAX_DAY_ATTEMAIDS' is not defined
Traceback (most recent call last):
  File "D:\boc_scraper\boc_scraper_v6.1.py", line 336, in main
    rec = fetch_one_day(session, d)
  File "D:\boc_scraper\boc_scraper_v6.1.py", line 206, in fetch_one_day
    for day_attempt in range(1, MAX_DAY_ATTEMAIDS + 1):
                                ^^^^^^^^^^^^^^^^^
NameError: name 'MAX_DAY_ATTEMAIDS' is not defined. Did you mean: 'MAX_DAY_ATTEMPTS'?
2026-05-20 21:22:01,930 [INFO] === 2025-10-28 ===
2026-05-20 21:22:01,931 [ERROR] 2025-10-28 遇到顶层突发异常: name 'MAX_DAY_ATTEMAIDS' is not defined
Traceback (most recent call last):
  File "D:\boc_scraper\boc_scraper_v6.1.py", line 336, in main
    rec = fetch_one_day(session, d)
  File "D:\boc_scraper\boc_scraper_v6.1.py", line 206, in fetch_one_day
    for day_attempt in range(1, MAX_DAY_ATTEMAIDS + 1):
                                ^^^^^^^^^^^^^^^^^
NameError: name 'MAX_DAY_ATTEMAIDS' is not defined. Did you mean: 'MAX_DAY_ATTEMPTS'?
2026-05-20 21:22:03,236 [INFO] === 2025-11-04 ===
2026-05-20 21:22:03,236 [ERROR] 2025-11-04 遇到顶层突发异常: name 'MAX_DAY_ATTEMAIDS' is not defined
Traceback (most recent call last):
  File "D:\boc_scraper\boc_scraper_v6.1.py", line 336, in main
    rec = fetch_one_day(session, d)
  File "D:\boc_scraper\boc_scraper_v6.1.py", line 206, in fetch_one_day
    for day_attempt in range(1, MAX_DAY_ATTEMAIDS + 1):
                                ^^^^^^^^^^^^^^^^^
NameError: name 'MAX_DAY_ATTEMAIDS' is not defined. Did you mean: 'MAX_DAY_ATTEMPTS'?
2026-05-20 21:22:04,874 [INFO] === 2025-11-10 ===
2026-05-20 21:22:04,874 [ERROR] 2025-11-10 遇到顶层突发异常: name 'MAX_DAY_ATTEMAIDS' is not defined
Traceback (most recent call last):
  File "D:\boc_scraper\boc_scraper_v6.1.py", line 336, in main
    rec = fetch_one_day(session, d)
  File "D:\boc_scraper\boc_scraper_v6.1.py", line 206, in fetch_one_day
    for day_attempt in range(1, MAX_DAY_ATTEMAIDS + 1):
                                ^^^^^^^^^^^^^^^^^
NameError: name 'MAX_DAY_ATTEMAIDS' is not defined. Did you mean: 'MAX_DAY_ATTEMPTS'?
2026-05-20 21:22:06,082 [INFO] === 2025-11-11 ===
2026-05-20 21:22:06,082 [ERROR] 2025-11-11 遇到顶层突发异常: name 'MAX_DAY_ATTEMAIDS' is not defined
Traceback (most recent call last):
  File "D:\boc_scraper\boc_scraper_v6.1.py", line 336, in main
    rec = fetch_one_day(session, d)
  File "D:\boc_scraper\boc_scraper_v6.1.py", line 206, in fetch_one_day
    for day_attempt in range(1, MAX_DAY_ATTEMAIDS + 1):
                                ^^^^^^^^^^^^^^^^^
NameError: name 'MAX_DAY_ATTEMAIDS' is not defined. Did you mean: 'MAX_DAY_ATTEMPTS'?
2026-05-20 21:22:07,783 [INFO] === 2025-11-21 ===
2026-05-20 21:22:07,783 [ERROR] 2025-11-21 遇到顶层突发异常: name 'MAX_DAY_ATTEMAIDS' is not defined
Traceback (most recent call last):
  File "D:\boc_scraper\boc_scraper_v6.1.py", line 336, in main
    rec = fetch_one_day(session, d)
  File "D:\boc_scraper\boc_scraper_v6.1.py", line 206, in fetch_one_day
    for day_attempt in range(1, MAX_DAY_ATTEMAIDS + 1):
                                ^^^^^^^^^^^^^^^^^
NameError: name 'MAX_DAY_ATTEMAIDS' is not defined. Did you mean: 'MAX_DAY_ATTEMPTS'?
2026-05-20 21:22:08,329 [INFO] >>> 补抓进度: 20/46 (43.5%) <<<
2026-05-20 21:22:09,235 [INFO] === 2025-11-28 ===
2026-05-20 21:22:09,235 [ERROR] 2025-11-28 遇到顶层突发异常: name 'MAX_DAY_ATTEMAIDS' is not defined
Traceback (most recent call last):
  File "D:\boc_scraper\boc_scraper_v6.1.py", line 336, in main
    rec = fetch_one_day(session, d)
  File "D:\boc_scraper\boc_scraper_v6.1.py", line 206, in fetch_one_day
    for day_attempt in range(1, MAX_DAY_ATTEMAIDS + 1):
                                ^^^^^^^^^^^^^^^^^
NameError: name 'MAX_DAY_ATTEMAIDS' is not defined. Did you mean: 'MAX_DAY_ATTEMPTS'?
2026-05-20 21:22:10,739 [INFO] === 2025-12-04 ===
2026-05-20 21:22:10,739 [ERROR] 2025-12-04 遇到顶层突发异常: name 'MAX_DAY_ATTEMAIDS' is not defined
Traceback (most recent call last):
  File "D:\boc_scraper\boc_scraper_v6.1.py", line 336, in main
    rec = fetch_one_day(session, d)
  File "D:\boc_scraper\boc_scraper_v6.1.py", line 206, in fetch_one_day
    for day_attempt in range(1, MAX_DAY_ATTEMAIDS + 1):
                                ^^^^^^^^^^^^^^^^^
NameError: name 'MAX_DAY_ATTEMAIDS' is not defined. Did you mean: 'MAX_DAY_ATTEMPTS'?
2026-05-20 21:22:11,757 [INFO] === 2025-12-08 ===
2026-05-20 21:22:11,757 [ERROR] 2025-12-08 遇到顶层突发异常: name 'MAX_DAY_ATTEMAIDS' is not defined
Traceback (most recent call last):
  File "D:\boc_scraper\boc_scraper_v6.1.py", line 336, in main
    rec = fetch_one_day(session, d)
  File "D:\boc_scraper\boc_scraper_v6.1.py", line 206, in fetch_one_day
    for day_attempt in range(1, MAX_DAY_ATTEMAIDS + 1):
                                ^^^^^^^^^^^^^^^^^
NameError: name 'MAX_DAY_ATTEMAIDS' is not defined. Did you mean: 'MAX_DAY_ATTEMPTS'?
2026-05-20 21:22:12,929 [INFO] === 2025-12-12 ===
2026-05-20 21:22:12,930 [ERROR] 2025-12-12 遇到顶层突发异常: name 'MAX_DAY_ATTEMAIDS' is not defined
Traceback (most recent call last):
  File "D:\boc_scraper\boc_scraper_v6.1.py", line 336, in main
    rec = fetch_one_day(session, d)
  File "D:\boc_scraper\boc_scraper_v6.1.py", line 206, in fetch_one_day
    for day_attempt in range(1, MAX_DAY_ATTEMAIDS + 1):
                                ^^^^^^^^^^^^^^^^^
NameError: name 'MAX_DAY_ATTEMAIDS' is not defined. Did you mean: 'MAX_DAY_ATTEMPTS'?
2026-05-20 21:22:13,952 [INFO] === 2025-12-18 ===
2026-05-20 21:22:13,952 [ERROR] 2025-12-18 遇到顶层突发异常: name 'MAX_DAY_ATTEMAIDS' is not defined
Traceback (most recent call last):
  File "D:\boc_scraper\boc_scraper_v6.1.py", line 336, in main
    rec = fetch_one_day(session, d)
  File "D:\boc_scraper\boc_scraper_v6.1.py", line 206, in fetch_one_day
    for day_attempt in range(1, MAX_DAY_ATTEMAIDS + 1):
                                ^^^^^^^^^^^^^^^^^
NameError: name 'MAX_DAY_ATTEMAIDS' is not defined. Did you mean: 'MAX_DAY_ATTEMPTS'?
2026-05-20 21:22:15,149 [INFO] === 2025-12-19 ===
2026-05-20 21:22:15,150 [ERROR] 2025-12-19 遇到顶层突发异常: name 'MAX_DAY_ATTEMAIDS' is not defined
Traceback (most recent call last):
  File "D:\boc_scraper\boc_scraper_v6.1.py", line 336, in main
    rec = fetch_one_day(session, d)
  File "D:\boc_scraper\boc_scraper_v6.1.py", line 206, in fetch_one_day
    for day_attempt in range(1, MAX_DAY_ATTEMAIDS + 1):
                                ^^^^^^^^^^^^^^^^^
NameError: name 'MAX_DAY_ATTEMAIDS' is not defined. Did you mean: 'MAX_DAY_ATTEMPTS'?
2026-05-20 21:22:16,699 [INFO] === 2025-12-20 ===
2026-05-20 21:22:16,700 [ERROR] 2025-12-20 遇到顶层突发异常: name 'MAX_DAY_ATTEMAIDS' is not defined
Traceback (most recent call last):
  File "D:\boc_scraper\boc_scraper_v6.1.py", line 336, in main
    rec = fetch_one_day(session, d)
  File "D:\boc_scraper\boc_scraper_v6.1.py", line 206, in fetch_one_day
    for day_attempt in range(1, MAX_DAY_ATTEMAIDS + 1):
                                ^^^^^^^^^^^^^^^^^
NameError: name 'MAX_DAY_ATTEMAIDS' is not defined. Did you mean: 'MAX_DAY_ATTEMPTS'?
2026-05-20 21:22:17,846 [INFO] === 2025-12-21 ===
2026-05-20 21:22:17,847 [ERROR] 2025-12-21 遇到顶层突发异常: name 'MAX_DAY_ATTEMAIDS' is not defined
Traceback (most recent call last):
  File "D:\boc_scraper\boc_scraper_v6.1.py", line 336, in main
    rec = fetch_one_day(session, d)
  File "D:\boc_scraper\boc_scraper_v6.1.py", line 206, in fetch_one_day
    for day_attempt in range(1, MAX_DAY_ATTEMAIDS + 1):
                                ^^^^^^^^^^^^^^^^^
NameError: name 'MAX_DAY_ATTEMAIDS' is not defined. Did you mean: 'MAX_DAY_ATTEMPTS'?
2026-05-20 21:22:19,315 [INFO] === 2025-12-22 ===
2026-05-20 21:22:19,315 [ERROR] 2025-12-22 遇到顶层突发异常: name 'MAX_DAY_ATTEMAIDS' is not defined
Traceback (most recent call last):
  File "D:\boc_scraper\boc_scraper_v6.1.py", line 336, in main
    rec = fetch_one_day(session, d)
  File "D:\boc_scraper\boc_scraper_v6.1.py", line 206, in fetch_one_day
    for day_attempt in range(1, MAX_DAY_ATTEMAIDS + 1):
                                ^^^^^^^^^^^^^^^^^
NameError: name 'MAX_DAY_ATTEMAIDS' is not defined. Did you mean: 'MAX_DAY_ATTEMPTS'?
2026-05-20 21:22:20,309 [INFO] === 2025-12-23 ===
2026-05-20 21:22:20,309 [ERROR] 2025-12-23 遇到顶层突发异常: name 'MAX_DAY_ATTEMAIDS' is not defined
Traceback (most recent call last):
  File "D:\boc_scraper\boc_scraper_v6.1.py", line 336, in main
    rec = fetch_one_day(session, d)
  File "D:\boc_scraper\boc_scraper_v6.1.py", line 206, in fetch_one_day
    for day_attempt in range(1, MAX_DAY_ATTEMAIDS + 1):
                                ^^^^^^^^^^^^^^^^^
NameError: name 'MAX_DAY_ATTEMAIDS' is not defined. Did you mean: 'MAX_DAY_ATTEMPTS'?
2026-05-20 21:22:20,656 [INFO] >>> 补抓进度: 30/46 (65.2%) <<<
2026-05-20 21:22:21,391 [INFO] === 2025-12-24 ===
2026-05-20 21:22:21,392 [ERROR] 2025-12-24 遇到顶层突发异常: name 'MAX_DAY_ATTEMAIDS' is not defined
Traceback (most recent call last):
  File "D:\boc_scraper\boc_scraper_v6.1.py", line 336, in main
    rec = fetch_one_day(session, d)
  File "D:\boc_scraper\boc_scraper_v6.1.py", line 206, in fetch_one_day
    for day_attempt in range(1, MAX_DAY_ATTEMAIDS + 1):
                                ^^^^^^^^^^^^^^^^^
NameError: name 'MAX_DAY_ATTEMAIDS' is not defined. Did you mean: 'MAX_DAY_ATTEMPTS'?
2026-05-20 21:22:22,832 [INFO] === 2026-04-08 ===
2026-05-20 21:22:22,832 [ERROR] 2026-04-08 遇到顶层突发异常: name 'MAX_DAY_ATTEMAIDS' is not defined
Traceback (most recent call last):
  File "D:\boc_scraper\boc_scraper_v6.1.py", line 336, in main
    rec = fetch_one_day(session, d)
  File "D:\boc_scraper\boc_scraper_v6.1.py", line 206, in fetch_one_day
    for day_attempt in range(1, MAX_DAY_ATTEMAIDS + 1):
                                ^^^^^^^^^^^^^^^^^
NameError: name 'MAX_DAY_ATTEMAIDS' is not defined. Did you mean: 'MAX_DAY_ATTEMPTS'?
2026-05-20 21:22:24,384 [INFO] === 2026-04-14 ===
2026-05-20 21:22:24,384 [ERROR] 2026-04-14 遇到顶层突发异常: name 'MAX_DAY_ATTEMAIDS' is not defined
Traceback (most recent call last):
  File "D:\boc_scraper\boc_scraper_v6.1.py", line 336, in main
    rec = fetch_one_day(session, d)
  File "D:\boc_scraper\boc_scraper_v6.1.py", line 206, in fetch_one_day
    for day_attempt in range(1, MAX_DAY_ATTEMAIDS + 1):
                                ^^^^^^^^^^^^^^^^^
NameError: name 'MAX_DAY_ATTEMAIDS' is not defined. Did you mean: 'MAX_DAY_ATTEMPTS'?
2026-05-20 21:22:25,484 [INFO] === 2026-04-15 ===
2026-05-20 21:22:25,485 [ERROR] 2026-04-15 遇到顶层突发异常: name 'MAX_DAY_ATTEMAIDS' is not defined
Traceback (most recent call last):
  File "D:\boc_scraper\boc_scraper_v6.1.py", line 336, in main
    rec = fetch_one_day(session, d)
  File "D:\boc_scraper\boc_scraper_v6.1.py", line 206, in fetch_one_day
    for day_attempt in range(1, MAX_DAY_ATTEMAIDS + 1):
                                ^^^^^^^^^^^^^^^^^
NameError: name 'MAX_DAY_ATTEMAIDS' is not defined. Did you mean: 'MAX_DAY_ATTEMPTS'?
2026-05-20 21:22:26,975 [INFO] === 2026-04-16 ===
2026-05-20 21:22:26,975 [ERROR] 2026-04-16 遇到顶层突发异常: name 'MAX_DAY_ATTEMAIDS' is not defined
Traceback (most recent call last):
  File "D:\boc_scraper\boc_scraper_v6.1.py", line 336, in main
    rec = fetch_one_day(session, d)
  File "D:\boc_scraper\boc_scraper_v6.1.py", line 206, in fetch_one_day
    for day_attempt in range(1, MAX_DAY_ATTEMAIDS + 1):
                                ^^^^^^^^^^^^^^^^^
NameError: name 'MAX_DAY_ATTEMAIDS' is not defined. Did you mean: 'MAX_DAY_ATTEMPTS'?
2026-05-20 21:22:28,652 [INFO] === 2026-04-17 ===
2026-05-20 21:22:28,653 [ERROR] 2026-04-17 遇到顶层突发异常: name 'MAX_DAY_ATTEMAIDS' is not defined
Traceback (most recent call last):
  File "D:\boc_scraper\boc_scraper_v6.1.py", line 336, in main
    rec = fetch_one_day(session, d)
  File "D:\boc_scraper\boc_scraper_v6.1.py", line 206, in fetch_one_day
    for day_attempt in range(1, MAX_DAY_ATTEMAIDS + 1):
                                ^^^^^^^^^^^^^^^^^
NameError: name 'MAX_DAY_ATTEMAIDS' is not defined. Did you mean: 'MAX_DAY_ATTEMPTS'?
2026-05-20 21:22:29,972 [INFO] === 2026-04-18 ===
2026-05-20 21:22:29,972 [ERROR] 2026-04-18 遇到顶层突发异常: name 'MAX_DAY_ATTEMAIDS' is not defined
Traceback (most recent call last):
  File "D:\boc_scraper\boc_scraper_v6.1.py", line 336, in main
    rec = fetch_one_day(session, d)
  File "D:\boc_scraper\boc_scraper_v6.1.py", line 206, in fetch_one_day
    for day_attempt in range(1, MAX_DAY_ATTEMAIDS + 1):
                                ^^^^^^^^^^^^^^^^^
NameError: name 'MAX_DAY_ATTEMAIDS' is not defined. Did you mean: 'MAX_DAY_ATTEMPTS'?
2026-05-20 21:22:31,107 [INFO] === 2026-04-23 ===
2026-05-20 21:22:31,107 [ERROR] 2026-04-23 遇到顶层突发异常: name 'MAX_DAY_ATTEMAIDS' is not defined
Traceback (most recent call last):
  File "D:\boc_scraper\boc_scraper_v6.1.py", line 336, in main
    rec = fetch_one_day(session, d)
  File "D:\boc_scraper\boc_scraper_v6.1.py", line 206, in fetch_one_day
    for day_attempt in range(1, MAX_DAY_ATTEMAIDS + 1):
                                ^^^^^^^^^^^^^^^^^
NameError: name 'MAX_DAY_ATTEMAIDS' is not defined. Did you mean: 'MAX_DAY_ATTEMPTS'?
2026-05-20 21:22:32,287 [INFO] === 2026-04-28 ===
2026-05-20 21:22:32,287 [ERROR] 2026-04-28 遇到顶层突发异常: name 'MAX_DAY_ATTEMAIDS' is not defined
Traceback (most recent call last):
  File "D:\boc_scraper\boc_scraper_v6.1.py", line 336, in main
    rec = fetch_one_day(session, d)
  File "D:\boc_scraper\boc_scraper_v6.1.py", line 206, in fetch_one_day
    for day_attempt in range(1, MAX_DAY_ATTEMAIDS + 1):
                                ^^^^^^^^^^^^^^^^^
NameError: name 'MAX_DAY_ATTEMAIDS' is not defined. Did you mean: 'MAX_DAY_ATTEMPTS'?
2026-05-20 21:22:33,752 [INFO] === 2026-04-30 ===
2026-05-20 21:22:33,753 [ERROR] 2026-04-30 遇到顶层突发异常: name 'MAX_DAY_ATTEMAIDS' is not defined
Traceback (most recent call last):
  File "D:\boc_scraper\boc_scraper_v6.1.py", line 336, in main
    rec = fetch_one_day(session, d)
  File "D:\boc_scraper\boc_scraper_v6.1.py", line 206, in fetch_one_day
    for day_attempt in range(1, MAX_DAY_ATTEMAIDS + 1):
                                ^^^^^^^^^^^^^^^^^
NameError: name 'MAX_DAY_ATTEMAIDS' is not defined. Did you mean: 'MAX_DAY_ATTEMPTS'?
2026-05-20 21:22:34,187 [INFO] >>> 补抓进度: 40/46 (87.0%) <<<
2026-05-20 21:22:35,149 [INFO] === 2026-05-07 ===
2026-05-20 21:22:35,150 [ERROR] 2026-05-07 遇到顶层突发异常: name 'MAX_DAY_ATTEMAIDS' is not defined
Traceback (most recent call last):
  File "D:\boc_scraper\boc_scraper_v6.1.py", line 336, in main
    rec = fetch_one_day(session, d)
  File "D:\boc_scraper\boc_scraper_v6.1.py", line 206, in fetch_one_day
    for day_attempt in range(1, MAX_DAY_ATTEMAIDS + 1):
                                ^^^^^^^^^^^^^^^^^
NameError: name 'MAX_DAY_ATTEMAIDS' is not defined. Did you mean: 'MAX_DAY_ATTEMPTS'?
2026-05-20 21:22:43,647 [INFO] === 2026-05-08 ===
2026-05-20 21:22:43,647 [ERROR] 2026-05-08 遇到顶层突发异常: name 'MAX_DAY_ATTEMAIDS' is not defined
Traceback (most recent call last):
  File "D:\boc_scraper\boc_scraper_v6.1.py", line 336, in main
    rec = fetch_one_day(session, d)
  File "D:\boc_scraper\boc_scraper_v6.1.py", line 206, in fetch_one_day
    for day_attempt in range(1, MAX_DAY_ATTEMAIDS + 1):
                                ^^^^^^^^^^^^^^^^^
NameError: name 'MAX_DAY_ATTEMAIDS' is not defined. Did you mean: 'MAX_DAY_ATTEMPTS'?
2026-05-20 21:22:45,106 [INFO] === 2026-05-14 ===
2026-05-20 21:22:45,107 [ERROR] 2026-05-14 遇到顶层突发异常: name 'MAX_DAY_ATTEMAIDS' is not defined
Traceback (most recent call last):
  File "D:\boc_scraper\boc_scraper_v6.1.py", line 336, in main
    rec = fetch_one_day(session, d)
  File "D:\boc_scraper\boc_scraper_v6.1.py", line 206, in fetch_one_day
    for day_attempt in range(1, MAX_DAY_ATTEMAIDS + 1):
                                ^^^^^^^^^^^^^^^^^
NameError: name 'MAX_DAY_ATTEMAIDS' is not defined. Did you mean: 'MAX_DAY_ATTEMPTS'?
2026-05-20 21:22:46,034 [INFO] === 2026-05-15 ===
2026-05-20 21:22:46,035 [ERROR] 2026-05-15 遇到顶层突发异常: name 'MAX_DAY_ATTEMAIDS' is not defined
Traceback (most recent call last):
  File "D:\boc_scraper\boc_scraper_v6.1.py", line 336, in main
    rec = fetch_one_day(session, d)
  File "D:\boc_scraper\boc_scraper_v6.1.py", line 206, in fetch_one_day
    for day_attempt in range(1, MAX_DAY_ATTEMAIDS + 1):
                                ^^^^^^^^^^^^^^^^^
NameError: name 'MAX_DAY_ATTEMAIDS' is not defined. Did you mean: 'MAX_DAY_ATTEMPTS'?
2026-05-20 21:22:47,093 [INFO] === 2026-05-16 ===
2026-05-20 21:22:47,093 [ERROR] 2026-05-16 遇到顶层突发异常: name 'MAX_DAY_ATTEMAIDS' is not defined
Traceback (most recent call last):
  File "D:\boc_scraper\boc_scraper_v6.1.py", line 336, in main
    rec = fetch_one_day(session, d)
  File "D:\boc_scraper\boc_scraper_v6.1.py", line 206, in fetch_one_day
    for day_attempt in range(1, MAX_DAY_ATTEMAIDS + 1):
                                ^^^^^^^^^^^^^^^^^
NameError: name 'MAX_DAY_ATTEMAIDS' is not defined. Did you mean: 'MAX_DAY_ATTEMPTS'?
2026-05-20 21:22:48,307 [INFO] === 2026-05-17 ===
2026-05-20 21:22:48,307 [ERROR] 2026-05-17 遇到顶层突发异常: name 'MAX_DAY_ATTEMAIDS' is not defined
Traceback (most recent call last):
  File "D:\boc_scraper\boc_scraper_v6.1.py", line 336, in main
    rec = fetch_one_day(session, d)
  File "D:\boc_scraper\boc_scraper_v6.1.py", line 206, in fetch_one_day
    for day_attempt in range(1, MAX_DAY_ATTEMAIDS + 1):
                                ^^^^^^^^^^^^^^^^^
NameError: name 'MAX_DAY_ATTEMAIDS' is not defined. Did you mean: 'MAX_DAY_ATTEMPTS'?
2026-05-20 21:22:49,519 [INFO] == 运行结束 ==
2026-05-20 21:23:50,573 [INFO] 总范围: 2025-01-01 → 2026-05-20 | 已有: 459 天 | 待补抓: 46 天
2026-05-20 21:23:51,272 [INFO] === 2025-03-30 ===
2026-05-20 21:23:53,763 [ERROR]   ✗ 2025-03-30 已达最大重试次数，跳过
2026-05-20 21:23:54,368 [INFO] === 2025-06-12 ===
2026-05-20 21:23:58,345 [ERROR]   ✗ 2025-06-12 已达最大重试次数，跳过
2026-05-20 21:23:59,249 [INFO] === 2025-06-13 ===
2026-05-20 21:24:01,635 [ERROR]   ✗ 2025-06-13 已达最大重试次数，跳过
2026-05-20 21:24:02,409 [INFO] === 2025-09-24 ===
2026-05-20 21:24:04,895 [ERROR]   ✗ 2025-09-24 已达最大重试次数，跳过
2026-05-20 21:24:05,991 [INFO] === 2025-09-30 ===
2026-05-20 21:46:50,911 [INFO] 总范围: 2025-01-01 → 2026-05-20 | 已有: 459 天 | 待补抓: 46 天
2026-05-20 21:46:51,230 [INFO] === 2025-03-30 ===
2026-05-20 21:46:53,071 [ERROR]   ✗ 2025-03-30 已达最大重试次数，跳过
2026-05-20 21:46:53,976 [INFO] === 2025-06-12 ===
2026-05-20 21:46:55,762 [ERROR]   ✗ 2025-06-12 已达最大重试次数，跳过
2026-05-20 21:46:56,778 [INFO] === 2025-06-13 ===
2026-05-20 21:46:58,855 [ERROR]   ✗ 2025-06-13 已达最大重试次数，跳过
2026-05-20 22:00:51,289 [INFO] 总范围: 2025-01-01 → 2026-05-20 | 已有: 459 天 | 待补抓: 46 天
2026-05-20 22:00:51,629 [INFO] === 2025-03-30 ===
2026-05-20 22:00:53,850 [ERROR]   ✗ 2025-03-30 已达最大重试次数，跳过
2026-05-20 22:00:54,791 [INFO] === 2025-06-12 ===
2026-05-20 22:00:57,154 [ERROR]   ✗ 2025-06-12 已达最大重试次数，跳过
2026-05-20 22:00:57,793 [INFO] === 2025-06-13 ===
2026-05-20 22:00:59,987 [ERROR]   ✗ 2025-06-13 已达最大重试次数，跳过
2026-05-20 22:01:00,490 [INFO] === 2025-09-24 ===
2026-05-20 22:01:02,987 [ERROR]   ✗ 2025-09-24 已达最大重试次数，跳过
2026-05-20 22:01:03,647 [INFO] === 2025-09-30 ===
2026-05-20 22:05:20,757 [INFO] 总范围: 2025-01-01 → 2026-05-20 | 已有: 459 天 | 待补抓: 46 天
2026-05-20 22:05:21,087 [INFO] === 2025-03-30 ===
2026-05-20 22:05:21,306 [INFO]     第 1 页 6 条 共 1 页
2026-05-20 22:05:21,307 [INFO]   ✓ 2025-03-30 10:30:00 (策略A: 10点后首条) 折算价=717.52
2026-05-20 22:05:22,298 [INFO] === 2025-06-12 ===
2026-05-20 22:05:22,495 [INFO]     第 1 页 20 条 共 9 页
2026-05-20 22:05:27,357 [INFO]   ✓ 2025-06-12 10:00:59 (策略A: 10点后首条) 折算价=718.03
2026-05-20 22:05:28,044 [INFO] === 2025-06-13 ===
2026-05-20 22:05:28,394 [INFO]     第 1 页 20 条 共 9 页
2026-05-20 22:05:32,736 [INFO]   ✓ 2025-06-13 10:01:04 (策略A: 10点后首条) 折算价=717.72
2026-05-20 22:05:33,354 [INFO] === 2025-09-24 ===
2026-05-20 22:05:33,609 [INFO]     第 1 页 20 条 共 13 页
2026-05-20 22:05:40,426 [INFO]   ✓ 2025-09-24 10:02:47 (策略A: 10点后首条) 折算价=710.77
2026-05-20 22:05:41,011 [INFO] === 2025-09-30 ===
2026-05-20 22:05:41,609 [INFO]     第 1 页 20 条 共 13 页
2026-05-20 22:05:48,594 [WARNING]     第11页第1次服务端异常或空响应提示
2026-05-20 22:05:50,248 [INFO]   ✓ 2025-09-30 10:03:21 (策略A: 10点后首条) 折算价=710.55
2026-05-20 22:05:50,947 [INFO] === 2025-10-01 ===
2026-05-20 22:05:51,383 [INFO]     第 1 页 20 条 共 11 页
2026-05-20 22:05:52,306 [WARNING]     第3页第1次服务端异常或空响应提示
2026-05-20 22:05:58,433 [INFO]   ✓ 2025-10-01 10:03:27 (策略A: 10点后首条) 折算价=710.55
2026-05-20 22:05:59,271 [INFO] === 2025-10-02 ===
2026-05-20 22:05:59,653 [INFO]     第 1 页 20 条 共 9 页
2026-05-20 22:06:01,398 [WARNING]     第4页第1次服务端异常或空响应提示
2026-05-20 22:06:06,096 [INFO]   ✓ 2025-10-02 10:03:33 (策略A: 10点后首条) 折算价=710.55
2026-05-20 22:06:06,997 [INFO] === 2025-10-03 ===
2026-05-20 22:06:08,857 [INFO]     第 1 页 20 条 共 9 页
2026-05-20 22:06:13,331 [WARNING]     第8页第1次服务端异常或空响应提示
2026-05-20 22:06:14,984 [INFO]   ✓ 2025-10-03 10:03:38 (策略A: 10点后首条) 折算价=710.55
2026-05-20 22:06:15,886 [INFO] === 2025-10-04 ===
2026-05-20 22:06:16,174 [INFO]     第 1 页 8 条 共 1 页
2026-05-20 22:06:16,174 [INFO]   ✓ 2025-10-04 10:30:00 (策略A: 10点后首条) 折算价=710.55
2026-05-20 22:06:16,946 [INFO] === 2025-10-05 ===
2026-05-20 22:06:17,244 [INFO]     第 1 页 6 条 共 1 页
2026-05-20 22:06:17,245 [INFO]   ✓ 2025-10-05 10:30:00 (策略A: 10点后首条) 折算价=710.55
2026-05-20 22:06:17,247 [INFO] >>> 补抓进度: 10/46 (21.7%) <<<
2026-05-20 22:06:18,061 [INFO] === 2025-10-06 ===
2026-05-20 22:06:19,058 [INFO]     第 1 页 20 条 共 12 页
2026-05-20 22:06:21,805 [WARNING]     第6页第1次服务端异常或空响应提示
2026-05-20 22:06:23,365 [WARNING]     第6页第2次服务端异常或空响应提示
2026-05-20 22:06:29,019 [INFO]   ✓ 2025-10-06 10:03:56 (策略A: 10点后首条) 折算价=710.55
2026-05-20 22:06:29,694 [INFO] === 2025-10-07 ===
2026-05-20 22:06:29,986 [INFO]     第 1 页 20 条 共 8 页
2026-05-20 22:06:31,929 [WARNING]     第5页第1次服务端异常或空响应提示
2026-05-20 22:06:34,981 [INFO]   ✓ 2025-10-07 10:04:02 (策略A: 10点后首条) 折算价=710.55
2026-05-20 22:06:35,554 [INFO] === 2025-10-08 ===
2026-05-20 22:06:35,872 [INFO]     第 1 页 20 条 共 9 页
2026-05-20 22:06:35,937 [WARNING]     第2页第1次服务端异常或空响应提示
2026-05-20 22:06:41,745 [INFO]   ✓ 2025-10-08 10:04:07 (策略A: 10点后首条) 折算价=710.55
2026-05-20 22:06:42,425 [INFO] === 2025-10-13 ===
2026-05-20 22:06:42,909 [INFO]     第 1 页 20 条 共 13 页
2026-05-20 22:06:50,155 [INFO]   ✓ 2025-10-13 10:04:13 (策略A: 10点后首条) 折算价=710.07
2026-05-20 22:06:50,949 [INFO] === 2025-10-27 ===
2026-05-20 22:06:51,409 [INFO]     第 1 页 20 条 共 12 页
2026-05-20 22:06:58,127 [INFO]   ✓ 2025-10-27 10:02:28 (策略A: 10点后首条) 折算价=708.81
2026-05-20 22:06:58,725 [INFO] === 2025-10-28 ===
2026-05-20 22:06:59,038 [INFO]     第 1 页 20 条 共 14 页
2026-05-20 22:07:06,718 [INFO]   ✓ 2025-10-28 10:01:11 (策略A: 10点后首条) 折算价=708.56
2026-05-20 22:07:07,516 [INFO] === 2025-11-04 ===
2026-05-20 22:07:07,800 [INFO]     第 1 页 20 条 共 14 页
2026-05-20 22:07:15,728 [WARNING]     第12页第1次服务端异常或空响应提示
2026-05-20 22:07:17,368 [INFO]   ✓ 2025-11-04 10:01:00 (策略A: 10点后首条) 折算价=708.85
2026-05-20 22:07:17,963 [INFO] === 2025-11-10 ===
2026-05-20 22:07:18,336 [INFO]     第 1 页 20 条 共 11 页
2026-05-20 22:07:19,792 [WARNING]     第4页第1次服务端异常或空响应提示
2026-05-20 22:07:22,278 [WARNING]     第5页第1次服务端异常或空响应提示
2026-05-20 22:07:23,844 [WARNING]     第5页第2次服务端异常或空响应提示
2026-05-20 22:07:26,902 [WARNING]     第5页第3次服务端异常或空响应提示
2026-05-20 22:07:31,403 [WARNING]   第5页翻页重试失败
2026-05-20 22:07:31,404 [INFO]   ✓ 2025-11-10 17:53:52 (策略A: 10点后首条) 折算价=708.56
2026-05-20 22:07:32,275 [INFO] === 2025-11-11 ===
2026-05-20 22:07:32,571 [INFO]     第 1 页 20 条 共 13 页
2026-05-20 22:07:34,807 [WARNING]     第5页第1次服务端异常或空响应提示
2026-05-20 22:07:40,082 [INFO]   ✓ 2025-11-11 10:03:56 (策略A: 10点后首条) 折算价=708.66
2026-05-20 22:07:40,676 [INFO] === 2025-11-21 ===
2026-05-20 22:07:41,229 [INFO]     第 1 页 20 条 共 17 页
2026-05-20 22:07:49,370 [INFO]   ✓ 2025-11-21 10:04:54 (策略A: 10点后首条) 折算价=708.75
2026-05-20 22:07:49,373 [INFO] >>> 补抓进度: 20/46 (43.5%) <<<
2026-05-20 22:07:50,001 [INFO] === 2025-11-28 ===
2026-05-20 22:07:50,704 [INFO]     第 1 页 20 条 共 17 页
2026-05-20 22:07:59,137 [INFO]   ✓ 2025-11-28 10:01:06 (策略A: 10点后首条) 折算价=707.89
2026-05-20 22:07:59,965 [INFO] === 2025-12-04 ===
2026-05-20 22:08:00,247 [INFO]     第 1 页 20 条 共 23 页
2026-05-20 22:08:14,601 [INFO]   ✓ 2025-12-04 10:01:41 (策略A: 10点后首条) 折算价=707.33
2026-05-20 22:08:15,243 [INFO] === 2025-12-08 ===
2026-05-20 22:08:15,581 [INFO]     第 1 页 20 条 共 53 页
2026-05-20 22:08:18,090 [WARNING]     第5页第1次服务端异常或空响应提示
2026-05-20 22:08:22,971 [WARNING]     第9页第1次服务端异常或空响应提示
2026-05-20 22:08:25,412 [WARNING]     第10页第1次服务端异常或空响应提示
2026-05-20 22:08:26,979 [WARNING]     第10页第2次服务端异常或空响应提示
2026-05-20 22:08:35,117 [WARNING]     第17页第1次服务端异常或空响应提示
2026-05-20 22:08:36,674 [WARNING]     第17页第2次服务端异常或空响应提示
2026-05-20 22:09:06,633 [INFO]   ✓ 2025-12-08 10:01:45 (策略A: 10点后首条) 折算价=707.64
2026-05-20 22:09:07,263 [INFO] === 2025-12-12 ===
2026-05-20 22:09:07,547 [INFO]     第 1 页 20 条 共 15 页
2026-05-20 22:09:16,233 [WARNING]     第13页第1次服务端异常或空响应提示
2026-05-20 22:09:17,886 [INFO]   ✓ 2025-12-12 10:02:08 (策略A: 10点后首条) 折算价=706.38
2026-05-20 22:09:18,714 [INFO] === 2025-12-18 ===
2026-05-20 22:09:18,923 [INFO]     第 1 页 20 条 共 14 页
2026-05-20 22:09:19,823 [WARNING]     第3页第1次服务端异常或空响应提示
2026-05-20 22:09:24,395 [WARNING]     第7页第1次服务端异常或空响应提示
2026-05-20 22:09:27,377 [WARNING]     第9页第1次服务端异常或空响应提示
2026-05-20 22:09:30,485 [INFO]   ✓ 2025-12-18 10:01:40 (策略A: 10点后首条) 折算价=705.83
2026-05-20 22:09:31,382 [INFO] === 2025-12-19 ===
2026-05-20 22:09:31,664 [INFO]     第 1 页 20 条 共 13 页
2026-05-20 22:09:33,364 [WARNING]     第4页第1次服务端异常或空响应提示
2026-05-20 22:09:34,927 [WARNING]     第4页第2次服务端异常或空响应提示
2026-05-20 22:09:38,611 [WARNING]     第5页第1次服务端异常或空响应提示
2026-05-20 22:09:43,784 [INFO]   ✓ 2025-12-19 10:01:46 (策略A: 10点后首条) 折算价=705.5
2026-05-20 22:09:44,577 [INFO] === 2025-12-20 ===
2026-05-20 22:09:45,042 [INFO]     第 1 页 20 条 共 3 页
2026-05-20 22:09:45,043 [INFO]   ✓ 2025-12-20 10:30:00 (策略A: 10点后首条) 折算价=705.5
2026-05-20 22:09:45,636 [INFO] === 2025-12-21 ===
2026-05-20 22:09:46,145 [INFO]     第 1 页 6 条 共 1 页
2026-05-20 22:09:46,145 [INFO]   ✓ 2025-12-21 10:30:00 (策略A: 10点后首条) 折算价=705.5
2026-05-20 22:09:46,821 [INFO] === 2025-12-22 ===
2026-05-20 22:09:47,117 [INFO]     第 1 页 20 条 共 11 页
2026-05-20 22:09:53,278 [INFO]   ✓ 2025-12-22 10:02:03 (策略A: 10点后首条) 折算价=705.72
2026-05-20 22:09:53,896 [INFO] === 2025-12-23 ===
2026-05-20 22:09:54,553 [INFO]     第 1 页 20 条 共 14 页
2026-05-20 22:10:01,426 [INFO]   ✓ 2025-12-23 10:00:11 (策略A: 10点后首条) 折算价=705.23
2026-05-20 22:10:01,428 [INFO] >>> 补抓进度: 30/46 (65.2%) <<<
2026-05-20 22:10:02,380 [INFO] === 2025-12-24 ===
2026-05-20 22:10:02,839 [INFO]     第 1 页 20 条 共 15 页
2026-05-20 22:10:10,527 [INFO]   ✓ 2025-12-24 10:02:14 (策略A: 10点后首条) 折算价=704.71
2026-05-20 22:10:11,144 [INFO] === 2026-04-08 ===
2026-05-20 22:10:11,524 [INFO]     第 1 页 20 条 共 22 页
2026-05-20 22:10:22,979 [INFO]   ✓ 2026-04-08 10:00:45 (策略A: 10点后首条) 折算价=686.8
2026-05-20 22:10:23,814 [INFO] === 2026-04-14 ===
2026-05-20 22:10:24,273 [INFO]     第 1 页 20 条 共 14 页
2026-05-20 22:10:24,330 [WARNING]     第2页第1次服务端异常或空响应提示
2026-05-20 22:10:26,631 [WARNING]     第3页第1次服务端异常或空响应提示
2026-05-20 22:10:33,632 [WARNING]     第11页第1次服务端异常或空响应提示
2026-05-20 22:10:35,258 [INFO]   ✓ 2026-04-14 10:01:51 (策略A: 10点后首条) 折算价=685.93
2026-05-20 22:10:35,983 [INFO] === 2026-04-15 ===
2026-05-20 22:10:36,266 [INFO]     第 1 页 20 条 共 14 页
2026-05-20 22:10:36,324 [WARNING]     第2页第1次服务端异常或空响应提示
2026-05-20 22:10:38,766 [WARNING]     第3页第1次服务端异常或空响应提示
2026-05-20 22:10:41,953 [WARNING]     第5页第1次服务端异常或空响应提示
2026-05-20 22:10:45,055 [WARNING]     第7页第1次服务端异常或空响应提示
2026-05-20 22:10:46,614 [WARNING]     第7页第2次服务端异常或空响应提示
2026-05-20 22:10:52,847 [INFO]   ✓ 2026-04-15 10:01:58 (策略A: 10点后首条) 折算价=685.82
2026-05-20 22:10:53,583 [INFO] === 2026-04-16 ===
2026-05-20 22:10:54,394 [INFO]     第 1 页 20 条 共 14 页
2026-05-20 22:10:54,450 [WARNING]     第2页第1次服务端异常或空响应提示
2026-05-20 22:10:57,413 [WARNING]     第4页第1次服务端异常或空响应提示
2026-05-20 22:11:03,841 [INFO]   ✓ 2026-04-16 10:00:22 (策略A: 10点后首条) 折算价=686.16
2026-05-20 22:11:04,560 [INFO] === 2026-04-17 ===
2026-05-20 22:11:05,046 [INFO]     第 1 页 20 条 共 16 页
2026-05-20 22:11:12,944 [INFO]   ✓ 2026-04-17 10:00:53 (策略A: 10点后首条) 折算价=686.22
2026-05-20 22:11:13,887 [INFO] === 2026-04-18 ===
2026-05-20 22:11:14,488 [INFO]     第 1 页 20 条 共 3 页
2026-05-20 22:11:14,489 [INFO]   ✓ 2026-04-18 10:30:00 (策略A: 10点后首条) 折算价=686.22
2026-05-20 22:11:15,309 [INFO] === 2026-04-23 ===
2026-05-20 22:11:15,572 [INFO]     第 1 页 20 条 共 17 页
2026-05-20 22:11:24,075 [INFO]   ✓ 2026-04-23 10:02:51 (策略A: 10点后首条) 折算价=686.5
2026-05-20 22:11:24,590 [INFO] === 2026-04-28 ===
2026-05-20 22:11:25,088 [INFO]     第 1 页 20 条 共 16 页
2026-05-20 22:11:27,925 [WARNING]     第6页第1次服务端异常或空响应提示
2026-05-20 22:11:33,687 [WARNING]     第11页第1次服务端异常或空响应提示
2026-05-20 22:11:36,952 [INFO]   ✓ 2026-04-28 10:00:53 (策略A: 10点后首条) 折算价=685.89
2026-05-20 22:11:37,622 [INFO] === 2026-04-30 ===
2026-05-20 22:11:38,105 [INFO]     第 1 页 20 条 共 25 页
2026-05-20 22:11:38,746 [WARNING]     第3页第1次服务端异常或空响应提示
2026-05-20 22:11:44,530 [WARNING]     第9页第1次服务端异常或空响应提示
2026-05-20 22:11:55,222 [INFO]   ✓ 2026-04-30 10:03:31 (策略A: 10点后首条) 折算价=686.28
2026-05-20 22:11:55,224 [INFO] >>> 补抓进度: 40/46 (87.0%) <<<
2026-05-20 22:11:56,092 [INFO] === 2026-05-07 ===
2026-05-20 22:11:56,569 [INFO]     第 1 页 20 条 共 15 页
2026-05-20 22:12:00,450 [WARNING]     第7页第1次服务端异常或空响应提示
2026-05-20 22:12:04,973 [INFO]   ✓ 2026-05-07 10:03:49 (策略A: 10点后首条) 折算价=684.87
2026-05-20 22:12:05,922 [INFO] === 2026-05-08 ===
2026-05-20 22:12:06,203 [INFO]     第 1 页 20 条 共 14 页
2026-05-20 22:12:12,784 [INFO]   ✓ 2026-05-08 10:01:34 (策略A: 10点后首条) 折算价=685.02
2026-05-20 22:12:13,656 [INFO] === 2026-05-14 ===
2026-05-20 22:12:13,936 [INFO]     第 1 页 20 条 共 14 页
2026-05-20 22:12:20,197 [INFO]   ✓ 2026-05-14 10:01:04 (策略A: 10点后首条) 折算价=684.01
2026-05-20 22:12:20,916 [INFO] === 2026-05-15 ===
2026-05-20 22:12:21,189 [INFO]     第 1 页 20 条 共 17 页
2026-05-20 22:12:31,127 [WARNING]     第14页第1次服务端异常或空响应提示
2026-05-20 22:12:32,764 [INFO]   ✓ 2026-05-15 10:01:45 (策略A: 10点后首条) 折算价=684.15
2026-05-20 22:12:33,411 [INFO] === 2026-05-16 ===
2026-05-20 22:12:33,848 [INFO]     第 1 页 20 条 共 3 页
2026-05-20 22:12:33,848 [INFO]   ✓ 2026-05-16 10:30:00 (策略A: 10点后首条) 折算价=684.15
2026-05-20 22:12:34,850 [INFO] === 2026-05-17 ===
2026-05-20 22:12:35,121 [INFO]     第 1 页 8 条 共 1 页
2026-05-20 22:12:35,122 [INFO]   ✓ 2026-05-17 10:30:00 (策略A: 10点后首条) 折算价=684.15
2026-05-20 22:12:35,853 [INFO] == 运行结束，全量数据已安全闭环 ==
2026-05-20 22:15:14,152 [INFO] 总范围: 2023-01-01 → 2024-12-31 | 已有: 505 天 | 待补抓: 731 天
2026-05-20 22:15:14,495 [INFO] === 2023-01-01 ===
2026-05-20 22:15:14,826 [INFO]     第 1 页 18 条 共 1 页
2026-05-20 22:15:14,826 [INFO]   ✓ 2023-01-01 10:30:00 (策略A: 10点后首条) 折算价=696.46
2026-05-20 22:15:15,682 [INFO] === 2023-01-02 ===
2026-05-20 22:15:15,897 [INFO]     第 1 页 20 条 共 13 页
2026-05-20 22:15:22,480 [INFO]   ✓ 2023-01-02 10:10:01 (策略A: 10点后首条) 折算价=696.46
2026-05-20 22:15:23,161 [INFO] === 2023-01-03 ===
2026-05-20 22:15:23,451 [INFO]     第 1 页 20 条 共 39 页
2026-05-20 22:15:47,940 [WARNING]     第34页第1次服务端异常或空响应提示
2026-05-20 22:15:50,412 [INFO]   ✓ 2023-01-03 10:00:42 (策略A: 10点后首条) 折算价=694.75
2026-05-20 22:15:50,978 [INFO] === 2023-01-04 ===
2026-05-20 22:15:51,377 [INFO]     第 1 页 20 条 共 27 页
2026-05-20 22:15:56,610 [WARNING]     第8页第1次服务端异常或空响应提示
2026-05-20 22:16:06,023 [WARNING]     第18页第1次服务端异常或空响应提示
2026-05-20 22:16:08,909 [WARNING]     第20页第1次服务端异常或空响应提示
2026-05-20 22:16:12,030 [WARNING]     第22页第1次服务端异常或空响应提示
2026-05-20 22:16:14,385 [WARNING]     第23页第1次服务端异常或空响应提示
2026-05-20 22:16:16,035 [INFO]   ✓ 2023-01-04 10:04:33 (策略A: 10点后首条) 折算价=691.31
2026-05-20 22:16:16,856 [INFO] === 2023-01-05 ===
2026-05-20 22:16:17,355 [INFO]     第 1 页 20 条 共 24 页
2026-05-20 22:16:21,274 [WARNING]     第7页第1次服务端异常或空响应提示
2026-05-20 22:16:32,166 [INFO]   ✓ 2023-01-05 10:00:09 (策略A: 10点后首条) 折算价=689.26
2026-05-20 22:16:32,845 [INFO] === 2023-01-06 ===
2026-05-20 22:16:33,140 [INFO]     第 1 页 20 条 共 26 页
2026-05-20 22:16:49,644 [INFO]   ✓ 2023-01-06 10:00:18 (策略A: 10点后首条) 折算价=689.12
2026-05-20 22:16:50,498 [INFO] === 2023-01-07 ===
2026-05-20 22:16:50,804 [INFO]     第 1 页 20 条 共 2 页
2026-05-20 22:16:50,804 [INFO]   ✓ 2023-01-07 10:30:00 (策略A: 10点后首条) 折算价=689.12
2026-05-20 22:16:51,769 [INFO] === 2023-01-08 ===
2026-05-20 22:16:52,303 [INFO]     第 1 页 20 条 共 2 页
2026-05-20 22:16:52,303 [INFO]   ✓ 2023-01-08 10:00:18 (策略A: 10点后首条) 折算价=689.12
2026-05-20 22:16:52,991 [INFO] === 2023-01-09 ===
2026-05-20 22:16:53,283 [INFO]     第 1 页 20 条 共 36 页
2026-05-20 22:17:08,483 [WARNING]     第21页第1次服务端异常或空响应提示
2026-05-20 22:17:13,936 [WARNING]     第26页第1次服务端异常或空响应提示
2026-05-20 22:17:16,682 [WARNING]     第28页第1次服务端异常或空响应提示
2026-05-20 22:17:19,028 [WARNING]     第29页第1次服务端异常或空响应提示
2026-05-20 22:17:22,339 [WARNING]     第31页第1次服务端异常或空响应提示
2026-05-20 22:17:24,007 [INFO]   ✓ 2023-01-09 10:00:34 (策略A: 10点后首条) 折算价=682.65
2026-05-20 22:17:24,853 [INFO] === 2023-01-10 ===
2026-05-20 22:17:25,152 [INFO]     第 1 页 20 条 共 26 页
2026-05-20 22:17:25,966 [WARNING]     第3页第1次服务端异常或空响应提示
2026-05-20 22:17:42,841 [INFO]   ✓ 2023-01-10 10:03:24 (策略A: 10点后首条) 折算价=676.11
2026-05-20 22:17:42,843 [INFO] >>> 补抓进度: 10/731 (1.4%) <<<
2026-05-20 22:17:43,507 [INFO] === 2023-01-11 ===
2026-05-20 22:17:43,864 [INFO]     第 1 页 20 条 共 23 页
2026-05-20 22:17:57,272 [INFO]   ✓ 2023-01-11 10:00:11 (策略A: 10点后首条) 折算价=677.56
2026-05-20 22:17:57,868 [INFO] === 2023-01-12 ===
2026-05-20 22:17:58,256 [INFO]     第 1 页 20 条 共 33 页
2026-05-20 22:18:08,917 [WARNING]     第17页第1次服务端异常或空响应提示
2026-05-20 22:18:14,052 [WARNING]     第22页第1次服务端异常或空响应提示
2026-05-20 22:18:17,244 [WARNING]     第24页第1次服务端异常或空响应提示
2026-05-20 22:18:18,803 [WARNING]     第24页第2次服务端异常或空响应提示
2026-05-20 22:18:22,659 [WARNING]     第25页第1次服务端异常或空响应提示
2026-05-20 22:18:24,219 [WARNING]     第25页第2次服务端异常或空响应提示
2026-05-20 22:18:27,279 [WARNING]     第25页第3次服务端异常或空响应提示
2026-05-20 22:18:31,780 [WARNING]   第25页翻页重试失败
2026-05-20 22:18:31,783 [INFO]   ✓ 2023-01-12 13:58:54 (策略A: 10点后首条) 折算价=676.8
2026-05-20 22:18:32,546 [INFO] === 2023-01-13 ===
2026-05-20 22:18:32,843 [INFO]     第 1 页 20 条 共 27 页
2026-05-20 22:18:36,017 [WARNING]     第6页第1次服务端异常或空响应提示
2026-05-20 22:18:39,031 [WARNING]     第8页第1次服务端异常或空响应提示
2026-05-20 22:18:52,345 [INFO]   ✓ 2023-01-13 10:00:59 (策略A: 10点后首条) 折算价=672.92
2026-05-20 22:18:52,964 [INFO] === 2023-01-14 ===
2026-05-20 22:18:53,264 [INFO]     第 1 页 20 条 共 2 页
2026-05-20 22:18:53,265 [INFO]   ✓ 2023-01-14 10:30:00 (策略A: 10点后首条) 折算价=672.92
2026-05-20 22:18:54,142 [INFO] === 2023-01-15 ===
2026-05-20 22:18:54,601 [INFO]     第 1 页 18 条 共 1 页
2026-05-20 22:18:54,602 [INFO]   ✓ 2023-01-15 10:30:00 (策略A: 10点后首条) 折算价=672.92
2026-05-20 22:18:55,406 [INFO] === 2023-01-16 ===
2026-05-20 22:18:55,707 [INFO]     第 1 页 20 条 共 31 页
2026-05-20 22:19:15,907 [INFO]   ✓ 2023-01-16 10:00:00 (策略A: 10点后首条) 折算价=671.35
2026-05-20 22:19:16,729 [INFO] === 2023-01-17 ===
2026-05-20 22:19:17,037 [INFO]     第 1 页 20 条 共 34 页
2026-05-20 22:19:32,542 [WARNING]     第22页第1次服务端异常或空响应提示
2026-05-20 22:19:41,748 [INFO]   ✓ 2023-01-17 10:00:25 (策略A: 10点后首条) 折算价=672.22
2026-05-20 22:19:42,326 [INFO] === 2023-01-18 ===
2026-05-20 22:19:42,652 [INFO]     第 1 页 20 条 共 38 页
2026-05-20 22:19:43,995 [WARNING]     第4页第1次服务端异常或空响应提示
2026-05-20 22:20:09,239 [INFO]   ✓ 2023-01-18 10:00:17 (策略A: 10点后首条) 折算价=676.02
2026-05-20 22:20:10,130 [INFO] === 2023-01-19 ===
2026-05-20 22:20:10,649 [INFO]     第 1 页 20 条 共 24 页
2026-05-20 22:20:21,552 [WARNING]     第17页第1次服务端异常或空响应提示
2026-05-20 22:20:23,947 [WARNING]     第18页第1次服务端异常或空响应提示
2026-05-20 22:20:26,264 [INFO]   ✓ 2023-01-19 10:01:32 (策略A: 10点后首条) 折算价=676.74
2026-05-20 22:20:27,098 [INFO] === 2023-01-20 ===
2026-05-20 22:20:27,403 [INFO]     第 1 页 20 条 共 22 页
2026-05-20 22:20:29,045 [WARNING]     第4页第1次服务端异常或空响应提示
2026-05-20 22:20:34,938 [WARNING]     第10页第1次服务端异常或空响应提示
2026-05-20 22:20:38,794 [WARNING]     第13页第1次服务端异常或空响应提示
2026-05-20 22:20:41,870 [WARNING]     第15页第1次服务端异常或空响应提示
2026-05-20 22:20:45,129 [WARNING]     第17页第1次服务端异常或空响应提示
2026-05-20 22:20:47,440 [INFO]   ✓ 2023-01-20 10:00:43 (策略A: 10点后首条) 折算价=677.02
2026-05-20 22:20:47,442 [INFO] >>> 补抓进度: 20/731 (2.7%) <<<
2026-05-20 22:20:48,109 [INFO] === 2023-01-21 ===
2026-05-20 22:20:48,393 [INFO]     第 1 页 20 条 共 1 页
2026-05-20 22:20:48,393 [INFO]   ✓ 2023-01-21 10:30:00 (策略A: 10点后首条) 折算价=677.02
2026-05-20 22:20:49,197 [INFO] === 2023-01-22 ===
2026-05-20 22:20:49,495 [INFO]     第 1 页 18 条 共 1 页
2026-05-20 22:20:49,495 [INFO]   ✓ 2023-01-22 10:30:00 (策略A: 10点后首条) 折算价=677.02
2026-05-20 22:20:50,413 [INFO] === 2023-01-23 ===
2026-05-20 22:20:50,739 [INFO]     第 1 页 20 条 共 9 页
2026-05-20 22:20:50,798 [WARNING]     第2页第1次服务端异常或空响应提示
2026-05-20 22:20:56,052 [INFO]   ✓ 2023-01-23 10:08:17 (策略A: 10点后首条) 折算价=677.02
2026-05-20 22:20:56,736 [INFO] === 2023-01-24 ===
2026-05-20 22:20:57,249 [INFO]     第 1 页 20 条 共 5 页
2026-05-20 22:20:58,574 [INFO]   ✓ 2023-01-24 10:12:24 (策略A: 10点后首条) 折算价=677.02
2026-05-20 22:20:59,576 [INFO] === 2023-01-25 ===
2026-05-20 22:20:59,896 [INFO]     第 1 页 20 条 共 5 页
2026-05-20 22:21:01,462 [INFO]   ✓ 2023-01-25 10:30:00 (策略A: 10点后首条) 折算价=677.02
2026-05-20 22:21:02,016 [INFO] === 2023-01-26 ===
2026-05-20 22:21:02,298 [INFO]     第 1 页 20 条 共 11 页
2026-05-20 22:21:07,558 [INFO]   ✓ 2023-01-26 10:00:16 (策略A: 10点后首条) 折算价=677.02
2026-05-20 22:21:08,290 [INFO] === 2023-01-27 ===
2026-05-20 22:21:08,573 [INFO]     第 1 页 20 条 共 8 页
2026-05-20 22:21:12,555 [INFO]   ✓ 2023-01-27 10:09:28 (策略A: 10点后首条) 折算价=677.02
2026-05-20 22:21:13,397 [INFO] === 2023-01-28 ===
2026-05-20 22:21:13,685 [INFO]     第 1 页 20 条 共 4 页
2026-05-20 22:21:13,850 [INFO]   ✓ 2023-01-28 10:01:22 (策略A: 10点后首条) 折算价=677.02
2026-05-20 22:21:14,695 [INFO] === 2023-01-29 ===
2026-05-20 22:21:14,969 [INFO]     第 1 页 20 条 共 1 页
2026-05-20 22:21:14,969 [INFO]   ✓ 2023-01-29 10:06:53 (策略A: 10点后首条) 折算价=677.02
2026-05-20 22:21:15,923 [INFO] === 2023-01-30 ===
2026-05-20 22:21:16,243 [INFO]     第 1 页 20 条 共 29 页
2026-05-20 22:21:26,927 [WARNING]     第16页第1次服务端异常或空响应提示
2026-05-20 22:21:29,071 [WARNING]     第17页第1次服务端异常或空响应提示
2026-05-20 22:21:33,934 [WARNING]     第21页第1次服务端异常或空响应提示
2026-05-20 22:21:35,493 [WARNING]     第21页第2次服务端异常或空响应提示
2026-05-20 22:21:38,570 [WARNING]     第21页第3次服务端异常或空响应提示
2026-05-20 22:21:43,070 [WARNING]   第21页翻页重试失败
2026-05-20 22:21:43,074 [INFO]   ✓ 2023-01-30 11:07:18 (策略A: 10点后首条) 折算价=676.26
2026-05-20 22:21:43,076 [INFO] >>> 补抓进度: 30/731 (4.1%) <<<
2026-05-20 22:21:43,621 [INFO] === 2023-01-31 ===
2026-05-20 22:21:43,923 [INFO]     第 1 页 20 条 共 27 页
2026-05-20 22:21:44,934 [WARNING]     第3页第1次服务端异常或空响应提示
2026-05-20 22:21:47,307 [WARNING]     第4页第1次服务端异常或空响应提示
2026-05-20 22:21:54,228 [WARNING]     第11页第1次服务端异常或空响应提示
2026-05-20 22:21:55,786 [WARNING]     第11页第2次服务端异常或空响应提示
2026-05-20 22:22:07,685 [INFO]   ✓ 2023-01-31 10:02:35 (策略A: 10点后首条) 折算价=676.04
2026-05-20 22:22:08,587 [INFO] === 2023-02-01 ===
2026-05-20 22:22:09,303 [INFO]     第 1 页 20 条 共 20 页
2026-05-20 22:22:20,512 [WARNING]     第16页第1次服务端异常或空响应提示
2026-05-20 22:22:23,988 [INFO]   ✓ 2023-02-01 10:00:15 (策略A: 10点后首条) 折算价=674.92
2026-05-20 22:22:24,925 [INFO] === 2023-02-02 ===
2026-05-20 22:22:25,264 [INFO]     第 1 页 20 条 共 29 页
2026-05-20 22:22:31,321 [WARNING]     第10页第1次服务端异常或空响应提示
2026-05-20 22:22:41,464 [WARNING]     第22页第1次服务端异常或空响应提示
2026-05-20 22:22:45,872 [WARNING]     第26页第1次服务端异常或空响应提示
2026-05-20 22:22:47,536 [INFO]   ✓ 2023-02-02 10:02:03 (策略A: 10点后首条) 折算价=671.3
2026-05-20 22:22:48,162 [INFO] === 2023-02-03 ===
2026-05-20 22:22:48,466 [INFO]     第 1 页 20 条 共 31 页
2026-05-20 22:22:49,350 [WARNING]     第3页第1次服务端异常或空响应提示
2026-05-20 22:22:51,827 [WARNING]     第4页第1次服务端异常或空响应提示
2026-05-20 22:22:53,958 [WARNING]     第5页第1次服务端异常或空响应提示
2026-05-20 22:22:58,381 [WARNING]     第9页第1次服务端异常或空响应提示
2026-05-20 22:23:00,869 [WARNING]     第10页第1次服务端异常或空响应提示
2026-05-20 22:23:14,973 [INFO]   ✓ 2023-02-03 10:00:08 (策略A: 10点后首条) 折算价=673.82
2026-05-20 22:23:15,508 [INFO] === 2023-02-04 ===
2026-05-20 22:23:16,040 [INFO]     第 1 页 20 条 共 2 页
2026-05-20 22:23:16,040 [INFO]   ✓ 2023-02-04 10:30:00 (策略A: 10点后首条) 折算价=673.82
2026-05-20 22:23:16,970 [INFO] === 2023-02-05 ===
2026-05-20 22:23:17,310 [INFO]     第 1 页 18 条 共 1 页
2026-05-20 22:23:17,310 [INFO]   ✓ 2023-02-05 10:30:00 (策略A: 10点后首条) 折算价=673.82
2026-05-20 22:23:17,892 [INFO] === 2023-02-06 ===
2026-05-20 22:23:18,210 [INFO]     第 1 页 20 条 共 35 页
2026-05-20 22:23:39,188 [INFO]   ✓ 2023-02-06 10:01:51 (策略A: 10点后首条) 折算价=677.37
2026-05-20 22:23:40,123 [INFO] === 2023-02-07 ===
2026-05-20 22:23:40,611 [INFO]     第 1 页 20 条 共 22 页
2026-05-20 22:23:45,718 [WARNING]     第9页第1次服务端异常或空响应提示
2026-05-20 22:23:47,281 [WARNING]     第9页第2次服务端异常或空响应提示
2026-05-20 22:23:51,004 [WARNING]     第10页第1次服务端异常或空响应提示
2026-05-20 22:23:55,047 [WARNING]     第13页第1次服务端异常或空响应提示
2026-05-20 22:24:01,467 [INFO]   ✓ 2023-02-07 10:00:09 (策略A: 10点后首条) 折算价=679.67
2026-05-20 22:24:02,303 [INFO] === 2023-02-08 ===
2026-05-20 22:24:03,050 [INFO]     第 1 页 20 条 共 20 页
2026-05-20 22:24:04,595 [WARNING]     第4页第1次服务端异常或空响应提示
2026-05-20 22:24:11,744 [WARNING]     第12页第1次服务端异常或空响应提示
2026-05-20 22:24:15,894 [INFO]   ✓ 2023-02-08 10:00:25 (策略A: 10点后首条) 折算价=677.52
2026-05-20 22:24:16,604 [INFO] === 2023-02-09 ===
2026-05-20 22:24:17,553 [INFO]     第 1 页 20 条 共 20 页
2026-05-20 22:24:29,193 [INFO]   ✓ 2023-02-09 10:00:55 (策略A: 10点后首条) 折算价=679.05
2026-05-20 22:24:29,195 [INFO] >>> 补抓进度: 40/731 (5.5%) <<<
2026-05-20 22:24:29,817 [INFO] === 2023-02-10 ===
2026-05-20 22:24:30,528 [INFO]     第 1 页 20 条 共 29 页
2026-05-20 22:24:41,016 [WARNING]     第16页第1次服务端异常或空响应提示
2026-05-20 22:24:43,284 [WARNING]     第17页第1次服务端异常或空响应提示
2026-05-20 22:24:50,145 [WARNING]     第23页第1次服务端异常或空响应提示
2026-05-20 22:24:55,034 [INFO]   ✓ 2023-02-10 10:00:57 (策略A: 10点后首条) 折算价=678.84
2026-05-20 22:24:55,819 [INFO] === 2023-02-11 ===
2026-05-20 22:24:56,546 [INFO]     第 1 页 20 条 共 1 页
2026-05-20 22:24:56,547 [INFO]   ✓ 2023-02-11 10:30:00 (策略A: 10点后首条) 折算价=678.84
2026-05-20 22:24:57,089 [INFO] === 2023-02-12 ===
2026-05-20 22:24:57,388 [INFO]     第 1 页 20 条 共 1 页
2026-05-20 22:24:57,388 [INFO]   ✓ 2023-02-12 10:30:00 (策略A: 10点后首条) 折算价=678.84
2026-05-20 22:24:58,389 [INFO] === 2023-02-13 ===
2026-05-20 22:24:58,893 [INFO]     第 1 页 20 条 共 25 页
2026-05-20 22:25:05,919 [WARNING]     第11页第1次服务端异常或空响应提示
2026-05-20 22:25:15,430 [INFO]   ✓ 2023-02-13 10:00:13 (策略A: 10点后首条) 折算价=681.51
2026-05-20 22:25:16,351 [INFO] === 2023-02-14 ===
2026-05-20 22:25:16,908 [INFO]     第 1 页 20 条 共 29 页
2026-05-20 22:25:22,185 [WARNING]     第9页第1次服务端异常或空响应提示
2026-05-20 22:25:23,749 [WARNING]     第9页第2次服务端异常或空响应提示
2026-05-20 22:25:38,751 [WARNING]     第25页第1次服务端异常或空响应提示
2026-05-20 22:25:40,310 [WARNING]     第25页第2次服务端异常或空响应提示
2026-05-20 22:25:44,170 [WARNING]     第26页第1次服务端异常或空响应提示
2026-05-20 22:25:45,816 [INFO]   ✓ 2023-02-14 10:00:15 (策略A: 10点后首条) 折算价=681.36
2026-05-20 22:25:46,580 [INFO] === 2023-02-15 ===
2026-05-20 22:25:47,126 [INFO]     第 1 页 20 条 共 25 页
2026-05-20 22:25:47,752 [WARNING]     第3页第1次服务端异常或空响应提示
2026-05-20 22:25:51,201 [WARNING]     第6页第1次服务端异常或空响应提示
2026-05-20 22:25:58,200 [WARNING]     第13页第1次服务端异常或空响应提示
2026-05-20 22:26:05,629 [WARNING]     第21页第1次服务端异常或空响应提示
2026-05-20 22:26:09,042 [INFO]   ✓ 2023-02-15 10:01:05 (策略A: 10点后首条) 折算价=681.83
2026-05-20 22:26:09,773 [INFO] === 2023-02-16 ===
2026-05-20 22:26:10,941 [INFO]     第 1 页 20 条 共 25 页
2026-05-20 22:26:17,143 [WARNING]     第10页第1次服务端异常或空响应提示
2026-05-20 22:26:18,708 [WARNING]     第10页第2次服务端异常或空响应提示
2026-05-20 22:26:23,129 [WARNING]     第12页第1次服务端异常或空响应提示
2026-05-20 22:26:27,553 [WARNING]     第16页第1次服务端异常或空响应提示
2026-05-20 22:26:34,185 [INFO]   ✓ 2023-02-16 10:08:14 (策略A: 10点后首条) 折算价=685.19
2026-05-20 22:26:35,161 [INFO] === 2023-02-17 ===
2026-05-20 22:26:35,459 [INFO]     第 1 页 20 条 共 23 页
2026-05-20 22:26:49,099 [INFO]   ✓ 2023-02-17 10:01:40 (策略A: 10点后首条) 折算价=686.59
2026-05-20 22:26:50,070 [INFO] === 2023-02-18 ===
2026-05-20 22:26:50,772 [INFO]     第 1 页 20 条 共 2 页
2026-05-20 22:26:50,772 [INFO]   ✓ 2023-02-18 10:30:00 (策略A: 10点后首条) 折算价=686.59
2026-05-20 22:26:51,706 [INFO] === 2023-02-19 ===
2026-05-20 22:26:52,279 [INFO]     第 1 页 18 条 共 1 页
2026-05-20 22:26:52,279 [INFO]   ✓ 2023-02-19 10:30:00 (策略A: 10点后首条) 折算价=686.59
2026-05-20 22:26:52,281 [INFO] >>> 补抓进度: 50/731 (6.8%) <<<
2026-05-20 22:26:53,196 [INFO] --- 定期重置 Session (已处理 50 天) ---
2026-05-20 22:26:53,418 [INFO] === 2023-02-20 ===
2026-05-20 22:26:53,685 [INFO]     第 1 页 20 条 共 27 页
2026-05-20 22:27:09,610 [INFO]   ✓ 2023-02-20 10:00:16 (策略A: 10点后首条) 折算价=686.43
2026-05-20 22:27:10,251 [INFO] === 2023-02-21 ===
2026-05-20 22:27:10,419 [INFO]     第 1 页 20 条 共 19 页
2026-05-20 22:27:16,226 [WARNING]     第10页第1次服务端异常或空响应提示
2026-05-20 22:27:18,467 [WARNING]     第11页第1次服务端异常或空响应提示
2026-05-20 22:27:21,712 [WARNING]     第13页第1次服务端异常或空响应提示
2026-05-20 22:27:23,350 [WARNING]     第13页第2次服务端异常或空响应提示
2026-05-20 22:27:26,388 [WARNING]     第13页第3次服务端异常或空响应提示
2026-05-20 22:27:30,888 [WARNING]   第13页翻页重试失败
2026-05-20 22:27:30,890 [INFO]   ✓ 2023-02-21 11:22:51 (策略A: 10点后首条) 折算价=685.57
2026-05-20 22:27:31,588 [INFO] === 2023-02-22 ===
2026-05-20 22:27:32,751 [ERROR]   ✗ 2023-02-22 已达最大重试次数，跳过
2026-05-20 22:27:33,491 [INFO] === 2023-02-23 ===
2026-05-20 22:27:33,922 [INFO]     第 1 页 20 条 共 20 页
2026-05-20 22:27:33,961 [WARNING]     第2页第1次服务端异常或空响应提示
2026-05-20 22:27:35,498 [WARNING]     第2页第2次服务端异常或空响应提示
2026-05-20 22:27:38,533 [WARNING]     第2页第3次服务端异常或空响应提示
2026-05-20 22:27:43,033 [WARNING]   第2页翻页重试失败
2026-05-20 22:27:43,034 [INFO]   ✓ 2023-02-23 23:23:16 (策略A: 10点后首条) 折算价=690.28
2026-05-20 22:27:43,645 [INFO] === 2023-02-24 ===
2026-05-20 22:27:44,637 [INFO]     第 1 页 20 条 共 21 页
2026-05-20 22:27:44,671 [WARNING]     第2页第1次服务端异常或空响应提示
2026-05-20 22:27:46,206 [WARNING]     第2页第2次服务端异常或空响应提示
2026-05-20 22:27:49,241 [WARNING]     第2页第3次服务端异常或空响应提示
2026-05-20 22:27:53,742 [WARNING]   第2页翻页重试失败
2026-05-20 22:27:53,742 [INFO]   ✓ 2023-02-24 23:01:00 (策略A: 10点后首条) 折算价=689.42
2026-05-20 22:27:54,536 [INFO] === 2023-02-25 ===
2026-05-20 22:27:55,349 [INFO]     第 1 页 20 条 共 2 页
2026-05-20 22:27:55,350 [INFO]   ✓ 2023-02-25 10:30:00 (策略A: 10点后首条) 折算价=689.42
2026-05-20 22:27:55,881 [INFO] === 2023-02-26 ===
2026-05-20 22:27:56,146 [INFO]     第 1 页 18 条 共 1 页
2026-05-20 22:27:56,146 [INFO]   ✓ 2023-02-26 10:30:00 (策略A: 10点后首条) 折算价=689.42
2026-05-20 22:27:56,664 [INFO] === 2023-02-27 ===
2026-05-20 22:27:56,946 [INFO]     第 1 页 20 条 共 29 页
2026-05-20 22:28:14,453 [INFO]   ✓ 2023-02-27 10:00:25 (策略A: 10点后首条) 折算价=695.72
2026-05-20 22:28:15,168 [INFO] === 2023-02-28 ===
2026-05-20 22:28:15,432 [INFO]     第 1 页 20 条 共 28 页
2026-05-20 22:28:15,467 [WARNING]     第2页第1次服务端异常或空响应提示
2026-05-20 22:28:18,394 [WARNING]     第4页第1次服务端异常或空响应提示
2026-05-20 22:28:20,646 [WARNING]     第5页第1次服务端异常或空响应提示
2026-05-20 22:28:22,195 [WARNING]     第5页第2次服务端异常或空响应提示
2026-05-20 22:28:26,780 [WARNING]     第7页第1次服务端异常或空响应提示
2026-05-20 22:28:29,687 [WARNING]     第9页第1次服务端异常或空响应提示
2026-05-20 22:28:32,789 [WARNING]     第11页第1次服务端异常或空响应提示
2026-05-20 22:28:34,326 [WARNING]     第11页第2次服务端异常或空响应提示
2026-05-20 22:28:37,365 [WARNING]     第11页第3次服务端异常或空响应提示
2026-05-20 22:28:41,866 [WARNING]   第11页翻页重试失败
2026-05-20 22:28:41,868 [INFO]   ✓ 2023-02-28 14:59:11 (策略A: 10点后首条) 折算价=695.19
2026-05-20 22:28:42,643 [INFO] === 2023-03-01 ===
2026-05-20 22:28:43,953 [INFO]     第 1 页 20 条 共 37 页
2026-05-20 22:28:43,987 [WARNING]     第2页第1次服务端异常或空响应提示
2026-05-20 22:28:45,524 [WARNING]     第2页第2次服务端异常或空响应提示
2026-05-20 22:28:49,143 [WARNING]     第3页第1次服务端异常或空响应提示
2026-05-20 22:28:50,690 [WARNING]     第3页第2次服务端异常或空响应提示
2026-05-20 22:28:53,727 [WARNING]     第3页第3次服务端异常或空响应提示
2026-05-20 22:28:58,227 [WARNING]   第3页翻页重试失败
2026-05-20 22:28:58,228 [INFO]   ✓ 2023-03-01 22:13:53 (策略A: 10点后首条) 折算价=694
2026-05-20 22:28:58,229 [INFO] >>> 补抓进度: 60/731 (8.2%) <<<
2026-05-20 22:28:58,905 [INFO] === 2023-03-02 ===
2026-05-20 22:28:59,208 [INFO]     第 1 页 20 条 共 32 页
2026-05-20 22:28:59,247 [WARNING]     第2页第1次服务端异常或空响应提示
2026-05-20 22:29:19,763 [INFO]   ✓ 2023-03-02 10:00:33 (策略A: 10点后首条) 折算价=688.08
2026-05-20 22:29:20,335 [INFO] === 2023-03-03 ===
2026-05-20 22:29:20,573 [INFO]     第 1 页 20 条 共 31 页
2026-05-20 22:29:21,478 [WARNING]     第3页第1次服务端异常或空响应提示
2026-05-20 22:29:23,690 [WARNING]     第4页第1次服务端异常或空响应提示
2026-05-20 22:29:25,234 [WARNING]     第4页第2次服务端异常或空响应提示
2026-05-20 22:29:28,274 [WARNING]     第4页第3次服务端异常或空响应提示
2026-05-20 22:29:32,775 [WARNING]   第4页翻页重试失败
2026-05-20 22:29:32,775 [INFO]   ✓ 2023-03-03 18:26:28 (策略A: 10点后首条) 折算价=691.17
2026-05-20 22:29:33,384 [INFO] === 2023-03-04 ===
2026-05-20 22:29:33,794 [INFO]     第 1 页 20 条 共 2 页
2026-05-20 22:29:33,794 [INFO]   ✓ 2023-03-04 10:30:00 (策略A: 10点后首条) 折算价=691.17
2026-05-20 22:29:34,706 [INFO] === 2023-03-05 ===
2026-05-20 22:29:34,945 [INFO]     第 1 页 16 条 共 1 页
2026-05-20 22:29:34,946 [INFO]   ✓ 2023-03-05 10:30:00 (策略A: 10点后首条) 折算价=691.17
2026-05-20 22:29:35,848 [INFO] === 2023-03-06 ===
2026-05-20 22:29:36,249 [INFO]     第 1 页 20 条 共 27 页
2026-05-20 22:29:36,284 [WARNING]     第2页第1次服务端异常或空响应提示
2026-05-20 22:29:39,268 [WARNING]     第4页第1次服务端异常或空响应提示
2026-05-20 22:29:40,810 [WARNING]     第4页第2次服务端异常或空响应提示
2026-05-20 22:29:43,847 [WARNING]     第4页第3次服务端异常或空响应提示
2026-05-20 22:29:48,347 [WARNING]   第4页翻页重试失败
2026-05-20 22:29:48,348 [INFO]   ✓ 2023-03-06 18:38:26 (策略A: 10点后首条) 折算价=689.51
2026-05-20 22:29:48,855 [INFO] === 2023-03-07 ===
2026-05-20 22:29:49,111 [INFO]     第 1 页 20 条 共 28 页
2026-05-20 22:29:49,145 [WARNING]     第2页第1次服务端异常或空响应提示
2026-05-20 22:29:50,683 [WARNING]     第2页第2次服务端异常或空响应提示
2026-05-20 22:29:53,721 [WARNING]     第2页第3次服务端异常或空响应提示
2026-05-20 22:29:58,221 [WARNING]   第2页翻页重试失败
2026-05-20 22:29:58,222 [INFO]   ✓ 2023-03-07 23:24:02 (策略A: 10点后首条) 折算价=691.56
2026-05-20 22:29:59,087 [INFO] === 2023-03-08 ===
2026-05-20 22:29:59,294 [INFO]     第 1 页 20 条 共 29 页
2026-05-20 22:30:00,203 [WARNING]     第3页第1次服务端异常或空响应提示
2026-05-20 22:30:01,753 [WARNING]     第3页第2次服务端异常或空响应提示
2026-05-20 22:30:21,405 [INFO]   ✓ 2023-03-08 10:00:26 (策略A: 10点后首条) 折算价=695.25
2026-05-20 22:30:21,940 [INFO] === 2023-03-09 ===
2026-05-20 22:30:22,398 [INFO]     第 1 页 20 条 共 27 页
2026-05-20 22:30:27,803 [WARNING]     第9页第1次服务端异常或空响应提示
2026-05-20 22:30:32,504 [WARNING]     第13页第1次服务端异常或空响应提示
2026-05-20 22:30:34,053 [WARNING]     第13页第2次服务端异常或空响应提示
2026-05-20 22:30:37,092 [WARNING]     第13页第3次服务端异常或空响应提示
2026-05-20 22:30:41,592 [WARNING]   第13页翻页重试失败
2026-05-20 22:30:41,594 [INFO]   ✓ 2023-03-09 15:11:37 (策略A: 10点后首条) 折算价=696.66
2026-05-20 22:30:42,275 [INFO] === 2023-03-10 ===
2026-05-20 22:30:43,097 [INFO]     第 1 页 20 条 共 26 页
2026-05-20 22:30:44,869 [WARNING]     第4页第1次服务端异常或空响应提示
2026-05-20 22:30:46,404 [WARNING]     第4页第2次服务端异常或空响应提示
2026-05-20 22:30:49,439 [WARNING]     第4页第3次服务端异常或空响应提示
2026-05-20 22:30:53,939 [WARNING]   第4页翻页重试失败
2026-05-20 22:30:53,941 [INFO]   ✓ 2023-03-10 22:06:02 (策略A: 10点后首条) 折算价=696.55
2026-05-20 22:30:54,642 [INFO] === 2023-03-11 ===
2026-05-20 22:30:55,295 [INFO]     第 1 页 20 条 共 2 页
2026-05-20 22:30:55,296 [INFO]   ✓ 2023-03-11 10:30:00 (策略A: 10点后首条) 折算价=696.55
2026-05-20 22:30:55,298 [INFO] >>> 补抓进度: 70/731 (9.6%) <<<
2026-05-20 22:30:55,997 [INFO] === 2023-03-12 ===
2026-05-20 22:30:56,686 [INFO]     第 1 页 20 条 共 1 页
2026-05-20 22:30:56,687 [INFO]   ✓ 2023-03-12 10:30:00 (策略A: 10点后首条) 折算价=696.55
2026-05-20 22:30:57,387 [INFO] === 2023-03-13 ===
2026-05-20 22:30:58,294 [ERROR]   ✗ 2023-03-13 已达最大重试次数，跳过
2026-05-20 22:30:59,255 [INFO] === 2023-03-14 ===
2026-05-20 22:31:00,065 [INFO]     第 1 页 20 条 共 34 页
2026-05-20 22:31:00,102 [WARNING]     第2页第1次服务端异常或空响应提示
2026-05-20 22:31:01,637 [WARNING]     第2页第2次服务端异常或空响应提示
2026-05-20 22:31:04,671 [WARNING]     第2页第3次服务端异常或空响应提示
2026-05-20 22:31:09,172 [WARNING]   第2页翻页重试失败
2026-05-20 22:31:09,172 [INFO]   ✓ 2023-03-14 22:41:25 (策略A: 10点后首条) 折算价=689.49
2026-05-20 22:31:10,097 [INFO] === 2023-03-15 ===
2026-05-20 22:31:10,288 [INFO]     第 1 页 20 条 共 37 页
2026-05-20 22:31:10,879 [WARNING]     第3页第1次服务端异常或空响应提示
2026-05-20 22:31:12,419 [WARNING]     第3页第2次服务端异常或空响应提示
2026-05-20 22:31:36,488 [INFO]   ✓ 2023-03-15 10:01:41 (策略A: 10点后首条) 折算价=686.8
2026-05-20 22:31:37,449 [INFO] === 2023-03-16 ===
2026-05-20 22:31:37,703 [INFO]     第 1 页 20 条 共 30 页
2026-05-20 22:31:38,658 [WARNING]     第3页第1次服务端异常或空响应提示
2026-05-20 22:31:40,193 [WARNING]     第3页第2次服务端异常或空响应提示
2026-05-20 22:31:44,069 [WARNING]     第4页第1次服务端异常或空响应提示
2026-05-20 22:31:45,605 [WARNING]     第4页第2次服务端异常或空响应提示
2026-05-20 22:31:48,645 [WARNING]     第4页第3次服务端异常或空响应提示
2026-05-20 22:31:53,145 [WARNING]   第4页翻页重试失败
2026-05-20 22:31:53,146 [INFO]   ✓ 2023-03-16 21:34:36 (策略A: 10点后首条) 折算价=691.49
2026-05-20 22:31:54,068 [INFO] === 2023-03-17 ===
2026-05-20 22:31:55,334 [ERROR]   ✗ 2023-03-17 已达最大重试次数，跳过
2026-05-20 22:31:56,197 [INFO] === 2023-03-18 ===
2026-05-20 22:31:56,434 [INFO]     第 1 页 20 条 共 2 页
2026-05-20 22:31:56,435 [INFO]   ✓ 2023-03-18 10:30:00 (策略A: 10点后首条) 折算价=690.52
2026-05-20 22:31:57,013 [INFO] === 2023-03-19 ===
2026-05-20 22:31:57,271 [INFO]     第 1 页 20 条 共 6 页
2026-05-20 22:31:57,305 [WARNING]     第2页第1次服务端异常或空响应提示
2026-05-20 22:31:59,649 [WARNING]     第3页第1次服务端异常或空响应提示
2026-05-20 22:32:02,093 [WARNING]     第4页第1次服务端异常或空响应提示
2026-05-20 22:32:03,644 [WARNING]     第4页第2次服务端异常或空响应提示
2026-05-20 22:32:06,686 [WARNING]     第4页第3次服务端异常或空响应提示
2026-05-20 22:32:11,187 [WARNING]   第4页翻页重试失败
2026-05-20 22:32:11,188 [INFO]   ✓ 2023-03-19 10:30:00 (策略A: 10点后首条) 折算价=690.52
2026-05-20 22:32:11,927 [INFO] === 2023-03-20 ===
2026-05-20 22:32:12,344 [INFO]     第 1 页 20 条 共 26 页
2026-05-20 22:32:12,945 [WARNING]     第3页第1次服务端异常或空响应提示
2026-05-20 22:32:14,479 [WARNING]     第3页第2次服务端异常或空响应提示
2026-05-20 22:32:31,866 [INFO]   ✓ 2023-03-20 10:00:36 (策略A: 10点后首条) 折算价=686.94
2026-05-20 22:32:32,587 [INFO] === 2023-03-21 ===
2026-05-20 22:32:32,813 [INFO]     第 1 页 20 条 共 28 页
2026-05-20 22:32:37,453 [WARNING]     第8页第1次服务端异常或空响应提示
2026-05-20 22:32:41,681 [WARNING]     第12页第1次服务端异常或空响应提示
2026-05-20 22:32:43,769 [WARNING]     第13页第1次服务端异常或空响应提示
2026-05-20 22:32:45,335 [WARNING]     第13页第2次服务端异常或空响应提示
2026-05-20 22:32:49,248 [WARNING]     第14页第1次服务端异常或空响应提示
2026-05-20 22:32:50,784 [WARNING]     第14页第2次服务端异常或空响应提示
2026-05-20 22:32:53,852 [WARNING]     第14页第3次服务端异常或空响应提示
2026-05-20 22:32:58,352 [WARNING]   第14页翻页重试失败
2026-05-20 22:32:58,354 [INFO]   ✓ 2023-03-21 14:35:00 (策略A: 10点后首条) 折算价=687.63
2026-05-20 22:32:58,356 [INFO] >>> 补抓进度: 80/731 (10.9%) <<<
2026-05-20 22:32:58,917 [INFO] === 2023-03-22 ===
2026-05-20 22:32:59,153 [INFO]     第 1 页 20 条 共 23 页
2026-05-20 22:33:00,087 [WARNING]     第3页第1次服务端异常或空响应提示
2026-05-20 22:33:02,539 [WARNING]     第4页第1次服务端异常或空响应提示
2026-05-20 22:33:04,076 [WARNING]     第4页第2次服务端异常或空响应提示
2026-05-20 22:33:07,950 [WARNING]     第5页第1次服务端异常或空响应提示
2026-05-20 22:33:09,484 [WARNING]     第5页第2次服务端异常或空响应提示
2026-05-20 22:33:13,986 [WARNING]     第7页第1次服务端异常或空响应提示
2026-05-20 22:33:16,137 [WARNING]     第8页第1次服务端异常或空响应提示
2026-05-20 22:33:25,040 [INFO]   ✓ 2023-03-22 10:00:18 (策略A: 10点后首条) 折算价=687.15
2026-05-20 22:33:25,806 [INFO] === 2023-03-23 ===
2026-05-20 22:33:26,089 [INFO]     第 1 页 20 条 共 30 页
2026-05-20 22:33:31,729 [WARNING]     第10页第1次服务端异常或空响应提示
2026-05-20 22:33:34,958 [WARNING]     第12页第1次服务端异常或空响应提示
2026-05-20 22:33:37,216 [WARNING]     第13页第1次服务端异常或空响应提示
2026-05-20 22:33:41,230 [WARNING]     第16页第1次服务端异常或空响应提示
2026-05-20 22:33:44,092 [WARNING]     第18页第1次服务端异常或空响应提示
2026-05-20 22:33:45,631 [WARNING]     第18页第2次服务端异常或空响应提示
2026-05-20 22:33:49,212 [WARNING]     第19页第1次服务端异常或空响应提示
2026-05-20 22:33:50,747 [WARNING]     第19页第2次服务端异常或空响应提示
2026-05-20 22:33:53,782 [WARNING]     第19页第3次服务端异常或空响应提示
2026-05-20 22:33:58,282 [WARNING]   第19页翻页重试失败
2026-05-20 22:33:58,285 [INFO]   ✓ 2023-03-23 11:44:45 (策略A: 10点后首条) 折算价=687.09
2026-05-20 22:33:58,987 [INFO] === 2023-03-24 ===
2026-05-20 22:34:00,136 [ERROR]   ✗ 2023-03-24 已达最大重试次数，跳过
2026-05-20 22:34:00,822 [INFO] === 2023-03-25 ===
2026-05-20 22:34:01,386 [INFO]     第 1 页 20 条 共 2 页
2026-05-20 22:34:01,387 [INFO]   ✓ 2023-03-25 10:30:00 (策略A: 10点后首条) 折算价=683.74
2026-05-20 22:34:02,202 [INFO] === 2023-03-26 ===
2026-05-20 22:34:02,602 [INFO]     第 1 页 18 条 共 1 页
2026-05-20 22:34:02,602 [INFO]   ✓ 2023-03-26 10:30:00 (策略A: 10点后首条) 折算价=683.74
2026-05-20 22:34:03,301 [INFO] === 2023-03-27 ===
2026-05-20 22:34:04,404 [INFO]     第 1 页 20 条 共 24 页
2026-05-20 22:34:04,970 [WARNING]     第3页第1次服务端异常或空响应提示
2026-05-20 22:34:07,135 [WARNING]     第4页第1次服务端异常或空响应提示
2026-05-20 22:34:09,179 [WARNING]     第5页第1次服务端异常或空响应提示
2026-05-20 22:34:10,719 [WARNING]     第5页第2次服务端异常或空响应提示
2026-05-20 22:34:15,432 [WARNING]     第7页第1次服务端异常或空响应提示
2026-05-20 22:34:17,587 [WARNING]     第8页第1次服务端异常或空响应提示
2026-05-20 22:34:19,121 [WARNING]     第8页第2次服务端异常或空响应提示
2026-05-20 22:34:24,244 [WARNING]     第11页第1次服务端异常或空响应提示
2026-05-20 22:34:28,631 [WARNING]     第15页第1次服务端异常或空响应提示
2026-05-20 22:34:35,000 [INFO]   ✓ 2023-03-27 10:02:32 (策略A: 10点后首条) 折算价=687.14
2026-05-20 22:34:35,916 [INFO] === 2023-03-28 ===
2026-05-20 22:34:36,318 [INFO]     第 1 页 20 条 共 23 页
2026-05-20 22:34:38,009 [WARNING]     第4页第1次服务端异常或空响应提示
2026-05-20 22:34:42,013 [WARNING]     第7页第1次服务端异常或空响应提示
2026-05-20 22:34:48,147 [WARNING]     第13页第1次服务端异常或空响应提示
2026-05-20 22:34:53,036 [WARNING]     第18页第1次服务端异常或空响应提示
2026-05-20 22:34:54,572 [WARNING]     第18页第2次服务端异常或空响应提示
2026-05-20 22:34:59,030 [INFO]   ✓ 2023-03-28 10:01:00 (策略A: 10点后首条) 折算价=687.49
2026-05-20 22:34:59,661 [INFO] === 2023-03-29 ===
2026-05-20 22:35:00,608 [INFO]     第 1 页 20 条 共 26 页
2026-05-20 22:35:00,643 [WARNING]     第2页第1次服务端异常或空响应提示
2026-05-20 22:35:02,178 [WARNING]     第2页第2次服务端异常或空响应提示
2026-05-20 22:35:05,212 [WARNING]     第2页第3次服务端异常或空响应提示
2026-05-20 22:35:09,713 [WARNING]   第2页翻页重试失败
2026-05-20 22:35:09,713 [INFO]   ✓ 2023-03-29 21:53:56 (策略A: 10点后首条) 折算价=687.71
2026-05-20 22:35:10,607 [INFO] === 2023-03-30 ===
2026-05-20 22:35:11,082 [INFO]     第 1 页 20 条 共 26 页
2026-05-20 22:35:11,952 [WARNING]     第3页第1次服务端异常或空响应提示
2026-05-20 22:35:15,933 [WARNING]     第6页第1次服务端异常或空响应提示
2026-05-20 22:35:17,470 [WARNING]     第6页第2次服务端异常或空响应提示
2026-05-20 22:35:20,503 [WARNING]     第6页第3次服务端异常或空响应提示
2026-05-20 22:35:25,004 [WARNING]   第6页翻页重试失败
2026-05-20 22:35:25,005 [INFO]   ✓ 2023-03-30 16:43:08 (策略A: 10点后首条) 折算价=688.86
2026-05-20 22:35:25,562 [INFO] === 2023-03-31 ===
2026-05-20 22:35:26,120 [INFO]     第 1 页 20 条 共 26 页
2026-05-20 22:35:26,160 [WARNING]     第2页第1次服务端异常或空响应提示
2026-05-20 22:35:27,696 [WARNING]     第2页第2次服务端异常或空响应提示
2026-05-20 22:35:32,252 [WARNING]     第4页第1次服务端异常或空响应提示
2026-05-20 22:35:33,786 [WARNING]     第4页第2次服务端异常或空响应提示
2026-05-20 22:35:36,839 [WARNING]     第4页第3次服务端异常或空响应提示
2026-05-20 22:35:41,339 [WARNING]   第4页翻页重试失败
2026-05-20 22:35:41,340 [INFO]   ✓ 2023-03-31 18:10:08 (策略A: 10点后首条) 折算价=687.17
2026-05-20 22:35:41,342 [INFO] >>> 补抓进度: 90/731 (12.3%) <<<
2026-05-20 22:35:42,245 [INFO] === 2023-04-01 ===
2026-05-20 22:35:42,745 [INFO]     第 1 页 20 条 共 2 页
2026-05-20 22:35:42,745 [INFO]   ✓ 2023-04-01 10:30:00 (策略A: 10点后首条) 折算价=687.17
2026-05-20 22:35:43,436 [INFO] === 2023-04-02 ===
2026-05-20 22:35:43,687 [INFO]     第 1 页 16 条 共 1 页
2026-05-20 22:35:43,688 [INFO]   ✓ 2023-04-02 10:30:00 (策略A: 10点后首条) 折算价=687.17
2026-05-20 22:35:44,236 [INFO] === 2023-04-03 ===
2026-05-20 22:35:44,653 [INFO]     第 1 页 20 条 共 20 页
2026-05-20 22:35:54,952 [INFO]   ✓ 2023-04-03 10:01:04 (策略A: 10点后首条) 折算价=688.05
2026-05-20 22:35:55,825 [INFO] === 2023-04-04 ===
2026-05-20 22:35:56,081 [INFO]     第 1 页 20 条 共 21 页
2026-05-20 22:35:58,985 [WARNING]     第6页第1次服务端异常或空响应提示
2026-05-20 22:36:00,527 [WARNING]     第6页第2次服务端异常或空响应提示
2026-05-20 22:36:03,561 [WARNING]     第6页第3次服务端异常或空响应提示
2026-05-20 22:36:08,062 [WARNING]   第6页翻页重试失败
2026-05-20 22:36:08,063 [INFO]   ✓ 2023-04-04 17:05:19 (策略A: 10点后首条) 折算价=686.99
2026-05-20 22:36:08,978 [INFO] === 2023-04-05 ===
2026-05-20 22:36:09,209 [INFO]     第 1 页 20 条 共 11 页
2026-05-20 22:36:09,245 [WARNING]     第2页第1次服务端异常或空响应提示
2026-05-20 22:36:10,786 [WARNING]     第2页第2次服务端异常或空响应提示
2026-05-20 22:36:13,821 [WARNING]     第2页第3次服务端异常或空响应提示
2026-05-20 22:36:18,321 [WARNING]   第2页翻页重试失败
2026-05-20 22:36:18,322 [INFO]   ✓ 2023-04-05 20:18:45 (策略A: 10点后首条) 折算价=686.99
2026-05-20 22:36:18,837 [INFO] === 2023-04-06 ===
2026-05-20 22:36:19,569 [INFO]     第 1 页 20 条 共 16 页
2026-05-20 22:36:21,746 [WARNING]     第5页第1次服务端异常或空响应提示
2026-05-20 22:36:24,789 [WARNING]     第7页第1次服务端异常或空响应提示
2026-05-20 22:36:26,323 [WARNING]     第7页第2次服务端异常或空响应提示
2026-05-20 22:36:30,724 [WARNING]     第9页第1次服务端异常或空响应提示
2026-05-20 22:36:32,260 [WARNING]     第9页第2次服务端异常或空响应提示
2026-05-20 22:36:37,112 [WARNING]     第11页第1次服务端异常或空响应提示
2026-05-20 22:36:40,121 [WARNING]     第13页第1次服务端异常或空响应提示
2026-05-20 22:36:42,390 [INFO]   ✓ 2023-04-06 10:02:14 (策略A: 10点后首条) 折算价=687.47
2026-05-20 22:36:42,911 [INFO] === 2023-04-07 ===
2026-05-20 22:36:43,518 [INFO]     第 1 页 20 条 共 14 页
2026-05-20 22:36:50,414 [INFO]   ✓ 2023-04-07 10:10:26 (策略A: 10点后首条) 折算价=688.38
2026-05-20 22:36:51,069 [INFO] === 2023-04-08 ===
2026-05-20 22:36:51,304 [INFO]     第 1 页 20 条 共 2 页
2026-05-20 22:36:51,305 [INFO]   ✓ 2023-04-08 10:30:00 (策略A: 10点后首条) 折算价=688.38
2026-05-20 22:36:52,304 [INFO] === 2023-04-09 ===
2026-05-20 22:36:52,778 [INFO]     第 1 页 18 条 共 1 页
2026-05-20 22:36:52,779 [INFO]   ✓ 2023-04-09 10:30:00 (策略A: 10点后首条) 折算价=688.38
2026-05-20 22:36:53,336 [INFO] === 2023-04-10 ===
2026-05-20 22:36:53,569 [INFO]     第 1 页 20 条 共 14 页
2026-05-20 22:37:00,703 [INFO]   ✓ 2023-04-10 10:03:01 (策略A: 10点后首条) 折算价=687.64
2026-05-20 22:37:00,705 [INFO] >>> 补抓进度: 100/731 (13.7%) <<<
2026-05-20 22:37:01,317 [INFO] --- 定期重置 Session (已处理 100 天) ---
2026-05-20 22:37:01,487 [INFO] === 2023-04-11 ===
2026-05-20 22:37:01,770 [INFO]     第 1 页 20 条 共 17 页
2026-05-20 22:37:03,444 [WARNING]     第4页第1次服务端异常或空响应提示
2026-05-20 22:37:06,406 [WARNING]     第6页第1次服务端异常或空响应提示
2026-05-20 22:37:07,940 [WARNING]     第6页第2次服务端异常或空响应提示
2026-05-20 22:37:10,973 [WARNING]     第6页第3次服务端异常或空响应提示
2026-05-20 22:37:15,474 [WARNING]   第6页翻页重试失败
2026-05-20 22:37:15,475 [INFO]   ✓ 2023-04-11 15:53:54 (策略A: 10点后首条) 折算价=688.82
2026-05-20 22:37:16,216 [INFO] === 2023-04-12 ===
2026-05-20 22:37:16,472 [INFO]     第 1 页 20 条 共 14 页
2026-05-20 22:37:17,048 [WARNING]     第3页第1次服务端异常或空响应提示
2026-05-20 22:37:20,027 [WARNING]     第5页第1次服务端异常或空响应提示
2026-05-20 22:37:22,154 [WARNING]     第6页第1次服务端异常或空响应提示
2026-05-20 22:37:24,822 [WARNING]     第8页第1次服务端异常或空响应提示
2026-05-20 22:37:26,355 [WARNING]     第8页第2次服务端异常或空响应提示
2026-05-20 22:37:30,260 [WARNING]     第9页第1次服务端异常或空响应提示
2026-05-20 22:37:31,800 [WARNING]     第9页第2次服务端异常或空响应提示
2026-05-20 22:37:34,837 [WARNING]     第9页第3次服务端异常或空响应提示
2026-05-20 22:37:39,337 [WARNING]   第9页翻页重试失败
2026-05-20 22:37:39,339 [INFO]   ✓ 2023-04-12 13:56:03 (策略A: 10点后首条) 折算价=688.54
2026-05-20 22:37:40,083 [INFO] === 2023-04-13 ===
2026-05-20 22:37:40,867 [INFO]     第 1 页 20 条 共 19 页
2026-05-20 22:37:41,656 [WARNING]     第3页第1次服务端异常或空响应提示
2026-05-20 22:37:43,190 [WARNING]     第3页第2次服务端异常或空响应提示
2026-05-20 22:37:46,225 [WARNING]     第3页第3次服务端异常或空响应提示
2026-05-20 22:37:50,725 [WARNING]   第3页翻页重试失败
2026-05-20 22:37:50,726 [INFO]   ✓ 2023-04-13 20:20:41 (策略A: 10点后首条) 折算价=686.58
2026-05-20 22:37:51,588 [INFO] === 2023-04-14 ===
2026-05-20 22:37:51,820 [INFO]     第 1 页 20 条 共 24 页
2026-05-20 22:38:05,714 [INFO]   ✓ 2023-04-14 10:01:41 (策略A: 10点后首条) 折算价=686.06
2026-05-20 22:38:06,272 [INFO] === 2023-04-15 ===
2026-05-20 22:38:06,538 [INFO]     第 1 页 20 条 共 2 页
2026-05-20 22:38:06,539 [INFO]   ✓ 2023-04-15 10:30:00 (策略A: 10点后首条) 折算价=686.06
2026-05-20 22:38:07,323 [INFO] === 2023-04-16 ===
2026-05-20 22:38:07,718 [INFO]     第 1 页 18 条 共 1 页
2026-05-20 22:38:07,719 [INFO]   ✓ 2023-04-16 10:30:00 (策略A: 10点后首条) 折算价=686.06
2026-05-20 22:38:08,640 [INFO] === 2023-04-17 ===
2026-05-20 22:38:08,986 [INFO]     第 1 页 20 条 共 17 页
2026-05-20 22:38:14,087 [WARNING]     第9页第1次服务端异常或空响应提示
2026-05-20 22:38:15,621 [WARNING]     第9页第2次服务端异常或空响应提示
2026-05-20 22:38:21,321 [WARNING]     第13页第1次服务端异常或空响应提示
2026-05-20 22:38:23,405 [WARNING]     第14页第1次服务端异常或空响应提示
2026-05-20 22:38:24,950 [WARNING]     第14页第2次服务端异常或空响应提示
2026-05-20 22:38:28,078 [INFO]   ✓ 2023-04-17 10:00:14 (策略A: 10点后首条) 折算价=686.79
2026-05-20 22:38:28,800 [INFO] === 2023-04-18 ===
2026-05-20 22:38:29,241 [INFO]     第 1 页 20 条 共 17 页
2026-05-20 22:38:29,275 [WARNING]     第2页第1次服务端异常或空响应提示
2026-05-20 22:38:33,210 [WARNING]     第5页第1次服务端异常或空响应提示
2026-05-20 22:38:34,744 [WARNING]     第5页第2次服务端异常或空响应提示
2026-05-20 22:38:37,780 [WARNING]     第5页第3次服务端异常或空响应提示
2026-05-20 22:38:42,281 [WARNING]   第5页翻页重试失败
2026-05-20 22:38:42,281 [INFO]   ✓ 2023-04-18 16:50:37 (策略A: 10点后首条) 折算价=688.14
2026-05-20 22:38:43,210 [INFO] === 2023-04-19 ===
2026-05-20 22:38:44,134 [INFO]     第 1 页 20 条 共 20 页
2026-05-20 22:38:47,752 [WARNING]     第7页第1次服务端异常或空响应提示
2026-05-20 22:38:49,289 [WARNING]     第7页第2次服务端异常或空响应提示
2026-05-20 22:38:54,927 [WARNING]     第11页第1次服务端异常或空响应提示
2026-05-20 22:39:01,288 [INFO]   ✓ 2023-04-19 10:00:21 (策略A: 10点后首条) 折算价=687.31
2026-05-20 22:39:02,190 [INFO] === 2023-04-20 ===
2026-05-20 22:39:02,441 [INFO]     第 1 页 20 条 共 22 页
2026-05-20 22:39:02,477 [WARNING]     第2页第1次服务端异常或空响应提示
2026-05-20 22:39:06,843 [WARNING]     第6页第1次服务端异常或空响应提示
2026-05-20 22:39:08,377 [WARNING]     第6页第2次服务端异常或空响应提示
2026-05-20 22:39:12,181 [WARNING]     第7页第1次服务端异常或空响应提示
2026-05-20 22:39:13,738 [WARNING]     第7页第2次服务端异常或空响应提示
2026-05-20 22:39:18,175 [WARNING]     第9页第1次服务端异常或空响应提示
2026-05-20 22:39:23,816 [WARNING]     第15页第1次服务端异常或空响应提示
2026-05-20 22:39:26,932 [WARNING]     第17页第1次服务端异常或空响应提示
2026-05-20 22:39:29,210 [INFO]   ✓ 2023-04-20 10:00:38 (策略A: 10点后首条) 折算价=689.87
2026-05-20 22:39:29,211 [INFO] >>> 补抓进度: 110/731 (15.0%) <<<
2026-05-20 22:39:29,801 [INFO] === 2023-04-21 ===
2026-05-20 22:39:30,032 [INFO]     第 1 页 20 条 共 21 页
2026-05-20 22:39:33,668 [WARNING]     第7页第1次服务端异常或空响应提示
2026-05-20 22:39:35,988 [WARNING]     第8页第1次服务端异常或空响应提示
2026-05-20 22:39:38,172 [WARNING]     第9页第1次服务端异常或空响应提示
2026-05-20 22:39:39,706 [WARNING]     第9页第2次服务端异常或空响应提示
2026-05-20 22:39:42,743 [WARNING]     第9页第3次服务端异常或空响应提示
2026-05-20 22:39:47,243 [WARNING]   第9页翻页重试失败
2026-05-20 22:39:47,245 [INFO]   ✓ 2023-04-21 15:23:26 (策略A: 10点后首条) 折算价=687.52
2026-05-20 22:39:47,886 [INFO] === 2023-04-22 ===
2026-05-20 22:39:48,748 [INFO]     第 1 页 20 条 共 2 页
2026-05-20 22:39:48,749 [INFO]   ✓ 2023-04-22 10:30:00 (策略A: 10点后首条) 折算价=687.52
2026-05-20 22:39:49,285 [INFO] === 2023-04-23 ===
2026-05-20 22:39:50,307 [INFO]     第 1 页 20 条 共 2 页
2026-05-20 22:39:50,308 [INFO]   ✓ 2023-04-23 10:30:00 (策略A: 10点后首条) 折算价=687.52
2026-05-20 22:39:51,089 [INFO] === 2023-04-24 ===
2026-05-20 22:39:51,725 [INFO]     第 1 页 20 条 共 19 页
2026-05-20 22:39:51,760 [WARNING]     第2页第1次服务端异常或空响应提示
2026-05-20 22:39:53,299 [WARNING]     第2页第2次服务端异常或空响应提示
2026-05-20 22:39:57,146 [WARNING]     第3页第1次服务端异常或空响应提示
2026-05-20 22:39:59,449 [WARNING]     第4页第1次服务端异常或空响应提示
2026-05-20 22:40:00,987 [WARNING]     第4页第2次服务端异常或空响应提示
2026-05-20 22:40:04,023 [WARNING]     第4页第3次服务端异常或空响应提示
2026-05-20 22:40:08,524 [WARNING]   第4页翻页重试失败
2026-05-20 22:40:08,525 [INFO]   ✓ 2023-04-24 10:30:00 (策略A: 10点后首条) 折算价=688.35
2026-05-20 22:40:09,231 [INFO] === 2023-04-25 ===
2026-05-20 22:40:09,478 [INFO]     第 1 页 20 条 共 28 页
2026-05-20 22:40:09,517 [WARNING]     第2页第1次服务端异常或空响应提示
2026-05-20 22:40:12,453 [WARNING]     第4页第1次服务端异常或空响应提示
2026-05-20 22:40:16,394 [WARNING]     第7页第1次服务端异常或空响应提示
2026-05-20 22:40:18,767 [WARNING]     第8页第1次服务端异常或空响应提示
2026-05-20 22:40:25,872 [WARNING]     第16页第1次服务端异常或空响应提示
2026-05-20 22:40:28,282 [WARNING]     第17页第1次服务端异常或空响应提示
2026-05-20 22:40:31,030 [WARNING]     第19页第1次服务端异常或空响应提示
2026-05-20 22:40:33,167 [WARNING]     第20页第1次服务端异常或空响应提示
2026-05-20 22:40:34,702 [WARNING]     第20页第2次服务端异常或空响应提示
2026-05-20 22:40:37,737 [WARNING]     第20页第3次服务端异常或空响应提示
2026-05-20 22:40:42,237 [WARNING]   第20页翻页重试失败
2026-05-20 22:40:42,240 [INFO]   ✓ 2023-04-25 11:13:15 (策略A: 10点后首条) 折算价=688.47
2026-05-20 22:40:42,949 [INFO] === 2023-04-26 ===
2026-05-20 22:40:43,197 [INFO]     第 1 页 20 条 共 25 页
2026-05-20 22:40:43,834 [WARNING]     第3页第1次服务端异常或空响应提示
2026-05-20 22:40:46,970 [WARNING]     第5页第1次服务端异常或空响应提示
2026-05-20 22:40:48,504 [WARNING]     第5页第2次服务端异常或空响应提示
2026-05-20 22:40:53,519 [WARNING]     第8页第1次服务端异常或空响应提示
2026-05-20 22:41:00,123 [WARNING]     第14页第1次服务端异常或空响应提示
2026-05-20 22:41:01,657 [WARNING]     第14页第2次服务端异常或空响应提示
2026-05-20 22:41:04,691 [WARNING]     第14页第3次服务端异常或空响应提示
2026-05-20 22:41:09,192 [WARNING]   第14页翻页重试失败
2026-05-20 22:41:09,194 [INFO]   ✓ 2023-04-26 13:41:25 (策略A: 10点后首条) 折算价=692.37
2026-05-20 22:41:10,077 [INFO] === 2023-04-27 ===
2026-05-20 22:41:10,615 [INFO]     第 1 页 20 条 共 25 页
2026-05-20 22:41:25,141 [WARNING]     第22页第1次服务端异常或空响应提示
2026-05-20 22:41:26,761 [INFO]   ✓ 2023-04-27 10:00:14 (策略A: 10点后首条) 折算价=692.07
2026-05-20 22:41:27,518 [INFO] === 2023-04-28 ===
2026-05-20 22:41:27,751 [INFO]     第 1 页 20 条 共 25 页
2026-05-20 22:41:30,486 [WARNING]     第6页第1次服务端异常或空响应提示
2026-05-20 22:41:32,022 [WARNING]     第6页第2次服务端异常或空响应提示
2026-05-20 22:41:35,056 [WARNING]     第6页第3次服务端异常或空响应提示
2026-05-20 22:41:39,556 [WARNING]   第6页翻页重试失败
2026-05-20 22:41:39,557 [INFO]   ✓ 2023-04-28 17:34:58 (策略A: 10点后首条) 折算价=692.4
2026-05-20 22:41:40,333 [INFO] === 2023-04-29 ===
2026-05-20 22:41:40,753 [INFO]     第 1 页 20 条 共 2 页
2026-05-20 22:41:40,753 [INFO]   ✓ 2023-04-29 10:30:00 (策略A: 10点后首条) 折算价=692.4
2026-05-20 22:41:41,310 [INFO] === 2023-04-30 ===
2026-05-20 22:41:41,862 [INFO]     第 1 页 18 条 共 1 页
2026-05-20 22:41:41,862 [INFO]   ✓ 2023-04-30 10:30:00 (策略A: 10点后首条) 折算价=692.4
2026-05-20 22:41:41,864 [INFO] >>> 补抓进度: 120/731 (16.4%) <<<
2026-05-20 22:41:42,576 [INFO] === 2023-05-01 ===
2026-05-20 22:41:42,844 [INFO]     第 1 页 20 条 共 8 页
2026-05-20 22:41:42,888 [WARNING]     第2页第1次服务端异常或空响应提示
2026-05-20 22:41:47,973 [INFO]   ✓ 2023-05-01 10:05:33 (策略A: 10点后首条) 折算价=692.4
2026-05-20 22:41:48,727 [INFO] === 2023-05-02 ===
2026-05-20 22:41:48,961 [INFO]     第 1 页 20 条 共 12 页
2026-05-20 22:41:49,000 [WARNING]     第2页第1次服务端异常或空响应提示
2026-05-20 22:41:51,781 [WARNING]     第4页第1次服务端异常或空响应提示
2026-05-20 22:41:53,961 [WARNING]     第5页第1次服务端异常或空响应提示
2026-05-20 22:41:55,501 [WARNING]     第5页第2次服务端异常或空响应提示
2026-05-20 22:41:58,536 [WARNING]     第5页第3次服务端异常或空响应提示
2026-05-20 22:42:03,036 [WARNING]   第5页翻页重试失败
2026-05-20 22:42:03,037 [INFO]   ✓ 2023-05-02 15:50:31 (策略A: 10点后首条) 折算价=692.4
2026-05-20 22:42:03,805 [INFO] === 2023-05-03 ===
2026-05-20 22:42:04,797 [ERROR]   ✗ 2023-05-03 已达最大重试次数，跳过
2026-05-20 22:42:05,545 [INFO] === 2023-05-04 ===
2026-05-20 22:42:06,793 [INFO]     第 1 页 20 条 共 26 页
2026-05-20 22:42:06,828 [WARNING]     第2页第1次服务端异常或空响应提示
2026-05-20 22:42:08,362 [WARNING]     第2页第2次服务端异常或空响应提示
2026-05-20 22:42:12,272 [WARNING]     第3页第1次服务端异常或空响应提示
2026-05-20 22:42:16,963 [WARNING]     第7页第1次服务端异常或空响应提示
2026-05-20 22:42:22,162 [WARNING]     第12页第1次服务端异常或空响应提示
2026-05-20 22:42:25,122 [WARNING]     第14页第1次服务端异常或空响应提示
2026-05-20 22:42:27,458 [WARNING]     第15页第1次服务端异常或空响应提示
2026-05-20 22:42:32,739 [WARNING]     第20页第1次服务端异常或空响应提示
2026-05-20 22:42:35,513 [WARNING]     第22页第1次服务端异常或空响应提示
2026-05-20 22:42:37,136 [INFO]   ✓ 2023-05-04 10:00:23 (策略A: 10点后首条) 折算价=690.54
2026-05-20 22:42:37,691 [INFO] === 2023-05-05 ===
2026-05-20 22:42:37,921 [INFO]     第 1 页 20 条 共 21 页
2026-05-20 22:42:37,956 [WARNING]     第2页第1次服务端异常或空响应提示
2026-05-20 22:42:44,956 [WARNING]     第10页第1次服务端异常或空响应提示
2026-05-20 22:42:46,490 [WARNING]     第10页第2次服务端异常或空响应提示
2026-05-20 22:42:50,089 [WARNING]     第11页第1次服务端异常或空响应提示
2026-05-20 22:42:52,573 [WARNING]     第12页第1次服务端异常或空响应提示
2026-05-20 22:42:54,107 [WARNING]     第12页第2次服务端异常或空响应提示
2026-05-20 22:42:59,293 [WARNING]     第15页第1次服务端异常或空响应提示
2026-05-20 22:43:02,981 [WARNING]     第18页第1次服务端异常或空响应提示
2026-05-20 22:43:04,516 [WARNING]     第18页第2次服务端异常或空响应提示
2026-05-20 22:43:07,552 [WARNING]     第18页第3次服务端异常或空响应提示
2026-05-20 22:43:12,053 [WARNING]   第18页翻页重试失败
2026-05-20 22:43:12,056 [INFO]   ✓ 2023-05-05 10:06:29 (策略A: 10点后首条) 折算价=691.14
2026-05-20 22:43:13,045 [INFO] === 2023-05-06 ===
2026-05-20 22:43:14,083 [INFO]     第 1 页 20 条 共 2 页
2026-05-20 22:43:14,084 [INFO]   ✓ 2023-05-06 10:30:00 (策略A: 10点后首条) 折算价=691.14
2026-05-20 22:43:14,846 [INFO] === 2023-05-07 ===
2026-05-20 22:43:15,064 [INFO]     第 1 页 18 条 共 1 页
2026-05-20 22:43:15,065 [INFO]   ✓ 2023-05-07 10:30:00 (策略A: 10点后首条) 折算价=691.14
2026-05-20 22:43:15,764 [INFO] === 2023-05-08 ===
2026-05-20 22:43:16,446 [INFO]     第 1 页 20 条 共 16 页
2026-05-20 22:43:17,357 [WARNING]     第3页第1次服务端异常或空响应提示
2026-05-20 22:43:18,894 [WARNING]     第3页第2次服务端异常或空响应提示
2026-05-20 22:43:28,881 [INFO]   ✓ 2023-05-08 10:00:09 (策略A: 10点后首条) 折算价=691.58
2026-05-20 22:43:29,610 [INFO] === 2023-05-09 ===
2026-05-20 22:43:29,839 [INFO]     第 1 页 20 条 共 18 页
2026-05-20 22:43:38,665 [WARNING]     第13页第1次服务端异常或空响应提示
2026-05-20 22:43:41,151 [INFO]   ✓ 2023-05-09 10:06:50 (策略A: 10点后首条) 折算价=692.55
2026-05-20 22:43:41,931 [INFO] === 2023-05-10 ===
2026-05-20 22:43:42,208 [INFO]     第 1 页 20 条 共 21 页
2026-05-20 22:43:45,557 [WARNING]     第6页第1次服务端异常或空响应提示
2026-05-20 22:43:48,217 [WARNING]     第8页第1次服务端异常或空响应提示
2026-05-20 22:43:50,551 [WARNING]     第9页第1次服务端异常或空响应提示
2026-05-20 22:43:54,922 [WARNING]     第13页第1次服务端异常或空响应提示
2026-05-20 22:43:57,250 [WARNING]     第14页第1次服务端异常或空响应提示
2026-05-20 22:43:59,592 [WARNING]     第15页第1次服务端异常或空响应提示
2026-05-20 22:44:01,131 [WARNING]     第15页第2次服务端异常或空响应提示
2026-05-20 22:44:04,845 [WARNING]     第16页第1次服务端异常或空响应提示
2026-05-20 22:44:06,992 [WARNING]     第17页第1次服务端异常或空响应提示
2026-05-20 22:44:08,527 [WARNING]     第17页第2次服务端异常或空响应提示
2026-05-20 22:44:11,563 [WARNING]     第17页第3次服务端异常或空响应提示
2026-05-20 22:44:16,064 [WARNING]   第17页翻页重试失败
2026-05-20 22:44:16,067 [INFO]   ✓ 2023-05-10 10:25:53 (策略A: 10点后首条) 折算价=692.99
2026-05-20 22:44:16,069 [INFO] >>> 补抓进度: 130/731 (17.8%) <<<
2026-05-20 22:44:16,606 [INFO] === 2023-05-11 ===
2026-05-20 22:44:17,221 [INFO]     第 1 页 20 条 共 22 页
2026-05-20 22:44:17,256 [WARNING]     第2页第1次服务端异常或空响应提示
2026-05-20 22:44:19,650 [WARNING]     第3页第1次服务端异常或空响应提示
2026-05-20 22:44:21,191 [WARNING]     第3页第2次服务端异常或空响应提示
2026-05-20 22:44:33,985 [INFO]   ✓ 2023-05-11 10:00:54 (策略A: 10点后首条) 折算价=691.01
2026-05-20 22:44:34,511 [INFO] === 2023-05-12 ===
2026-05-20 22:44:34,952 [INFO]     第 1 页 20 条 共 19 页
2026-05-20 22:44:35,704 [WARNING]     第3页第1次服务端异常或空响应提示
2026-05-20 22:44:39,297 [WARNING]     第6页第1次服务端异常或空响应提示
2026-05-20 22:44:44,586 [WARNING]     第11页第1次服务端异常或空响应提示
2026-05-20 22:44:47,715 [WARNING]     第13页第1次服务端异常或空响应提示
2026-05-20 22:44:50,814 [WARNING]     第15页第1次服务端异常或空响应提示
2026-05-20 22:44:52,356 [WARNING]     第15页第2次服务端异常或空响应提示
2026-05-20 22:44:55,398 [WARNING]     第15页第3次服务端异常或空响应提示
2026-05-20 22:44:59,899 [WARNING]   第15页翻页重试失败
2026-05-20 22:44:59,901 [INFO]   ✓ 2023-05-12 10:14:37 (策略A: 10点后首条) 折算价=694.81
2026-05-20 22:45:00,893 [INFO] === 2023-05-13 ===
2026-05-20 22:45:01,158 [INFO]     第 1 页 20 条 共 2 页
2026-05-20 22:45:01,158 [INFO]   ✓ 2023-05-13 10:30:00 (策略A: 10点后首条) 折算价=694.81
2026-05-20 22:45:02,075 [INFO] === 2023-05-14 ===
2026-05-20 22:45:02,666 [INFO]     第 1 页 18 条 共 1 页
2026-05-20 22:45:02,666 [INFO]   ✓ 2023-05-14 10:30:00 (策略A: 10点后首条) 折算价=694.81
2026-05-20 22:45:03,298 [INFO] === 2023-05-15 ===
2026-05-20 22:45:04,318 [ERROR]   ✗ 2023-05-15 已达最大重试次数，跳过
2026-05-20 22:45:04,821 [INFO] === 2023-05-16 ===
2026-05-20 22:45:05,405 [INFO]     第 1 页 20 条 共 26 页
2026-05-20 22:45:05,442 [WARNING]     第2页第1次服务端异常或空响应提示
2026-05-20 22:45:06,977 [WARNING]     第2页第2次服务端异常或空响应提示
2026-05-20 22:45:10,012 [WARNING]     第2页第3次服务端异常或空响应提示
2026-05-20 22:45:14,513 [WARNING]   第2页翻页重试失败
2026-05-20 22:45:14,514 [INFO]   ✓ 2023-05-16 22:12:31 (策略A: 10点后首条) 折算价=695.06
2026-05-20 22:45:15,314 [INFO] === 2023-05-17 ===
2026-05-20 22:45:16,479 [INFO]     第 1 页 20 条 共 35 页
2026-05-20 22:45:16,517 [WARNING]     第2页第1次服务端异常或空响应提示
2026-05-20 22:45:18,933 [WARNING]     第3页第1次服务端异常或空响应提示
2026-05-20 22:45:22,270 [WARNING]     第5页第1次服务端异常或空响应提示
2026-05-20 22:45:24,707 [WARNING]     第6页第1次服务端异常或空响应提示
2026-05-20 22:45:31,810 [WARNING]     第14页第1次服务端异常或空响应提示
2026-05-20 22:45:34,142 [WARNING]     第15页第1次服务端异常或空响应提示
2026-05-20 22:45:37,555 [WARNING]     第18页第1次服务端异常或空响应提示
2026-05-20 22:45:40,604 [WARNING]     第20页第1次服务端异常或空响应提示
2026-05-20 22:45:42,695 [WARNING]     第21页第1次服务端异常或空响应提示
2026-05-20 22:45:48,140 [WARNING]     第27页第1次服务端异常或空响应提示
2026-05-20 22:45:49,676 [WARNING]     第27页第2次服务端异常或空响应提示
2026-05-20 22:45:54,825 [INFO]   ✓ 2023-05-17 10:00:04 (策略A: 10点后首条) 折算价=697.48
2026-05-20 22:45:55,515 [INFO] === 2023-05-18 ===
2026-05-20 22:45:56,366 [INFO]     第 1 页 20 条 共 24 页
2026-05-20 22:45:56,400 [WARNING]     第2页第1次服务端异常或空响应提示
2026-05-20 22:46:00,287 [WARNING]     第5页第1次服务端异常或空响应提示
2026-05-20 22:46:04,078 [WARNING]     第8页第1次服务端异常或空响应提示
2026-05-20 22:46:05,615 [WARNING]     第8页第2次服务端异常或空响应提示
2026-05-20 22:46:08,650 [WARNING]     第8页第3次服务端异常或空响应提示
2026-05-20 22:46:13,151 [WARNING]   第8页翻页重试失败
2026-05-20 22:46:13,152 [INFO]   ✓ 2023-05-18 16:03:08 (策略A: 10点后首条) 折算价=699.67
2026-05-20 22:46:13,723 [INFO] === 2023-05-19 ===
2026-05-20 22:46:14,130 [INFO]     第 1 页 20 条 共 36 页
2026-05-20 22:46:14,163 [WARNING]     第2页第1次服务端异常或空响应提示
2026-05-20 22:46:15,699 [WARNING]     第2页第2次服务端异常或空响应提示
2026-05-20 22:46:19,621 [WARNING]     第3页第1次服务端异常或空响应提示
2026-05-20 22:46:21,815 [WARNING]     第4页第1次服务端异常或空响应提示
2026-05-20 22:46:24,277 [WARNING]     第5页第1次服务端异常或空响应提示
2026-05-20 22:46:26,461 [WARNING]     第6页第1次服务端异常或空响应提示
2026-05-20 22:46:42,994 [WARNING]     第26页第1次服务端异常或空响应提示
2026-05-20 22:46:45,723 [WARNING]     第28页第1次服务端异常或空响应提示
2026-05-20 22:46:49,427 [WARNING]     第31页第1次服务端异常或空响应提示
2026-05-20 22:46:50,970 [WARNING]     第31页第2次服务端异常或空响应提示
2026-05-20 22:46:54,011 [WARNING]     第31页第3次服务端异常或空响应提示
2026-05-20 22:46:58,512 [WARNING]   第31页翻页重试失败
2026-05-20 22:46:58,517 [INFO]   ✓ 2023-05-19 10:12:29 (策略A: 10点后首条) 折算价=703.56
2026-05-20 22:46:59,379 [INFO] === 2023-05-20 ===
2026-05-20 22:46:59,653 [INFO]     第 1 页 20 条 共 2 页
2026-05-20 22:46:59,654 [INFO]   ✓ 2023-05-20 10:30:00 (策略A: 10点后首条) 折算价=703.56
2026-05-20 22:46:59,655 [INFO] >>> 补抓进度: 140/731 (19.2%) <<<
2026-05-20 22:47:00,591 [INFO] === 2023-05-21 ===
2026-05-20 22:47:00,818 [INFO]     第 1 页 20 条 共 2 页
2026-05-20 22:47:00,818 [INFO]   ✓ 2023-05-21 10:30:00 (策略A: 10点后首条) 折算价=703.56
2026-05-20 22:47:01,386 [INFO] === 2023-05-22 ===
2026-05-20 22:47:01,793 [INFO]     第 1 页 20 条 共 25 页
2026-05-20 22:47:02,538 [WARNING]     第3页第1次服务端异常或空响应提示
2026-05-20 22:47:04,074 [WARNING]     第3页第2次服务端异常或空响应提示
2026-05-20 22:47:08,615 [WARNING]     第5页第1次服务端异常或空响应提示
2026-05-20 22:47:11,622 [WARNING]     第7页第1次服务端异常或空响应提示
2026-05-20 22:47:13,163 [WARNING]     第7页第2次服务端异常或空响应提示
2026-05-20 22:47:16,205 [WARNING]     第7页第3次服务端异常或空响应提示
2026-05-20 22:47:20,706 [WARNING]   第7页翻页重试失败
2026-05-20 22:47:20,707 [INFO]   ✓ 2023-05-22 16:04:12 (策略A: 10点后首条) 折算价=701.57
2026-05-20 22:47:21,255 [INFO] === 2023-05-23 ===
2026-05-20 22:47:21,516 [INFO]     第 1 页 20 条 共 27 页
2026-05-20 22:47:21,550 [WARNING]     第2页第1次服务端异常或空响应提示
2026-05-20 22:47:24,017 [WARNING]     第3页第1次服务端异常或空响应提示
2026-05-20 22:47:26,814 [WARNING]     第5页第1次服务端异常或空响应提示
2026-05-20 22:47:28,348 [WARNING]     第5页第2次服务端异常或空响应提示
2026-05-20 22:47:43,442 [WARNING]     第22页第1次服务端异常或空响应提示
2026-05-20 22:47:45,089 [INFO]   ✓ 2023-05-23 10:00:20 (策略A: 10点后首条) 折算价=703.26
2026-05-20 22:47:45,600 [INFO] === 2023-05-24 ===
2026-05-20 22:47:45,971 [INFO]     第 1 页 20 条 共 31 页
2026-05-20 22:47:46,010 [WARNING]     第2页第1次服务端异常或空响应提示
2026-05-20 22:47:47,544 [WARNING]     第2页第2次服务端异常或空响应提示
2026-05-20 22:47:50,578 [WARNING]     第2页第3次服务端异常或空响应提示
2026-05-20 22:47:55,079 [WARNING]   第2页翻页重试失败
2026-05-20 22:47:55,080 [INFO]   ✓ 2023-05-24 22:16:10 (策略A: 10点后首条) 折算价=705.6
2026-05-20 22:47:55,837 [INFO] === 2023-05-25 ===
2026-05-20 22:47:56,260 [INFO]     第 1 页 20 条 共 30 页
2026-05-20 22:47:57,140 [WARNING]     第3页第1次服务端异常或空响应提示
2026-05-20 22:48:01,001 [WARNING]     第6页第1次服务端异常或空响应提示
2026-05-20 22:48:06,188 [WARNING]     第11页第1次服务端异常或空响应提示
2026-05-20 22:48:11,220 [WARNING]     第16页第1次服务端异常或空响应提示
2026-05-20 22:48:13,875 [WARNING]     第18页第1次服务端异常或空响应提示
2026-05-20 22:48:16,213 [WARNING]     第19页第1次服务端异常或空响应提示
2026-05-20 22:48:19,376 [WARNING]     第21页第1次服务端异常或空响应提示
2026-05-20 22:48:20,911 [WARNING]     第21页第2次服务端异常或空响应提示
2026-05-20 22:48:24,764 [WARNING]     第22页第1次服务端异常或空响应提示
2026-05-20 22:48:26,298 [WARNING]     第22页第2次服务端异常或空响应提示
2026-05-20 22:48:29,333 [WARNING]     第22页第3次服务端异常或空响应提示
2026-05-20 22:48:33,834 [WARNING]   第22页翻页重试失败
2026-05-20 22:48:33,837 [INFO]   ✓ 2023-05-25 10:20:11 (策略A: 10点后首条) 折算价=705.29
2026-05-20 22:48:34,818 [INFO] === 2023-05-26 ===
2026-05-20 22:48:35,215 [INFO]     第 1 页 20 条 共 29 页
2026-05-20 22:48:46,272 [WARNING]     第16页第1次服务端异常或空响应提示
2026-05-20 22:48:53,914 [WARNING]     第24页第1次服务端异常或空响应提示
2026-05-20 22:48:56,477 [INFO]   ✓ 2023-05-26 10:01:00 (策略A: 10点后首条) 折算价=707.6
2026-05-20 22:48:57,209 [INFO] === 2023-05-27 ===
2026-05-20 22:48:57,594 [INFO]     第 1 页 20 条 共 2 页
2026-05-20 22:48:57,595 [INFO]   ✓ 2023-05-27 10:30:00 (策略A: 10点后首条) 折算价=707.6
2026-05-20 22:48:58,127 [INFO] === 2023-05-28 ===
2026-05-20 22:48:58,490 [INFO]     第 1 页 18 条 共 1 页
2026-05-20 22:48:58,490 [INFO]   ✓ 2023-05-28 10:30:00 (策略A: 10点后首条) 折算价=707.6
2026-05-20 22:48:59,193 [INFO] === 2023-05-29 ===
2026-05-20 22:48:59,577 [INFO]     第 1 页 20 条 共 24 页
2026-05-20 22:48:59,611 [WARNING]     第2页第1次服务端异常或空响应提示
2026-05-20 22:49:02,316 [WARNING]     第4页第1次服务端异常或空响应提示
2026-05-20 22:49:04,445 [WARNING]     第5页第1次服务端异常或空响应提示
2026-05-20 22:49:05,980 [WARNING]     第5页第2次服务端异常或空响应提示
2026-05-20 22:49:09,707 [WARNING]     第6页第1次服务端异常或空响应提示
2026-05-20 22:49:12,088 [WARNING]     第7页第1次服务端异常或空响应提示
2026-05-20 22:49:14,143 [WARNING]     第8页第1次服务端异常或空响应提示
2026-05-20 22:49:17,092 [WARNING]     第10页第1次服务端异常或空响应提示
2026-05-20 22:49:18,629 [WARNING]     第10页第2次服务端异常或空响应提示
2026-05-20 22:49:21,672 [WARNING]     第10页第3次服务端异常或空响应提示
2026-05-20 22:49:26,173 [WARNING]   第10页翻页重试失败
2026-05-20 22:49:26,174 [INFO]   ✓ 2023-05-29 15:09:41 (策略A: 10点后首条) 折算价=705.75
2026-05-20 22:49:27,174 [INFO] === 2023-05-30 ===
2026-05-20 22:49:27,718 [INFO]     第 1 页 20 条 共 38 页
2026-05-20 22:49:27,752 [WARNING]     第2页第1次服务端异常或空响应提示
2026-05-20 22:49:29,289 [WARNING]     第2页第2次服务端异常或空响应提示
2026-05-20 22:49:32,323 [WARNING]     第2页第3次服务端异常或空响应提示
2026-05-20 22:49:36,824 [WARNING]   第2页翻页重试失败
2026-05-20 22:49:36,825 [INFO]   ✓ 2023-05-30 22:29:03 (策略A: 10点后首条) 折算价=708.18
2026-05-20 22:49:36,827 [INFO] >>> 补抓进度: 150/731 (20.5%) <<<
2026-05-20 22:49:37,666 [INFO] --- 定期重置 Session (已处理 150 天) ---
2026-05-20 22:49:37,846 [INFO] === 2023-05-31 ===
2026-05-20 22:49:38,011 [INFO]     第 1 页 20 条 共 37 页
2026-05-20 22:49:54,307 [WARNING]     第24页第1次服务端异常或空响应提示
2026-05-20 22:49:58,836 [WARNING]     第28页第1次服务端异常或空响应提示
2026-05-20 22:50:01,822 [WARNING]     第30页第1次服务端异常或空响应提示
2026-05-20 22:50:03,355 [WARNING]     第30页第2次服务端异常或空响应提示
2026-05-20 22:50:07,303 [INFO]   ✓ 2023-05-31 10:00:07 (策略A: 10点后首条) 折算价=708.21
2026-05-20 22:50:07,893 [INFO] === 2023-06-01 ===
2026-05-20 22:50:08,439 [INFO]     第 1 页 20 条 共 33 页
2026-05-20 22:50:12,017 [WARNING]     第7页第1次服务端异常或空响应提示
2026-05-20 22:50:13,551 [WARNING]     第7页第2次服务端异常或空响应提示
2026-05-20 22:50:16,587 [WARNING]     第7页第3次服务端异常或空响应提示
2026-05-20 22:50:21,088 [WARNING]   第7页翻页重试失败
2026-05-20 22:50:21,090 [INFO]   ✓ 2023-06-01 17:23:28 (策略A: 10点后首条) 折算价=709.65
2026-05-20 22:50:21,869 [INFO] === 2023-06-02 ===
2026-05-20 22:50:22,106 [INFO]     第 1 页 20 条 共 42 页
2026-05-20 22:50:22,138 [WARNING]     第2页第1次服务端异常或空响应提示
2026-05-20 22:50:23,672 [WARNING]     第2页第2次服务端异常或空响应提示
2026-05-20 22:50:28,119 [WARNING]     第4页第1次服务端异常或空响应提示
2026-05-20 22:50:30,164 [WARNING]     第5页第1次服务端异常或空响应提示
2026-05-20 22:50:31,698 [WARNING]     第5页第2次服务端异常或空响应提示
2026-05-20 22:50:34,733 [WARNING]     第5页第3次服务端异常或空响应提示
2026-05-20 22:50:39,234 [WARNING]   第5页翻页重试失败
2026-05-20 22:50:39,235 [INFO]   ✓ 2023-06-02 19:14:50 (策略A: 10点后首条) 折算价=709.39
2026-05-20 22:50:40,137 [INFO] === 2023-06-03 ===
2026-05-20 22:50:40,354 [INFO]     第 1 页 20 条 共 2 页
2026-05-20 22:50:40,354 [INFO]   ✓ 2023-06-03 10:30:00 (策略A: 10点后首条) 折算价=709.39
2026-05-20 22:50:40,891 [INFO] === 2023-06-04 ===
2026-05-20 22:50:41,144 [INFO]     第 1 页 18 条 共 1 页
2026-05-20 22:50:41,144 [INFO]   ✓ 2023-06-04 10:30:00 (策略A: 10点后首条) 折算价=709.39
2026-05-20 22:50:41,782 [INFO] === 2023-06-05 ===
2026-05-20 22:50:41,956 [INFO]     第 1 页 20 条 共 26 页
2026-05-20 22:50:53,799 [WARNING]     第18页第1次服务端异常或空响应提示
2026-05-20 22:50:56,970 [INFO]   ✓ 2023-06-05 10:00:21 (策略A: 10点后首条) 折算价=709.04
2026-05-20 22:50:57,632 [INFO] === 2023-06-06 ===
2026-05-20 22:50:57,855 [INFO]     第 1 页 20 条 共 34 页
2026-05-20 22:51:01,281 [WARNING]     第7页第1次服务端异常或空响应提示
2026-05-20 22:51:02,815 [WARNING]     第7页第2次服务端异常或空响应提示
2026-05-20 22:51:07,068 [WARNING]     第9页第1次服务端异常或空响应提示
2026-05-20 22:51:08,602 [WARNING]     第9页第2次服务端异常或空响应提示
2026-05-20 22:51:12,540 [WARNING]     第10页第1次服务端异常或空响应提示
2026-05-20 22:51:16,320 [WARNING]     第13页第1次服务端异常或空响应提示
2026-05-20 22:51:17,860 [WARNING]     第13页第2次服务端异常或空响应提示
2026-05-20 22:51:20,897 [WARNING]     第13页第3次服务端异常或空响应提示
2026-05-20 22:51:25,398 [WARNING]   第13页翻页重试失败
2026-05-20 22:51:25,400 [INFO]   ✓ 2023-06-06 15:04:01 (策略A: 10点后首条) 折算价=710.75
2026-05-20 22:51:25,940 [INFO] === 2023-06-07 ===
2026-05-20 22:51:26,173 [INFO]     第 1 页 20 条 共 34 页
2026-05-20 22:51:26,941 [WARNING]     第3页第1次服务端异常或空响应提示
2026-05-20 22:51:31,555 [WARNING]     第7页第1次服务端异常或空响应提示
2026-05-20 22:51:33,959 [WARNING]     第8页第1次服务端异常或空响应提示
2026-05-20 22:51:35,493 [WARNING]     第8页第2次服务端异常或空响应提示
2026-05-20 22:51:38,528 [WARNING]     第8页第3次服务端异常或空响应提示
2026-05-20 22:51:43,030 [WARNING]   第8页翻页重试失败
2026-05-20 22:51:43,031 [INFO]   ✓ 2023-06-07 16:40:03 (策略A: 10点后首条) 折算价=711.96
2026-05-20 22:51:43,634 [INFO] === 2023-06-08 ===
2026-05-20 22:51:43,797 [INFO]     第 1 页 20 条 共 33 页
2026-05-20 22:51:43,832 [WARNING]     第2页第1次服务端异常或空响应提示
2026-05-20 22:52:02,653 [INFO]   ✓ 2023-06-08 10:00:31 (策略A: 10点后首条) 折算价=712.8
2026-05-20 22:52:03,601 [INFO] === 2023-06-09 ===
2026-05-20 22:52:03,996 [INFO]     第 1 页 20 条 共 29 页
2026-05-20 22:52:04,030 [WARNING]     第2页第1次服务端异常或空响应提示
2026-05-20 22:52:05,568 [WARNING]     第2页第2次服务端异常或空响应提示
2026-05-20 22:52:08,605 [WARNING]     第2页第3次服务端异常或空响应提示
2026-05-20 22:52:13,106 [WARNING]   第2页翻页重试失败
2026-05-20 22:52:13,106 [INFO]   ✓ 2023-06-09 22:33:55 (策略A: 10点后首条) 折算价=711.15
2026-05-20 22:52:13,108 [INFO] >>> 补抓进度: 160/731 (21.9%) <<<
2026-05-20 22:52:14,060 [INFO] === 2023-06-10 ===
2026-05-20 22:52:14,308 [INFO]     第 1 页 20 条 共 2 页
2026-05-20 22:52:14,309 [INFO]   ✓ 2023-06-10 10:30:00 (策略A: 10点后首条) 折算价=711.15
2026-05-20 22:52:14,985 [INFO] === 2023-06-11 ===
2026-05-20 22:52:15,206 [INFO]     第 1 页 18 条 共 1 页
2026-05-20 22:52:15,207 [INFO]   ✓ 2023-06-11 10:30:00 (策略A: 10点后首条) 折算价=711.15
2026-05-20 22:52:15,830 [INFO] === 2023-06-12 ===
2026-05-20 22:52:16,706 [INFO]     第 1 页 20 条 共 18 页
2026-05-20 22:52:16,739 [WARNING]     第2页第1次服务端异常或空响应提示
2026-05-20 22:52:18,278 [WARNING]     第2页第2次服务端异常或空响应提示
2026-05-20 22:52:21,312 [WARNING]     第2页第3次服务端异常或空响应提示
2026-05-20 22:52:25,813 [WARNING]   第2页翻页重试失败
2026-05-20 22:52:25,814 [INFO]   ✓ 2023-06-12 22:40:18 (策略A: 10点后首条) 折算价=712.12
2026-05-20 22:52:26,615 [INFO] === 2023-06-13 ===
2026-05-20 22:52:26,848 [INFO]     第 1 页 20 条 共 25 页
2026-05-20 22:52:26,885 [WARNING]     第2页第1次服务端异常或空响应提示
2026-05-20 22:52:31,561 [WARNING]     第6页第1次服务端异常或空响应提示
2026-05-20 22:52:35,372 [WARNING]     第9页第1次服务端异常或空响应提示
2026-05-20 22:52:36,906 [WARNING]     第9页第2次服务端异常或空响应提示
2026-05-20 22:52:39,942 [WARNING]     第9页第3次服务端异常或空响应提示
2026-05-20 22:52:44,443 [WARNING]   第9页翻页重试失败
2026-05-20 22:52:44,444 [INFO]   ✓ 2023-06-13 15:27:25 (策略A: 10点后首条) 折算价=714.98
2026-05-20 22:52:45,437 [INFO] === 2023-06-14 ===
2026-05-20 22:52:45,690 [INFO]     第 1 页 20 条 共 26 页
2026-05-20 22:52:45,723 [WARNING]     第2页第1次服务端异常或空响应提示
2026-05-20 22:53:00,320 [WARNING]     第21页第1次服务端异常或空响应提示
2026-05-20 22:53:02,564 [INFO]   ✓ 2023-06-14 10:03:05 (策略A: 10点后首条) 折算价=715.66
2026-05-20 22:53:03,534 [INFO] === 2023-06-15 ===
2026-05-20 22:53:03,943 [INFO]     第 1 页 20 条 共 29 页
2026-05-20 22:53:03,977 [WARNING]     第2页第1次服务端异常或空响应提示
2026-05-20 22:53:08,791 [WARNING]     第7页第1次服务端异常或空响应提示
2026-05-20 22:53:10,987 [WARNING]     第8页第1次服务端异常或空响应提示
2026-05-20 22:53:13,286 [WARNING]     第9页第1次服务端异常或空响应提示
2026-05-20 22:53:16,347 [WARNING]     第11页第1次服务端异常或空响应提示
2026-05-20 22:53:17,881 [WARNING]     第11页第2次服务端异常或空响应提示
2026-05-20 22:53:21,729 [WARNING]     第12页第1次服务端异常或空响应提示
2026-05-20 22:53:24,821 [WARNING]     第14页第1次服务端异常或空响应提示
2026-05-20 22:53:26,359 [WARNING]     第14页第2次服务端异常或空响应提示
2026-05-20 22:53:31,259 [WARNING]     第17页第1次服务端异常或空响应提示
2026-05-20 22:53:32,792 [WARNING]     第17页第2次服务端异常或空响应提示
2026-05-20 22:53:35,828 [WARNING]     第17页第3次服务端异常或空响应提示
2026-05-20 22:53:40,329 [WARNING]   第17页翻页重试失败
2026-05-20 22:53:40,331 [INFO]   ✓ 2023-06-15 13:35:56 (策略A: 10点后首条) 折算价=714.89
2026-05-20 22:53:41,323 [INFO] === 2023-06-16 ===
2026-05-20 22:53:41,719 [INFO]     第 1 页 20 条 共 28 页
2026-05-20 22:53:41,752 [WARNING]     第2页第1次服务端异常或空响应提示
2026-05-20 22:53:43,286 [WARNING]     第2页第2次服务端异常或空响应提示
2026-05-20 22:53:46,321 [WARNING]     第2页第3次服务端异常或空响应提示
2026-05-20 22:53:50,822 [WARNING]   第2页翻页重试失败
2026-05-20 22:53:50,823 [INFO]   ✓ 2023-06-16 22:44:56 (策略A: 10点后首条) 折算价=712.89
2026-05-20 22:53:51,493 [INFO] === 2023-06-17 ===
2026-05-20 22:53:51,726 [INFO]     第 1 页 20 条 共 2 页
2026-05-20 22:53:51,726 [INFO]   ✓ 2023-06-17 10:30:00 (策略A: 10点后首条) 折算价=712.89
2026-05-20 22:53:52,716 [INFO] === 2023-06-18 ===
2026-05-20 22:53:52,949 [INFO]     第 1 页 18 条 共 1 页
2026-05-20 22:53:52,949 [INFO]   ✓ 2023-06-18 10:30:00 (策略A: 10点后首条) 折算价=712.89
2026-05-20 22:53:53,816 [INFO] === 2023-06-19 ===
2026-05-20 22:53:54,150 [INFO]     第 1 页 20 条 共 22 页
2026-05-20 22:53:54,232 [WARNING]     第2页第1次服务端异常或空响应提示
2026-05-20 22:54:07,314 [INFO]   ✓ 2023-06-19 10:00:14 (策略A: 10点后首条) 折算价=712.01
2026-05-20 22:54:07,316 [INFO] >>> 补抓进度: 170/731 (23.3%) <<<
2026-05-20 22:54:08,199 [INFO] === 2023-06-20 ===
2026-05-20 22:54:08,420 [INFO]     第 1 页 20 条 共 19 页
2026-05-20 22:54:17,406 [WARNING]     第14页第1次服务端异常或空响应提示
2026-05-20 22:54:18,941 [WARNING]     第14页第2次服务端异常或空响应提示
2026-05-20 22:54:22,627 [WARNING]     第15页第1次服务端异常或空响应提示
2026-05-20 22:54:24,163 [WARNING]     第15页第2次服务端异常或空响应提示
2026-05-20 22:54:27,201 [WARNING]     第15页第3次服务端异常或空响应提示
2026-05-20 22:54:31,702 [WARNING]   第15页翻页重试失败
2026-05-20 22:54:31,704 [INFO]   ✓ 2023-06-20 10:27:47 (策略A: 10点后首条) 折算价=715.96
2026-05-20 22:54:32,491 [INFO] === 2023-06-21 ===
2026-05-20 22:54:32,710 [INFO]     第 1 页 20 条 共 26 页
2026-05-20 22:54:32,744 [WARNING]     第2页第1次服务端异常或空响应提示
2026-05-20 22:54:34,278 [WARNING]     第2页第2次服务端异常或空响应提示
2026-05-20 22:54:37,967 [WARNING]     第3页第1次服务端异常或空响应提示
2026-05-20 22:54:40,765 [WARNING]     第5页第1次服务端异常或空响应提示
2026-05-20 22:54:42,299 [WARNING]     第5页第2次服务端异常或空响应提示
2026-05-20 22:54:46,092 [WARNING]     第6页第1次服务端异常或空响应提示
2026-05-20 22:54:47,631 [WARNING]     第6页第2次服务端异常或空响应提示
2026-05-20 22:54:50,667 [WARNING]     第6页第3次服务端异常或空响应提示
2026-05-20 22:54:55,169 [WARNING]   第6页翻页重试失败
2026-05-20 22:54:55,170 [INFO]   ✓ 2023-06-21 16:39:19 (策略A: 10点后首条) 折算价=717.95
2026-05-20 22:54:55,918 [INFO] === 2023-06-22 ===
2026-05-20 22:54:56,145 [INFO]     第 1 页 20 条 共 9 页
2026-05-20 22:54:56,179 [WARNING]     第2页第1次服务端异常或空响应提示
2026-05-20 22:54:57,712 [WARNING]     第2页第2次服务端异常或空响应提示
2026-05-20 22:55:04,855 [INFO]   ✓ 2023-06-22 10:30:00 (策略A: 10点后首条) 折算价=717.95
2026-05-20 22:55:05,402 [INFO] === 2023-06-23 ===
2026-05-20 22:55:05,781 [INFO]     第 1 页 20 条 共 10 页
2026-05-20 22:55:08,951 [INFO]   ✓ 2023-06-23 10:02:57 (策略A: 10点后首条) 折算价=717.95
2026-05-20 22:55:09,658 [INFO] === 2023-06-24 ===
2026-05-20 22:55:10,089 [INFO]     第 1 页 20 条 共 2 页
2026-05-20 22:55:10,090 [INFO]   ✓ 2023-06-24 10:30:00 (策略A: 10点后首条) 折算价=717.95
2026-05-20 22:55:10,776 [INFO] === 2023-06-25 ===
2026-05-20 22:55:11,013 [INFO]     第 1 页 20 条 共 2 页
2026-05-20 22:55:11,137 [INFO]   ✓ 2023-06-25 10:30:00 (策略A: 10点后首条) 折算价=717.95
2026-05-20 22:55:11,988 [INFO] === 2023-06-26 ===
2026-05-20 22:55:12,396 [INFO]     第 1 页 20 条 共 22 页
2026-05-20 22:55:20,322 [WARNING]     第12页第1次服务端异常或空响应提示
2026-05-20 22:55:21,857 [WARNING]     第12页第2次服务端异常或空响应提示
2026-05-20 22:55:27,287 [WARNING]     第15页第1次服务端异常或空响应提示
2026-05-20 22:55:28,821 [WARNING]     第15页第2次服务端异常或空响应提示
2026-05-20 22:55:32,721 [WARNING]     第16页第1次服务端异常或空响应提示
2026-05-20 22:55:35,497 [INFO]   ✓ 2023-06-26 10:00:17 (策略A: 10点后首条) 折算价=720.56
2026-05-20 22:55:36,414 [INFO] === 2023-06-27 ===
2026-05-20 22:55:36,561 [INFO]     第 1 页 20 条 共 32 页
2026-05-20 22:55:38,147 [WARNING]     第4页第1次服务端异常或空响应提示
2026-05-20 22:55:41,350 [WARNING]     第6页第1次服务端异常或空响应提示
2026-05-20 22:55:44,419 [WARNING]     第8页第1次服务端异常或空响应提示
2026-05-20 22:55:45,952 [WARNING]     第8页第2次服务端异常或空响应提示
2026-05-20 22:55:48,994 [WARNING]     第8页第3次服务端异常或空响应提示
2026-05-20 22:55:53,495 [WARNING]   第8页翻页重试失败
2026-05-20 22:55:53,497 [INFO]   ✓ 2023-06-27 16:50:15 (策略A: 10点后首条) 折算价=720.98
2026-05-20 22:55:54,150 [INFO] === 2023-06-28 ===
2026-05-20 22:55:54,673 [INFO]     第 1 页 20 条 共 23 页
2026-05-20 22:55:54,705 [WARNING]     第2页第1次服务端异常或空响应提示
2026-05-20 22:55:56,241 [WARNING]     第2页第2次服务端异常或空响应提示
2026-05-20 22:56:01,866 [WARNING]     第6页第1次服务端异常或空响应提示
2026-05-20 22:56:05,111 [WARNING]     第9页第1次服务端异常或空响应提示
2026-05-20 22:56:06,646 [WARNING]     第9页第2次服务端异常或空响应提示
2026-05-20 22:56:10,575 [WARNING]     第10页第1次服务端异常或空响应提示
2026-05-20 22:56:12,109 [WARNING]     第10页第2次服务端异常或空响应提示
2026-05-20 22:56:15,142 [WARNING]     第10页第3次服务端异常或空响应提示
2026-05-20 22:56:19,643 [WARNING]   第10页翻页重试失败
2026-05-20 22:56:19,645 [INFO]   ✓ 2023-06-28 15:33:09 (策略A: 10点后首条) 折算价=721.01
2026-05-20 22:56:20,487 [INFO] === 2023-06-29 ===
2026-05-20 22:56:20,863 [INFO]     第 1 页 20 条 共 26 页
2026-05-20 22:56:23,200 [WARNING]     第5页第1次服务端异常或空响应提示
2026-05-20 22:56:27,921 [WARNING]     第9页第1次服务端异常或空响应提示
2026-05-20 22:56:31,391 [WARNING]     第12页第1次服务端异常或空响应提示
2026-05-20 22:56:32,925 [WARNING]     第12页第2次服务端异常或空响应提示
2026-05-20 22:56:42,579 [WARNING]     第21页第1次服务端异常或空响应提示
2026-05-20 22:56:44,190 [INFO]   ✓ 2023-06-29 10:01:54 (策略A: 10点后首条) 折算价=722.08
2026-05-20 22:56:44,193 [INFO] >>> 补抓进度: 180/731 (24.6%) <<<
2026-05-20 22:56:44,724 [INFO] === 2023-06-30 ===
2026-05-20 22:56:44,968 [INFO]     第 1 页 20 条 共 24 页
2026-05-20 22:56:45,005 [WARNING]     第2页第1次服务端异常或空响应提示
2026-05-20 22:56:48,167 [WARNING]     第4页第1次服务端异常或空响应提示
2026-05-20 22:56:49,707 [WARNING]     第4页第2次服务端异常或空响应提示
2026-05-20 22:56:53,341 [WARNING]     第5页第1次服务端异常或空响应提示
2026-05-20 22:56:54,879 [WARNING]     第5页第2次服务端异常或空响应提示
2026-05-20 22:56:57,918 [WARNING]     第5页第3次服务端异常或空响应提示
2026-05-20 22:57:02,419 [WARNING]   第5页翻页重试失败
2026-05-20 22:57:02,420 [INFO]   ✓ 2023-06-30 19:42:51 (策略A: 10点后首条) 折算价=722.58
2026-05-20 22:57:03,165 [INFO] === 2023-07-01 ===
2026-05-20 22:57:03,390 [INFO]     第 1 页 20 条 共 2 页
2026-05-20 22:57:03,391 [INFO]   ✓ 2023-07-01 10:30:00 (策略A: 10点后首条) 折算价=722.58
2026-05-20 22:57:04,309 [INFO] === 2023-07-02 ===
2026-05-20 22:57:04,586 [INFO]     第 1 页 20 条 共 1 页
2026-05-20 22:57:04,587 [INFO]   ✓ 2023-07-02 10:30:00 (策略A: 10点后首条) 折算价=722.58
2026-05-20 22:57:05,551 [INFO] === 2023-07-03 ===
2026-05-20 22:57:06,042 [INFO]     第 1 页 20 条 共 23 页
2026-05-20 22:57:06,683 [WARNING]     第3页第1次服务端异常或空响应提示
2026-05-20 22:57:08,960 [WARNING]     第4页第1次服务端异常或空响应提示
2026-05-20 22:57:21,014 [INFO]   ✓ 2023-07-03 10:00:18 (策略A: 10点后首条) 折算价=721.57
2026-05-20 22:57:21,720 [INFO] === 2023-07-04 ===
2026-05-20 22:57:21,995 [INFO]     第 1 页 20 条 共 29 页
2026-05-20 22:57:29,410 [WARNING]     第12页第1次服务端异常或空响应提示
2026-05-20 22:57:30,943 [WARNING]     第12页第2次服务端异常或空响应提示
2026-05-20 22:57:34,565 [WARNING]     第13页第1次服务端异常或空响应提示
2026-05-20 22:57:36,814 [WARNING]     第14页第1次服务端异常或空响应提示
2026-05-20 22:57:38,354 [WARNING]     第14页第2次服务端异常或空响应提示
2026-05-20 22:57:41,390 [WARNING]     第14页第3次服务端异常或空响应提示
2026-05-20 22:57:45,891 [WARNING]   第14页翻页重试失败
2026-05-20 22:57:45,893 [INFO]   ✓ 2023-07-04 14:49:38 (策略A: 10点后首条) 折算价=720.46
2026-05-20 22:57:46,441 [INFO] === 2023-07-05 ===
2026-05-20 22:57:47,926 [ERROR]   ✗ 2023-07-05 已达最大重试次数，跳过
2026-05-20 22:57:48,757 [INFO] === 2023-07-06 ===
2026-05-20 22:57:49,038 [INFO]     第 1 页 20 条 共 28 页
2026-05-20 22:57:49,073 [WARNING]     第2页第1次服务端异常或空响应提示
2026-05-20 22:57:50,610 [WARNING]     第2页第2次服务端异常或空响应提示
2026-05-20 22:57:54,249 [WARNING]     第3页第1次服务端异常或空响应提示
2026-05-20 22:57:55,784 [WARNING]     第3页第2次服务端异常或空响应提示
2026-05-20 22:57:58,820 [WARNING]     第3页第3次服务端异常或空响应提示
2026-05-20 22:58:03,321 [WARNING]   第3页翻页重试失败
2026-05-20 22:58:03,322 [INFO]   ✓ 2023-07-06 22:12:33 (策略A: 10点后首条) 折算价=720.98
2026-05-20 22:58:04,179 [INFO] === 2023-07-07 ===
2026-05-20 22:58:05,075 [INFO]     第 1 页 20 条 共 29 页
2026-05-20 22:58:05,111 [WARNING]     第2页第1次服务端异常或空响应提示
2026-05-20 22:58:09,075 [WARNING]     第5页第1次服务端异常或空响应提示
2026-05-20 22:58:24,970 [INFO]   ✓ 2023-07-07 10:01:52 (策略A: 10点后首条) 折算价=720.54
2026-05-20 22:58:25,751 [INFO] === 2023-07-08 ===
2026-05-20 22:58:25,987 [INFO]     第 1 页 20 条 共 2 页
2026-05-20 22:58:25,988 [INFO]   ✓ 2023-07-08 10:30:00 (策略A: 10点后首条) 折算价=720.54
2026-05-20 22:58:26,864 [INFO] === 2023-07-09 ===
2026-05-20 22:58:27,054 [INFO]     第 1 页 20 条 共 1 页
2026-05-20 22:58:27,054 [INFO]   ✓ 2023-07-09 10:30:00 (策略A: 10点后首条) 折算价=720.54
2026-05-20 22:58:27,056 [INFO] >>> 补抓进度: 190/731 (26.0%) <<<
2026-05-20 22:58:27,611 [INFO] === 2023-07-10 ===
2026-05-20 22:58:27,821 [INFO]     第 1 页 20 条 共 19 页
2026-05-20 22:58:30,932 [WARNING]     第6页第1次服务端异常或空响应提示
2026-05-20 22:58:33,922 [WARNING]     第8页第1次服务端异常或空响应提示
2026-05-20 22:58:38,396 [WARNING]     第12页第1次服务端异常或空响应提示
2026-05-20 22:58:40,618 [WARNING]     第13页第1次服务端异常或空响应提示
2026-05-20 22:58:42,688 [WARNING]     第14页第1次服务端异常或空响应提示
2026-05-20 22:58:44,226 [WARNING]     第14页第2次服务端异常或空响应提示
2026-05-20 22:58:47,264 [WARNING]     第14页第3次服务端异常或空响应提示
2026-05-20 22:58:51,765 [WARNING]   第14页翻页重试失败
2026-05-20 22:58:51,767 [INFO]   ✓ 2023-07-10 11:23:30 (策略A: 10点后首条) 折算价=719.26
2026-05-20 22:58:52,485 [INFO] === 2023-07-11 ===
2026-05-20 22:58:53,571 [ERROR]   ✗ 2023-07-11 已达最大重试次数，跳过
2026-05-20 22:58:54,146 [INFO] === 2023-07-12 ===
2026-05-20 22:58:54,712 [INFO]     第 1 页 20 条 共 26 页
2026-05-20 22:58:54,746 [WARNING]     第2页第1次服务端异常或空响应提示
2026-05-20 22:58:56,344 [WARNING]     第2页第2次服务端异常或空响应提示
2026-05-20 22:59:00,729 [WARNING]     第4页第1次服务端异常或空响应提示
2026-05-20 22:59:02,265 [WARNING]     第4页第2次服务端异常或空响应提示
2026-05-20 22:59:05,851 [WARNING]     第5页第1次服务端异常或空响应提示
2026-05-20 22:59:09,251 [WARNING]     第8页第1次服务端异常或空响应提示
2026-05-20 22:59:12,216 [WARNING]     第10页第1次服务端异常或空响应提示
2026-05-20 22:59:21,674 [INFO]   ✓ 2023-07-12 10:00:27 (策略A: 10点后首条) 折算价=717.65
2026-05-20 22:59:22,249 [INFO] === 2023-07-13 ===
2026-05-20 22:59:22,487 [INFO]     第 1 页 20 条 共 23 页
2026-05-20 22:59:28,569 [WARNING]     第10页第1次服务端异常或空响应提示
2026-05-20 22:59:30,678 [WARNING]     第11页第1次服务端异常或空响应提示
2026-05-20 22:59:33,944 [WARNING]     第13页第1次服务端异常或空响应提示
2026-05-20 22:59:35,477 [WARNING]     第13页第2次服务端异常或空响应提示
2026-05-20 22:59:39,210 [WARNING]     第14页第1次服务端异常或空响应提示
2026-05-20 22:59:40,746 [WARNING]     第14页第2次服务端异常或空响应提示
2026-05-20 22:59:44,684 [WARNING]     第15页第1次服务端异常或空响应提示
2026-05-20 22:59:47,812 [WARNING]     第17页第1次服务端异常或空响应提示
2026-05-20 22:59:49,346 [WARNING]     第17页第2次服务端异常或空响应提示
2026-05-20 22:59:52,986 [WARNING]     第18页第1次服务端异常或空响应提示
2026-05-20 22:59:54,524 [WARNING]     第18页第2次服务端异常或空响应提示
2026-05-20 22:59:58,484 [WARNING]     第19页第1次服务端异常或空响应提示
2026-05-20 23:00:00,021 [WARNING]     第19页第2次服务端异常或空响应提示
2026-05-20 23:00:03,084 [WARNING]     第19页第3次服务端异常或空响应提示
2026-05-20 23:00:07,585 [WARNING]   第19页翻页重试失败
2026-05-20 23:00:07,588 [INFO]   ✓ 2023-07-13 10:01:42 (策略A: 10点后首条) 折算价=715.27
2026-05-20 23:00:08,537 [INFO] === 2023-07-14 ===
2026-05-20 23:00:08,706 [INFO]     第 1 页 20 条 共 23 页
2026-05-20 23:00:09,517 [WARNING]     第3页第1次服务端异常或空响应提示
2026-05-20 23:00:12,224 [WARNING]     第5页第1次服务端异常或空响应提示
2026-05-20 23:00:24,042 [INFO]   ✓ 2023-07-14 10:03:45 (策略A: 10点后首条) 折算价=713.18
2026-05-20 23:00:24,569 [INFO] === 2023-07-15 ===
2026-05-20 23:00:24,875 [INFO]     第 1 页 20 条 共 3 页
2026-05-20 23:00:24,875 [INFO]   ✓ 2023-07-15 10:30:00 (策略A: 10点后首条) 折算价=713.18
2026-05-20 23:00:25,841 [INFO] === 2023-07-16 ===
2026-05-20 23:00:26,055 [INFO]     第 1 页 18 条 共 1 页
2026-05-20 23:00:26,055 [INFO]   ✓ 2023-07-16 10:30:00 (策略A: 10点后首条) 折算价=713.18
2026-05-20 23:00:26,897 [INFO] === 2023-07-17 ===
2026-05-20 23:00:27,141 [INFO]     第 1 页 20 条 共 22 页
2026-05-20 23:00:38,957 [WARNING]     第18页第1次服务端异常或空响应提示
2026-05-20 23:00:41,109 [WARNING]     第19页第1次服务端异常或空响应提示
2026-05-20 23:00:42,721 [INFO]   ✓ 2023-07-17 10:00:20 (策略A: 10点后首条) 折算价=713.26
2026-05-20 23:00:43,570 [INFO] === 2023-07-18 ===
2026-05-20 23:00:44,528 [ERROR]   ✗ 2023-07-18 已达最大重试次数，跳过
2026-05-20 23:00:45,475 [INFO] === 2023-07-19 ===
2026-05-20 23:00:46,471 [ERROR]   ✗ 2023-07-19 已达最大重试次数，跳过
2026-05-20 23:00:46,471 [INFO] >>> 补抓进度: 200/731 (27.4%) <<<
2026-05-20 23:00:47,255 [INFO] --- 定期重置 Session (已处理 200 天) ---
2026-05-20 23:00:47,460 [INFO] === 2023-07-20 ===
2026-05-20 23:00:48,390 [ERROR]   ✗ 2023-07-20 已达最大重试次数，跳过
2026-05-20 23:00:49,260 [INFO] === 2023-07-21 ===
2026-05-20 23:00:50,075 [ERROR]   ✗ 2023-07-21 已达最大重试次数，跳过
2026-05-20 23:00:50,695 [INFO] === 2023-07-22 ===
2026-05-20 23:00:51,488 [ERROR]   ✗ 2023-07-22 已达最大重试次数，跳过
2026-05-20 23:00:52,462 [INFO] === 2023-07-23 ===
2026-05-20 23:00:53,375 [ERROR]   ✗ 2023-07-23 已达最大重试次数，跳过
2026-05-20 23:00:53,945 [INFO] === 2023-07-24 ===
2026-05-20 23:00:54,936 [ERROR]   ✗ 2023-07-24 已达最大重试次数，跳过
2026-05-20 23:00:55,513 [INFO] === 2023-07-25 ===
2026-05-20 23:00:56,596 [ERROR]   ✗ 2023-07-25 已达最大重试次数，跳过
2026-05-20 23:00:57,347 [INFO] === 2023-07-26 ===
2026-05-20 23:00:58,293 [ERROR]   ✗ 2023-07-26 已达最大重试次数，跳过
2026-05-20 23:00:59,110 [INFO] === 2023-07-27 ===
2026-05-20 23:00:59,995 [ERROR]   ✗ 2023-07-27 已达最大重试次数，跳过
2026-05-20 23:01:00,640 [INFO] === 2023-07-28 ===
2026-05-20 23:01:01,875 [ERROR]   ✗ 2023-07-28 已达最大重试次数，跳过
2026-05-20 23:01:02,755 [INFO] === 2023-07-29 ===
2026-05-20 23:01:03,956 [ERROR]   ✗ 2023-07-29 已达最大重试次数，跳过
2026-05-20 23:01:03,956 [INFO] >>> 补抓进度: 210/731 (28.7%) <<<
2026-05-20 23:01:04,858 [INFO] === 2023-07-30 ===
2026-05-20 23:01:05,924 [ERROR]   ✗ 2023-07-30 已达最大重试次数，跳过
2026-05-20 23:01:06,599 [INFO] === 2023-07-31 ===
2026-05-20 23:01:07,451 [ERROR]   ✗ 2023-07-31 已达最大重试次数，跳过
2026-05-20 23:01:08,003 [INFO] === 2023-08-01 ===
2026-05-20 23:01:08,795 [INFO]     第 1 页 20 条 共 23 页
2026-05-20 23:01:08,829 [WARNING]     第2页第1次服务端异常或空响应提示
2026-05-20 23:01:10,370 [WARNING]     第2页第2次服务端异常或空响应提示
2026-05-20 23:01:16,410 [WARNING]     第6页第1次服务端异常或空响应提示
2026-05-20 23:01:27,025 [INFO]   ✓ 2023-08-01 10:01:24 (策略A: 10点后首条) 折算价=712.83
2026-05-20 23:01:27,779 [INFO] === 2023-08-02 ===
2026-05-20 23:01:28,028 [INFO]     第 1 页 20 条 共 29 页
2026-05-20 23:01:38,111 [WARNING]     第17页第1次服务端异常或空响应提示
2026-05-20 23:01:39,645 [WARNING]     第17页第2次服务端异常或空响应提示
2026-05-20 23:01:42,679 [WARNING]     第17页第3次服务端异常或空响应提示
2026-05-20 23:01:47,180 [WARNING]   第17页翻页重试失败
2026-05-20 23:01:47,182 [INFO]   ✓ 2023-08-02 13:16:11 (策略A: 10点后首条) 折算价=713.68
2026-05-20 23:01:48,126 [INFO] === 2023-08-03 ===
2026-05-20 23:01:48,362 [INFO]     第 1 页 20 条 共 25 页
2026-05-20 23:01:48,396 [WARNING]     第2页第1次服务端异常或空响应提示
2026-05-20 23:01:50,654 [WARNING]     第3页第1次服务端异常或空响应提示
2026-05-20 23:01:53,097 [WARNING]     第4页第1次服务端异常或空响应提示
2026-05-20 23:01:55,243 [WARNING]     第5页第1次服务端异常或空响应提示
2026-05-20 23:01:56,781 [WARNING]     第5页第2次服务端异常或空响应提示
2026-05-20 23:01:59,816 [WARNING]     第5页第3次服务端异常或空响应提示
2026-05-20 23:02:04,316 [WARNING]   第5页翻页重试失败
2026-05-20 23:02:04,317 [INFO]   ✓ 2023-08-03 20:15:38 (策略A: 10点后首条) 折算价=714.95
2026-05-20 23:02:04,982 [INFO] === 2023-08-04 ===
2026-05-20 23:02:05,415 [INFO]     第 1 页 20 条 共 25 页
2026-05-20 23:02:05,451 [WARNING]     第2页第1次服务端异常或空响应提示
2026-05-20 23:02:06,988 [WARNING]     第2页第2次服务端异常或空响应提示
2026-05-20 23:02:10,025 [WARNING]     第2页第3次服务端异常或空响应提示
2026-05-20 23:02:14,526 [WARNING]   第2页翻页重试失败
2026-05-20 23:02:14,527 [INFO]   ✓ 2023-08-04 23:26:58 (策略A: 10点后首条) 折算价=714.18
2026-05-20 23:02:15,508 [INFO] === 2023-08-05 ===
2026-05-20 23:02:15,868 [INFO]     第 1 页 20 条 共 3 页
2026-05-20 23:02:15,868 [INFO]   ✓ 2023-08-05 10:30:00 (策略A: 10点后首条) 折算价=714.18
2026-05-20 23:02:16,856 [INFO] === 2023-08-06 ===
2026-05-20 23:02:17,019 [INFO]     第 1 页 18 条 共 1 页
2026-05-20 23:02:17,019 [INFO]   ✓ 2023-08-06 10:30:00 (策略A: 10点后首条) 折算价=714.18
2026-05-20 23:02:17,866 [INFO] === 2023-08-07 ===
2026-05-20 23:02:18,705 [INFO]     第 1 页 20 条 共 15 页
2026-05-20 23:02:19,304 [WARNING]     第3页第1次服务端异常或空响应提示
2026-05-20 23:02:28,767 [INFO]   ✓ 2023-08-07 10:00:41 (策略A: 10点后首条) 折算价=713.8
2026-05-20 23:02:29,426 [INFO] === 2023-08-08 ===
2026-05-20 23:02:29,661 [INFO]     第 1 页 20 条 共 27 页
2026-05-20 23:02:41,535 [WARNING]     第18页第1次服务端异常或空响应提示
2026-05-20 23:02:44,315 [WARNING]     第20页第1次服务端异常或空响应提示
2026-05-20 23:02:47,439 [WARNING]     第22页第1次服务端异常或空响应提示
2026-05-20 23:02:49,073 [INFO]   ✓ 2023-08-08 10:02:09 (策略A: 10点后首条) 折算价=715.65
2026-05-20 23:02:49,075 [INFO] >>> 补抓进度: 220/731 (30.1%) <<<
2026-05-20 23:02:49,945 [INFO] === 2023-08-09 ===
2026-05-20 23:02:50,355 [INFO]     第 1 页 20 条 共 21 页
2026-05-20 23:02:50,388 [WARNING]     第2页第1次服务端异常或空响应提示
2026-05-20 23:02:51,923 [WARNING]     第2页第2次服务端异常或空响应提示
2026-05-20 23:02:54,962 [WARNING]     第2页第3次服务端异常或空响应提示
2026-05-20 23:02:59,472 [WARNING]   第2页翻页重试失败
2026-05-20 23:02:59,485 [INFO]   ✓ 2023-08-09 23:25:20 (策略A: 10点后首条) 折算价=715.88
2026-05-20 23:03:00,185 [INFO] === 2023-08-10 ===
2026-05-20 23:03:01,170 [ERROR]   ✗ 2023-08-10 已达最大重试次数，跳过
2026-05-20 23:03:01,900 [INFO] === 2023-08-11 ===
2026-05-20 23:03:02,153 [INFO]     第 1 页 20 条 共 18 页
2026-05-20 23:03:02,187 [WARNING]     第2页第1次服务端异常或空响应提示
2026-05-20 23:03:03,729 [WARNING]     第2页第2次服务端异常或空响应提示
2026-05-20 23:03:06,767 [WARNING]     第2页第3次服务端异常或空响应提示
2026-05-20 23:03:11,268 [WARNING]   第2页翻页重试失败
2026-05-20 23:03:11,269 [INFO]   ✓ 2023-08-11 10:30:00 (策略A: 10点后首条) 折算价=715.87
2026-05-20 23:03:11,982 [INFO] === 2023-08-12 ===
2026-05-20 23:03:12,560 [INFO]     第 1 页 20 条 共 3 页
2026-05-20 23:03:12,561 [INFO]   ✓ 2023-08-12 10:30:00 (策略A: 10点后首条) 折算价=715.87
2026-05-20 23:03:13,363 [INFO] === 2023-08-13 ===
2026-05-20 23:03:14,348 [ERROR]   ✗ 2023-08-13 已达最大重试次数，跳过
2026-05-20 23:03:15,340 [INFO] === 2023-08-14 ===
2026-05-20 23:03:16,072 [INFO]     第 1 页 20 条 共 27 页
2026-05-20 23:03:16,122 [WARNING]     第2页第1次服务端异常或空响应提示
2026-05-20 23:03:18,549 [WARNING]     第3页第1次服务端异常或空响应提示
2026-05-20 23:03:20,086 [WARNING]     第3页第2次服务端异常或空响应提示
2026-05-20 23:03:39,490 [INFO]   ✓ 2023-08-14 10:00:55 (策略A: 10点后首条) 折算价=716.86
2026-05-20 23:03:40,451 [INFO] === 2023-08-15 ===
2026-05-20 23:03:40,702 [INFO]     第 1 页 20 条 共 27 页
2026-05-20 23:03:46,134 [WARNING]     第10页第1次服务端异常或空响应提示
2026-05-20 23:03:48,327 [WARNING]     第11页第1次服务端异常或空响应提示
2026-05-20 23:03:50,657 [WARNING]     第12页第1次服务端异常或空响应提示
2026-05-20 23:03:52,837 [WARNING]     第13页第1次服务端异常或空响应提示
2026-05-20 23:03:54,373 [WARNING]     第13页第2次服务端异常或空响应提示
2026-05-20 23:03:59,019 [WARNING]     第15页第1次服务端异常或空响应提示
2026-05-20 23:04:01,167 [WARNING]     第16页第1次服务端异常或空响应提示
2026-05-20 23:04:02,705 [WARNING]     第16页第2次服务端异常或空响应提示
2026-05-20 23:04:05,743 [WARNING]     第16页第3次服务端异常或空响应提示
2026-05-20 23:04:10,244 [WARNING]   第16页翻页重试失败
2026-05-20 23:04:10,250 [INFO]   ✓ 2023-08-15 14:21:50 (策略A: 10点后首条) 折算价=717.68
2026-05-20 23:04:11,004 [INFO] === 2023-08-16 ===
2026-05-20 23:04:12,294 [ERROR]   ✗ 2023-08-16 已达最大重试次数，跳过
2026-05-20 23:04:13,022 [INFO] === 2023-08-17 ===
2026-05-20 23:04:14,212 [ERROR]   ✗ 2023-08-17 已达最大重试次数，跳过
2026-05-20 23:04:14,955 [INFO] === 2023-08-18 ===
2026-05-20 23:04:16,331 [INFO]     第 1 页 20 条 共 22 页
2026-05-20 23:04:16,367 [WARNING]     第2页第1次服务端异常或空响应提示
2026-05-20 23:04:18,044 [WARNING]     第2页第2次服务端异常或空响应提示
2026-05-20 23:04:21,079 [WARNING]     第2页第3次服务端异常或空响应提示
2026-05-20 23:04:25,580 [WARNING]   第2页翻页重试失败
2026-05-20 23:04:25,580 [INFO]   ✓ 2023-08-18 22:09:49 (策略A: 10点后首条) 折算价=720.06
2026-05-20 23:04:25,582 [INFO] >>> 补抓进度: 230/731 (31.5%) <<<
2026-05-20 23:04:26,532 [INFO] === 2023-08-19 ===
2026-05-20 23:04:26,783 [INFO]     第 1 页 20 条 共 3 页
2026-05-20 23:04:26,783 [INFO]   ✓ 2023-08-19 10:30:00 (策略A: 10点后首条) 折算价=720.06
2026-05-20 23:04:27,416 [INFO] === 2023-08-20 ===
2026-05-20 23:04:27,830 [INFO]     第 1 页 18 条 共 1 页
2026-05-20 23:04:27,831 [INFO]   ✓ 2023-08-20 10:30:00 (策略A: 10点后首条) 折算价=720.06
2026-05-20 23:04:28,526 [INFO] === 2023-08-21 ===
2026-05-20 23:04:28,945 [INFO]     第 1 页 20 条 共 21 页
2026-05-20 23:04:41,856 [INFO]   ✓ 2023-08-21 10:01:10 (策略A: 10点后首条) 折算价=719.87
2026-05-20 23:04:42,678 [INFO] === 2023-08-22 ===
2026-05-20 23:04:42,923 [INFO]     第 1 页 20 条 共 18 页
2026-05-20 23:04:45,706 [WARNING]     第6页第1次服务端异常或空响应提示
2026-05-20 23:04:47,242 [WARNING]     第6页第2次服务端异常或空响应提示
2026-05-20 23:04:55,790 [WARNING]     第14页第1次服务端异常或空响应提示
2026-05-20 23:04:58,198 [INFO]   ✓ 2023-08-22 10:00:27 (策略A: 10点后首条) 折算价=719.92
2026-05-20 23:04:59,069 [INFO] === 2023-08-23 ===
2026-05-20 23:05:00,163 [INFO]     第 1 页 20 条 共 21 页
2026-05-20 23:05:00,197 [WARNING]     第2页第1次服务端异常或空响应提示
2026-05-20 23:05:02,464 [WARNING]     第3页第1次服务端异常或空响应提示
2026-05-20 23:05:03,998 [WARNING]     第3页第2次服务端异常或空响应提示
2026-05-20 23:05:07,041 [WARNING]     第3页第3次服务端异常或空响应提示
2026-05-20 23:05:11,543 [WARNING]   第3页翻页重试失败
2026-05-20 23:05:11,544 [INFO]   ✓ 2023-08-23 22:19:10 (策略A: 10点后首条) 折算价=719.88
2026-05-20 23:05:12,415 [INFO] === 2023-08-24 ===
2026-05-20 23:05:13,333 [ERROR]   ✗ 2023-08-24 已达最大重试次数，跳过
2026-05-20 23:05:13,841 [INFO] === 2023-08-25 ===
2026-05-20 23:05:14,700 [ERROR]   ✗ 2023-08-25 已达最大重试次数，跳过
2026-05-20 23:05:15,307 [INFO] === 2023-08-26 ===
2026-05-20 23:05:16,116 [ERROR]   ✗ 2023-08-26 已达最大重试次数，跳过
2026-05-20 23:05:16,770 [INFO] === 2023-08-27 ===
2026-05-20 23:05:17,989 [INFO]     第 1 页 16 条 共 1 页
2026-05-20 23:05:17,990 [INFO]   ✓ 2023-08-27 10:30:00 (策略A: 10点后首条) 折算价=718.83
2026-05-20 23:05:18,855 [INFO] === 2023-08-28 ===
2026-05-20 23:05:19,088 [INFO]     第 1 页 20 条 共 15 页
2026-05-20 23:05:19,122 [WARNING]     第2页第1次服务端异常或空响应提示
2026-05-20 23:05:20,663 [WARNING]     第2页第2次服务端异常或空响应提示
2026-05-20 23:05:23,701 [WARNING]     第2页第3次服务端异常或空响应提示
2026-05-20 23:05:28,202 [WARNING]   第2页翻页重试失败
2026-05-20 23:05:28,202 [INFO]   ✓ 2023-08-28 22:21:12 (策略A: 10点后首条) 折算价=718.56
2026-05-20 23:05:28,205 [INFO] >>> 补抓进度: 240/731 (32.8%) <<<
2026-05-20 23:05:28,904 [INFO] === 2023-08-29 ===
2026-05-20 23:05:29,597 [INFO]     第 1 页 20 条 共 21 页
2026-05-20 23:05:40,890 [INFO]   ✓ 2023-08-29 10:00:26 (策略A: 10点后首条) 折算价=718.51
2026-05-20 23:05:41,435 [INFO] === 2023-08-30 ===
2026-05-20 23:05:41,843 [INFO]     第 1 页 20 条 共 15 页
2026-05-20 23:05:49,373 [INFO]   ✓ 2023-08-30 10:01:30 (策略A: 10点后首条) 折算价=718.16
2026-05-20 23:05:49,884 [INFO] === 2023-08-31 ===
2026-05-20 23:05:50,116 [INFO]     第 1 页 20 条 共 18 页
2026-05-20 23:05:52,330 [WARNING]     第5页第1次服务端异常或空响应提示
2026-05-20 23:05:54,455 [WARNING]     第6页第1次服务端异常或空响应提示
2026-05-20 23:05:55,993 [WARNING]     第6页第2次服务端异常或空响应提示
2026-05-20 23:05:59,029 [WARNING]     第6页第3次服务端异常或空响应提示
2026-05-20 23:06:03,530 [WARNING]   第6页翻页重试失败
2026-05-20 23:06:03,531 [INFO]   ✓ 2023-08-31 20:44:33 (策略A: 10点后首条) 折算价=718.11
2026-05-20 23:06:04,256 [INFO] === 2023-09-01 ===
2026-05-20 23:06:04,523 [INFO]     第 1 页 20 条 共 24 页
2026-05-20 23:06:05,443 [WARNING]     第3页第1次服务端异常或空响应提示
2026-05-20 23:06:06,978 [WARNING]     第3页第2次服务端异常或空响应提示
2026-05-20 23:06:10,016 [WARNING]     第3页第3次服务端异常或空响应提示
2026-05-20 23:06:14,517 [WARNING]   第3页翻页重试失败
2026-05-20 23:06:14,518 [INFO]   ✓ 2023-09-01 22:19:33 (策略A: 10点后首条) 折算价=717.88
2026-05-20 23:06:15,427 [INFO] === 2023-09-02 ===
2026-05-20 23:06:16,495 [ERROR]   ✗ 2023-09-02 已达最大重试次数，跳过
2026-05-20 23:06:17,281 [INFO] === 2023-09-03 ===
2026-05-20 23:06:18,214 [INFO]     第 1 页 20 条 共 2 页
2026-05-20 23:06:18,215 [INFO]   ✓ 2023-09-03 10:30:00 (策略A: 10点后首条) 折算价=717.88
2026-05-20 23:06:18,907 [INFO] === 2023-09-04 ===
2026-05-20 23:06:19,463 [INFO]     第 1 页 20 条 共 15 页
2026-05-20 23:06:19,497 [WARNING]     第2页第1次服务端异常或空响应提示
2026-05-20 23:06:22,562 [WARNING]     第4页第1次服务端异常或空响应提示
2026-05-20 23:06:24,674 [WARNING]     第5页第1次服务端异常或空响应提示
2026-05-20 23:06:26,209 [WARNING]     第5页第2次服务端异常或空响应提示
2026-05-20 23:06:29,248 [WARNING]     第5页第3次服务端异常或空响应提示
2026-05-20 23:06:33,748 [WARNING]   第5页翻页重试失败
2026-05-20 23:06:33,749 [INFO]   ✓ 2023-09-04 16:20:40 (策略A: 10点后首条) 折算价=717.86
2026-05-20 23:06:34,299 [INFO] === 2023-09-05 ===
2026-05-20 23:06:34,532 [INFO]     第 1 页 20 条 共 21 页
2026-05-20 23:06:45,274 [INFO]   ✓ 2023-09-05 10:00:23 (策略A: 10点后首条) 折算价=717.83
2026-05-20 23:06:45,876 [INFO] === 2023-09-06 ===
2026-05-20 23:06:46,150 [INFO]     第 1 页 20 条 共 23 页
2026-05-20 23:06:56,817 [WARNING]     第16页第1次服务端异常或空响应提示
2026-05-20 23:07:00,302 [WARNING]     第19页第1次服务端异常或空响应提示
2026-05-20 23:07:01,944 [INFO]   ✓ 2023-09-06 10:04:24 (策略A: 10点后首条) 折算价=719.69
2026-05-20 23:07:02,503 [INFO] === 2023-09-07 ===
2026-05-20 23:07:03,430 [ERROR]   ✗ 2023-09-07 已达最大重试次数，跳过
2026-05-20 23:07:03,432 [INFO] >>> 补抓进度: 250/731 (34.2%) <<<
2026-05-20 23:07:04,288 [INFO] --- 定期重置 Session (已处理 250 天) ---
2026-05-20 23:07:04,470 [INFO] === 2023-09-08 ===
2026-05-20 23:07:05,718 [ERROR]   ✗ 2023-09-08 已达最大重试次数，跳过
2026-05-20 23:07:06,716 [INFO] === 2023-09-09 ===
2026-05-20 23:07:07,859 [ERROR]   ✗ 2023-09-09 已达最大重试次数，跳过
2026-05-20 23:07:08,713 [INFO] === 2023-09-10 ===
2026-05-20 23:07:09,726 [ERROR]   ✗ 2023-09-10 已达最大重试次数，跳过
2026-05-20 23:07:10,524 [INFO] === 2023-09-11 ===
2026-05-20 23:07:11,388 [ERROR]   ✗ 2023-09-11 已达最大重试次数，跳过
2026-05-20 23:07:12,058 [INFO] === 2023-09-12 ===
2026-05-20 23:07:12,844 [ERROR]   ✗ 2023-09-12 已达最大重试次数，跳过
2026-05-20 23:07:13,639 [INFO] === 2023-09-13 ===
2026-05-20 23:07:14,805 [ERROR]   ✗ 2023-09-13 已达最大重试次数，跳过
2026-05-20 23:07:15,741 [INFO] === 2023-09-14 ===
2026-05-20 23:07:16,910 [ERROR]   ✗ 2023-09-14 已达最大重试次数，跳过
2026-05-20 23:07:17,455 [INFO] === 2023-09-15 ===
2026-05-20 23:07:18,275 [INFO]     第 1 页 20 条 共 18 页
2026-05-20 23:07:18,309 [WARNING]     第2页第1次服务端异常或空响应提示
2026-05-20 23:07:19,846 [WARNING]     第2页第2次服务端异常或空响应提示
2026-05-20 23:07:22,883 [WARNING]     第2页第3次服务端异常或空响应提示
2026-05-20 23:07:27,384 [WARNING]   第2页翻页重试失败
2026-05-20 23:07:27,384 [INFO]   ✓ 2023-09-15 23:19:52 (策略A: 10点后首条) 折算价=717.86
2026-05-20 23:07:28,022 [INFO] === 2023-09-16 ===
2026-05-20 23:07:28,758 [INFO]     第 1 页 20 条 共 3 页
2026-05-20 23:07:28,758 [INFO]   ✓ 2023-09-16 10:30:00 (策略A: 10点后首条) 折算价=717.86
2026-05-20 23:07:29,744 [INFO] === 2023-09-17 ===
2026-05-20 23:07:30,419 [INFO]     第 1 页 18 条 共 1 页
2026-05-20 23:07:30,420 [INFO]   ✓ 2023-09-17 10:30:00 (策略A: 10点后首条) 折算价=717.86
2026-05-20 23:07:30,421 [INFO] >>> 补抓进度: 260/731 (35.6%) <<<
2026-05-20 23:07:31,242 [INFO] === 2023-09-18 ===
2026-05-20 23:07:31,828 [INFO]     第 1 页 20 条 共 17 页
2026-05-20 23:07:31,864 [WARNING]     第2页第1次服务端异常或空响应提示
2026-05-20 23:07:33,399 [WARNING]     第2页第2次服务端异常或空响应提示
2026-05-20 23:07:44,515 [INFO]   ✓ 2023-09-18 10:00:55 (策略A: 10点后首条) 折算价=717.36
2026-05-20 23:07:45,339 [INFO] === 2023-09-19 ===
2026-05-20 23:07:45,578 [INFO]     第 1 页 20 条 共 17 页
2026-05-20 23:07:53,740 [INFO]   ✓ 2023-09-19 10:03:47 (策略A: 10点后首条) 折算价=717.33
2026-05-20 23:07:54,616 [INFO] === 2023-09-20 ===
2026-05-20 23:07:54,911 [INFO]     第 1 页 20 条 共 17 页
2026-05-20 23:07:55,590 [WARNING]     第3页第1次服务端异常或空响应提示
2026-05-20 23:07:57,714 [WARNING]     第4页第1次服务端异常或空响应提示
2026-05-20 23:07:59,249 [WARNING]     第4页第2次服务端异常或空响应提示
2026-05-20 23:08:02,283 [WARNING]     第4页第3次服务端异常或空响应提示
2026-05-20 23:08:06,784 [WARNING]   第4页翻页重试失败
2026-05-20 23:08:06,785 [INFO]   ✓ 2023-09-20 21:47:53 (策略A: 10点后首条) 折算价=717.32
2026-05-20 23:08:07,613 [INFO] === 2023-09-21 ===
2026-05-20 23:08:07,981 [INFO]     第 1 页 20 条 共 19 页
2026-05-20 23:08:08,015 [WARNING]     第2页第1次服务端异常或空响应提示
2026-05-20 23:08:10,360 [WARNING]     第3页第1次服务端异常或空响应提示
2026-05-20 23:08:11,903 [WARNING]     第3页第2次服务端异常或空响应提示
2026-05-20 23:08:16,443 [WARNING]     第5页第1次服务端异常或空响应提示
2026-05-20 23:08:17,981 [WARNING]     第5页第2次服务端异常或空响应提示
2026-05-20 23:08:21,865 [WARNING]     第6页第1次服务端异常或空响应提示
2026-05-20 23:08:23,400 [WARNING]     第6页第2次服务端异常或空响应提示
2026-05-20 23:08:26,439 [WARNING]     第6页第3次服务端异常或空响应提示
2026-05-20 23:08:30,940 [WARNING]   第6页翻页重试失败
2026-05-20 23:08:30,941 [INFO]   ✓ 2023-09-21 20:39:20 (策略A: 10点后首条) 折算价=717.3
2026-05-20 23:08:31,643 [INFO] === 2023-09-22 ===
2026-05-20 23:08:31,911 [INFO]     第 1 页 20 条 共 16 页
2026-05-20 23:08:31,947 [WARNING]     第2页第1次服务端异常或空响应提示
2026-05-20 23:08:34,176 [WARNING]     第3页第1次服务端异常或空响应提示
2026-05-20 23:08:36,522 [WARNING]     第4页第1次服务端异常或空响应提示
2026-05-20 23:08:38,057 [WARNING]     第4页第2次服务端异常或空响应提示
2026-05-20 23:08:46,576 [INFO]   ✓ 2023-09-22 10:01:42 (策略A: 10点后首条) 折算价=717.29
2026-05-20 23:08:47,369 [INFO] === 2023-09-23 ===
2026-05-20 23:08:47,636 [INFO]     第 1 页 20 条 共 3 页
2026-05-20 23:08:47,637 [INFO]   ✓ 2023-09-23 10:30:00 (策略A: 10点后首条) 折算价=717.29
2026-05-20 23:08:48,569 [INFO] === 2023-09-24 ===
2026-05-20 23:08:48,977 [INFO]     第 1 页 18 条 共 1 页
2026-05-20 23:08:48,977 [INFO]   ✓ 2023-09-24 10:30:00 (策略A: 10点后首条) 折算价=717.29
2026-05-20 23:08:49,591 [INFO] === 2023-09-25 ===
2026-05-20 23:08:49,854 [INFO]     第 1 页 20 条 共 11 页
2026-05-20 23:08:55,554 [INFO]   ✓ 2023-09-25 10:00:47 (策略A: 10点后首条) 折算价=717.27
2026-05-20 23:08:56,132 [INFO] === 2023-09-26 ===
2026-05-20 23:08:56,382 [INFO]     第 1 页 20 条 共 15 页
2026-05-20 23:08:59,371 [WARNING]     第6页第1次服务端异常或空响应提示
2026-05-20 23:09:03,230 [WARNING]     第9页第1次服务端异常或空响应提示
2026-05-20 23:09:05,470 [WARNING]     第10页第1次服务端异常或空响应提示
2026-05-20 23:09:07,012 [WARNING]     第10页第2次服务端异常或空响应提示
2026-05-20 23:09:10,049 [WARNING]     第10页第3次服务端异常或空响应提示
2026-05-20 23:09:14,551 [WARNING]   第10页翻页重试失败
2026-05-20 23:09:14,554 [INFO]   ✓ 2023-09-26 11:48:50 (策略A: 10点后首条) 折算价=717.27
2026-05-20 23:09:15,340 [INFO] === 2023-09-27 ===
2026-05-20 23:09:15,507 [INFO]     第 1 页 20 条 共 15 页
2026-05-20 23:09:15,546 [WARNING]     第2页第1次服务端异常或空响应提示
2026-05-20 23:09:19,420 [WARNING]     第5页第1次服务端异常或空响应提示
2026-05-20 23:09:21,851 [WARNING]     第6页第1次服务端异常或空响应提示
2026-05-20 23:09:23,931 [WARNING]     第7页第1次服务端异常或空响应提示
2026-05-20 23:09:25,466 [WARNING]     第7页第2次服务端异常或空响应提示
2026-05-20 23:09:29,769 [WARNING]     第9页第1次服务端异常或空响应提示
2026-05-20 23:09:31,306 [WARNING]     第9页第2次服务端异常或空响应提示
2026-05-20 23:09:34,340 [WARNING]     第9页第3次服务端异常或空响应提示
2026-05-20 23:09:38,841 [WARNING]   第9页翻页重试失败
2026-05-20 23:09:38,842 [INFO]   ✓ 2023-09-27 15:08:12 (策略A: 10点后首条) 折算价=717.17
2026-05-20 23:09:38,845 [INFO] >>> 补抓进度: 270/731 (36.9%) <<<
2026-05-20 23:09:39,493 [INFO] === 2023-09-28 ===
2026-05-20 23:09:40,260 [INFO]     第 1 页 20 条 共 18 页
2026-05-20 23:09:40,295 [WARNING]     第2页第1次服务端异常或空响应提示
2026-05-20 23:09:50,701 [INFO]   ✓ 2023-09-28 10:10:25 (策略A: 10点后首条) 折算价=717.98
2026-05-20 23:09:51,403 [INFO] === 2023-09-29 ===
2026-05-20 23:09:51,834 [INFO]     第 1 页 20 条 共 11 页
2026-05-20 23:09:55,651 [INFO]   ✓ 2023-09-29 10:00:26 (策略A: 10点后首条) 折算价=717.98
2026-05-20 23:09:56,545 [INFO] === 2023-09-30 ===
2026-05-20 23:09:56,966 [INFO]     第 1 页 20 条 共 1 页
2026-05-20 23:09:56,966 [INFO]   ✓ 2023-09-30 10:30:00 (策略A: 10点后首条) 折算价=717.98
2026-05-20 23:09:57,761 [INFO] === 2023-10-01 ===
2026-05-20 23:09:58,338 [INFO]     第 1 页 18 条 共 1 页
2026-05-20 23:09:58,338 [INFO]   ✓ 2023-10-01 10:30:00 (策略A: 10点后首条) 折算价=717.98
2026-05-20 23:09:59,022 [INFO] === 2023-10-02 ===
2026-05-20 23:09:59,889 [INFO]     第 1 页 20 条 共 6 页
2026-05-20 23:10:01,494 [INFO]   ✓ 2023-10-02 10:06:15 (策略A: 10点后首条) 折算价=717.98
2026-05-20 23:10:02,315 [INFO] === 2023-10-03 ===
2026-05-20 23:10:02,575 [INFO]     第 1 页 20 条 共 10 页
2026-05-20 23:10:07,013 [WARNING]     第8页第1次服务端异常或空响应提示
2026-05-20 23:10:08,641 [INFO]   ✓ 2023-10-03 10:09:30 (策略A: 10点后首条) 折算价=717.98
2026-05-20 23:10:09,359 [INFO] === 2023-10-04 ===
2026-05-20 23:10:09,666 [INFO]     第 1 页 20 条 共 11 页
2026-05-20 23:10:11,945 [WARNING]     第5页第1次服务端异常或空响应提示
2026-05-20 23:10:13,482 [WARNING]     第5页第2次服务端异常或空响应提示
2026-05-20 23:10:16,518 [WARNING]     第5页第3次服务端异常或空响应提示
2026-05-20 23:10:21,018 [WARNING]   第5页翻页重试失败
2026-05-20 23:10:21,019 [INFO]   ✓ 2023-10-04 15:14:08 (策略A: 10点后首条) 折算价=717.98
2026-05-20 23:10:22,008 [INFO] === 2023-10-05 ===
2026-05-20 23:10:22,931 [INFO]     第 1 页 20 条 共 8 页
2026-05-20 23:10:22,967 [WARNING]     第2页第1次服务端异常或空响应提示
2026-05-20 23:10:25,117 [WARNING]     第3页第1次服务端异常或空响应提示
2026-05-20 23:10:26,653 [WARNING]     第3页第2次服务端异常或空响应提示
2026-05-20 23:10:29,689 [WARNING]     第3页第3次服务端异常或空响应提示
2026-05-20 23:10:34,191 [WARNING]   第3页翻页重试失败
2026-05-20 23:10:34,191 [INFO]   ✓ 2023-10-05 18:48:13 (策略A: 10点后首条) 折算价=717.98
2026-05-20 23:10:34,864 [INFO] === 2023-10-06 ===
2026-05-20 23:10:35,894 [ERROR]   ✗ 2023-10-06 已达最大重试次数，跳过
2026-05-20 23:10:36,632 [INFO] === 2023-10-07 ===
2026-05-20 23:10:37,652 [ERROR]   ✗ 2023-10-07 已达最大重试次数，跳过
2026-05-20 23:10:37,653 [INFO] >>> 补抓进度: 280/731 (38.3%) <<<
2026-05-20 23:10:38,646 [INFO] === 2023-10-08 ===
2026-05-20 23:10:39,633 [ERROR]   ✗ 2023-10-08 已达最大重试次数，跳过
2026-05-20 23:10:40,378 [INFO] === 2023-10-09 ===
2026-05-20 23:10:41,013 [INFO]     第 1 页 20 条 共 14 页
2026-05-20 23:10:41,053 [WARNING]     第2页第1次服务端异常或空响应提示
2026-05-20 23:10:42,596 [WARNING]     第2页第2次服务端异常或空响应提示
2026-05-20 23:10:45,630 [WARNING]     第2页第3次服务端异常或空响应提示
2026-05-20 23:10:50,131 [WARNING]   第2页翻页重试失败
2026-05-20 23:10:50,131 [INFO]   ✓ 2023-10-09 23:13:45 (策略A: 10点后首条) 折算价=717.89
2026-05-20 23:10:50,744 [INFO] === 2023-10-10 ===
2026-05-20 23:10:50,988 [INFO]     第 1 页 20 条 共 15 页
2026-05-20 23:10:57,422 [INFO]   ✓ 2023-10-10 10:05:46 (策略A: 10点后首条) 折算价=717.81
2026-05-20 23:10:58,229 [INFO] === 2023-10-11 ===
2026-05-20 23:10:58,464 [INFO]     第 1 页 20 条 共 18 页
2026-05-20 23:11:07,760 [INFO]   ✓ 2023-10-11 10:00:30 (策略A: 10点后首条) 折算价=717.79
2026-05-20 23:11:08,732 [INFO] === 2023-10-12 ===
2026-05-20 23:11:08,969 [INFO]     第 1 页 20 条 共 18 页
2026-05-20 23:11:12,704 [WARNING]     第7页第1次服务端异常或空响应提示
2026-05-20 23:11:14,996 [WARNING]     第8页第1次服务端异常或空响应提示
2026-05-20 23:11:17,418 [WARNING]     第9页第1次服务端异常或空响应提示
2026-05-20 23:11:20,023 [WARNING]     第11页第1次服务端异常或空响应提示
2026-05-20 23:11:22,697 [WARNING]     第13页第1次服务端异常或空响应提示
2026-05-20 23:11:24,232 [WARNING]     第13页第2次服务端异常或空响应提示
2026-05-20 23:11:27,334 [WARNING]     第13页第3次服务端异常或空响应提示
2026-05-20 23:11:31,835 [WARNING]   第13页翻页重试失败
2026-05-20 23:11:31,837 [INFO]   ✓ 2023-10-12 10:30:00 (策略A: 10点后首条) 折算价=717.76
2026-05-20 23:11:32,395 [INFO] === 2023-10-13 ===
2026-05-20 23:11:33,417 [INFO]     第 1 页 20 条 共 20 页
2026-05-20 23:11:33,451 [WARNING]     第2页第1次服务端异常或空响应提示
2026-05-20 23:11:34,992 [WARNING]     第2页第2次服务端异常或空响应提示
2026-05-20 23:11:38,551 [WARNING]     第3页第1次服务端异常或空响应提示
2026-05-20 23:11:40,086 [WARNING]     第3页第2次服务端异常或空响应提示
2026-05-20 23:11:43,142 [WARNING]     第3页第3次服务端异常或空响应提示
2026-05-20 23:11:47,643 [WARNING]   第3页翻页重试失败
2026-05-20 23:11:47,643 [INFO]   ✓ 2023-10-13 22:50:38 (策略A: 10点后首条) 折算价=717.75
2026-05-20 23:11:48,197 [INFO] === 2023-10-14 ===
2026-05-20 23:11:49,403 [ERROR]   ✗ 2023-10-14 已达最大重试次数，跳过
2026-05-20 23:11:50,233 [INFO] === 2023-10-15 ===
2026-05-20 23:11:50,821 [INFO]     第 1 页 18 条 共 1 页
2026-05-20 23:11:50,822 [INFO]   ✓ 2023-10-15 10:30:00 (策略A: 10点后首条) 折算价=717.75
2026-05-20 23:11:51,417 [INFO] === 2023-10-16 ===
2026-05-20 23:11:51,794 [INFO]     第 1 页 20 条 共 11 页
2026-05-20 23:11:57,696 [INFO]   ✓ 2023-10-16 10:04:58 (策略A: 10点后首条) 折算价=717.98
2026-05-20 23:11:58,658 [INFO] === 2023-10-17 ===
2026-05-20 23:11:59,079 [INFO]     第 1 页 20 条 共 15 页
2026-05-20 23:12:07,043 [INFO]   ✓ 2023-10-17 10:00:31 (策略A: 10点后首条) 折算价=717.96
2026-05-20 23:12:07,045 [INFO] >>> 补抓进度: 290/731 (39.7%) <<<
2026-05-20 23:12:07,915 [INFO] === 2023-10-18 ===
2026-05-20 23:12:08,155 [INFO]     第 1 页 20 条 共 19 页
2026-05-20 23:12:09,936 [WARNING]     第4页第1次服务端异常或空响应提示
2026-05-20 23:12:12,734 [WARNING]     第6页第1次服务端异常或空响应提示
2026-05-20 23:12:14,902 [WARNING]     第7页第1次服务端异常或空响应提示
2026-05-20 23:12:19,752 [WARNING]     第12页第1次服务端异常或空响应提示
2026-05-20 23:12:22,523 [WARNING]     第14页第1次服务端异常或空响应提示
2026-05-20 23:12:24,060 [WARNING]     第14页第2次服务端异常或空响应提示
2026-05-20 23:12:27,095 [WARNING]     第14页第3次服务端异常或空响应提示
2026-05-20 23:12:31,596 [WARNING]   第14页翻页重试失败
2026-05-20 23:12:31,598 [INFO]   ✓ 2023-10-18 10:12:54 (策略A: 10点后首条) 折算价=717.95
2026-05-20 23:12:32,433 [INFO] === 2023-10-19 ===
2026-05-20 23:12:32,817 [INFO]     第 1 页 20 条 共 14 页
2026-05-20 23:12:32,859 [WARNING]     第2页第1次服务端异常或空响应提示
2026-05-20 23:12:34,395 [WARNING]     第2页第2次服务端异常或空响应提示
2026-05-20 23:12:37,430 [WARNING]     第2页第3次服务端异常或空响应提示
2026-05-20 23:12:41,931 [WARNING]   第2页翻页重试失败
2026-05-20 23:12:41,931 [INFO]   ✓ 2023-10-19 22:43:16 (策略A: 10点后首条) 折算价=717.95
2026-05-20 23:12:42,631 [INFO] === 2023-10-20 ===
2026-05-20 23:12:43,674 [ERROR]   ✗ 2023-10-20 已达最大重试次数，跳过
2026-05-20 23:12:44,480 [INFO] === 2023-10-21 ===
2026-05-20 23:12:45,496 [INFO]     第 1 页 20 条 共 5 页
2026-05-20 23:12:45,497 [INFO]   ✓ 2023-10-21 10:30:00 (策略A: 10点后首条) 折算价=717.93
2026-05-20 23:12:46,166 [INFO] === 2023-10-22 ===
2026-05-20 23:12:46,740 [INFO]     第 1 页 18 条 共 1 页
2026-05-20 23:12:46,741 [INFO]   ✓ 2023-10-22 10:30:00 (策略A: 10点后首条) 折算价=717.93
2026-05-20 23:12:47,555 [INFO] === 2023-10-23 ===
2026-05-20 23:12:48,906 [ERROR]   ✗ 2023-10-23 已达最大重试次数，跳过
2026-05-20 23:12:49,888 [INFO] === 2023-10-24 ===
2026-05-20 23:12:50,689 [INFO]     第 1 页 20 条 共 24 页
2026-05-20 23:12:50,723 [WARNING]     第2页第1次服务端异常或空响应提示
2026-05-20 23:12:52,258 [WARNING]     第2页第2次服务端异常或空响应提示
2026-05-20 23:12:56,068 [WARNING]     第3页第1次服务端异常或空响应提示
2026-05-20 23:13:09,061 [INFO]   ✓ 2023-10-24 10:02:16 (策略A: 10点后首条) 折算价=717.86
2026-05-20 23:13:09,984 [INFO] === 2023-10-25 ===
2026-05-20 23:13:10,413 [INFO]     第 1 页 20 条 共 14 页
2026-05-20 23:13:16,117 [INFO]   ✓ 2023-10-25 10:00:14 (策略A: 10点后首条) 折算价=717.85
2026-05-20 23:13:17,020 [INFO] === 2023-10-26 ===
2026-05-20 23:13:17,258 [INFO]     第 1 页 20 条 共 12 页
2026-05-20 23:13:17,292 [WARNING]     第2页第1次服务端异常或空响应提示
2026-05-20 23:13:22,762 [WARNING]     第7页第1次服务端异常或空响应提示
2026-05-20 23:13:24,302 [WARNING]     第7页第2次服务端异常或空响应提示
2026-05-20 23:13:27,983 [WARNING]     第8页第1次服务端异常或空响应提示
2026-05-20 23:13:29,517 [WARNING]     第8页第2次服务端异常或空响应提示
2026-05-20 23:13:32,553 [WARNING]     第8页第3次服务端异常或空响应提示
2026-05-20 23:13:37,054 [WARNING]   第8页翻页重试失败
2026-05-20 23:13:37,056 [INFO]   ✓ 2023-10-26 10:10:26 (策略A: 10点后首条) 折算价=717.84
2026-05-20 23:13:37,650 [INFO] === 2023-10-27 ===
2026-05-20 23:13:38,482 [INFO]     第 1 页 20 条 共 16 页
2026-05-20 23:13:40,001 [WARNING]     第4页第1次服务端异常或空响应提示
2026-05-20 23:13:42,275 [WARNING]     第5页第1次服务端异常或空响应提示
2026-05-20 23:13:44,410 [WARNING]     第6页第1次服务端异常或空响应提示
2026-05-20 23:13:46,522 [WARNING]     第7页第1次服务端异常或空响应提示
2026-05-20 23:13:48,056 [WARNING]     第7页第2次服务端异常或空响应提示
2026-05-20 23:13:51,092 [WARNING]     第7页第3次服务端异常或空响应提示
2026-05-20 23:13:55,593 [WARNING]   第7页翻页重试失败
2026-05-20 23:13:55,594 [INFO]   ✓ 2023-10-27 18:46:19 (策略A: 10点后首条) 折算价=717.82
2026-05-20 23:13:55,596 [INFO] >>> 补抓进度: 300/731 (41.0%) <<<
2026-05-20 23:13:56,175 [INFO] --- 定期重置 Session (已处理 300 天) ---
2026-05-20 23:13:56,492 [INFO] === 2023-10-28 ===
2026-05-20 23:13:56,815 [INFO]     第 1 页 20 条 共 3 页
2026-05-20 23:13:56,816 [INFO]   ✓ 2023-10-28 10:30:00 (策略A: 10点后首条) 折算价=717.82
2026-05-20 23:13:57,421 [INFO] === 2023-10-29 ===
2026-05-20 23:13:57,627 [INFO]     第 1 页 18 条 共 1 页
2026-05-20 23:13:57,627 [INFO]   ✓ 2023-10-29 10:30:00 (策略A: 10点后首条) 折算价=717.82
2026-05-20 23:13:58,490 [INFO] === 2023-10-30 ===
2026-05-20 23:13:58,788 [INFO]     第 1 页 20 条 共 12 页
2026-05-20 23:14:04,752 [INFO]   ✓ 2023-10-30 10:00:40 (策略A: 10点后首条) 折算价=717.81
2026-05-20 23:14:05,276 [INFO] === 2023-10-31 ===
2026-05-20 23:14:05,574 [INFO]     第 1 页 20 条 共 16 页
2026-05-20 23:14:12,972 [INFO]   ✓ 2023-10-31 10:10:06 (策略A: 10点后首条) 折算价=717.79
2026-05-20 23:14:13,973 [INFO] === 2023-11-01 ===
2026-05-20 23:14:14,173 [INFO]     第 1 页 20 条 共 10 页
2026-05-20 23:14:17,411 [INFO]   ✓ 2023-11-01 10:01:13 (策略A: 10点后首条) 折算价=717.78
2026-05-20 23:14:17,960 [INFO] === 2023-11-02 ===
2026-05-20 23:14:18,172 [INFO]     第 1 页 20 条 共 13 页
2026-05-20 23:14:23,905 [INFO]   ✓ 2023-11-02 10:10:22 (策略A: 10点后首条) 折算价=717.97
2026-05-20 23:14:24,812 [INFO] === 2023-11-03 ===
2026-05-20 23:14:25,140 [INFO]     第 1 页 20 条 共 18 页
2026-05-20 23:14:33,790 [WARNING]     第13页第1次服务端异常或空响应提示
2026-05-20 23:14:35,927 [WARNING]     第14页第1次服务端异常或空响应提示
2026-05-20 23:14:37,584 [INFO]   ✓ 2023-11-03 10:10:00 (策略A: 10点后首条) 折算价=717.96
2026-05-20 23:14:38,123 [INFO] === 2023-11-04 ===
2026-05-20 23:14:38,561 [INFO]     第 1 页 20 条 共 6 页
2026-05-20 23:14:38,563 [INFO]   ✓ 2023-11-04 10:30:00 (策略A: 10点后首条) 折算价=717.96
2026-05-20 23:14:39,482 [INFO] === 2023-11-05 ===
2026-05-20 23:14:39,818 [INFO]     第 1 页 18 条 共 1 页
2026-05-20 23:14:39,819 [INFO]   ✓ 2023-11-05 10:30:00 (策略A: 10点后首条) 折算价=717.96
2026-05-20 23:14:40,344 [INFO] === 2023-11-06 ===
2026-05-20 23:14:40,633 [INFO]     第 1 页 20 条 共 16 页
2026-05-20 23:14:48,433 [WARNING]     第13页第1次服务端异常或空响应提示
2026-05-20 23:14:50,796 [WARNING]     第14页第1次服务端异常或空响应提示
2026-05-20 23:14:52,468 [INFO]   ✓ 2023-11-06 10:00:07 (策略A: 10点后首条) 折算价=717.8
2026-05-20 23:14:52,470 [INFO] >>> 补抓进度: 310/731 (42.4%) <<<
2026-05-20 23:14:53,137 [INFO] === 2023-11-07 ===
2026-05-20 23:14:54,400 [ERROR]   ✗ 2023-11-07 已达最大重试次数，跳过
2026-05-20 23:14:55,248 [INFO] === 2023-11-08 ===
2026-05-20 23:14:55,553 [INFO]     第 1 页 20 条 共 19 页
2026-05-20 23:14:55,612 [WARNING]     第2页第1次服务端异常或空响应提示
2026-05-20 23:14:57,170 [WARNING]     第2页第2次服务端异常或空响应提示
2026-05-20 23:15:02,952 [WARNING]     第6页第1次服务端异常或空响应提示
2026-05-20 23:15:10,631 [INFO]   ✓ 2023-11-08 10:00:48 (策略A: 10点后首条) 折算价=717.73
2026-05-20 23:15:11,421 [INFO] === 2023-11-09 ===
2026-05-20 23:15:11,702 [INFO]     第 1 页 20 条 共 21 页
2026-05-20 23:15:21,047 [INFO]   ✓ 2023-11-09 10:02:19 (策略A: 10点后首条) 折算价=717.72
2026-05-20 23:15:21,675 [INFO] === 2023-11-10 ===
2026-05-20 23:15:22,170 [INFO]     第 1 页 20 条 共 18 页
2026-05-20 23:15:29,847 [INFO]   ✓ 2023-11-10 10:04:21 (策略A: 10点后首条) 折算价=717.71
2026-05-20 23:15:30,823 [INFO] === 2023-11-11 ===
2026-05-20 23:15:31,109 [INFO]     第 1 页 20 条 共 5 页
2026-05-20 23:15:31,109 [INFO]   ✓ 2023-11-11 10:30:00 (策略A: 10点后首条) 折算价=717.71
2026-05-20 23:15:31,654 [INFO] === 2023-11-12 ===
2026-05-20 23:15:31,963 [INFO]     第 1 页 20 条 共 1 页
2026-05-20 23:15:31,963 [INFO]   ✓ 2023-11-12 10:30:00 (策略A: 10点后首条) 折算价=717.71
2026-05-20 23:15:32,716 [INFO] === 2023-11-13 ===
2026-05-20 23:15:33,026 [INFO]     第 1 页 20 条 共 16 页
2026-05-20 23:15:38,341 [WARNING]     第9页第1次服务端异常或空响应提示
2026-05-20 23:15:43,821 [WARNING]     第14页第1次服务端异常或空响应提示
2026-05-20 23:15:45,461 [INFO]   ✓ 2023-11-13 10:00:04 (策略A: 10点后首条) 折算价=717.69
2026-05-20 23:15:46,380 [INFO] === 2023-11-14 ===
2026-05-20 23:15:46,668 [INFO]     第 1 页 20 条 共 21 页
2026-05-20 23:15:50,668 [WARNING]     第7页第1次服务端异常或空响应提示
2026-05-20 23:15:53,473 [WARNING]     第9页第1次服务端异常或空响应提示
2026-05-20 23:15:58,275 [WARNING]     第13页第1次服务端异常或空响应提示
2026-05-20 23:15:59,831 [WARNING]     第13页第2次服务端异常或空响应提示
2026-05-20 23:16:03,641 [WARNING]     第14页第1次服务端异常或空响应提示
2026-05-20 23:16:05,201 [WARNING]     第14页第2次服务端异常或空响应提示
2026-05-20 23:16:10,854 [INFO]   ✓ 2023-11-14 10:01:41 (策略A: 10点后首条) 折算价=717.68
2026-05-20 23:16:11,561 [INFO] === 2023-11-15 ===
2026-05-20 23:16:11,888 [INFO]     第 1 页 20 条 共 26 页
2026-05-20 23:16:26,227 [INFO]   ✓ 2023-11-15 10:01:43 (策略A: 10点后首条) 折算价=717.52
2026-05-20 23:16:26,936 [INFO] === 2023-11-16 ===
2026-05-20 23:16:27,225 [INFO]     第 1 页 20 条 共 22 页
2026-05-20 23:16:35,129 [WARNING]     第13页第1次服务端异常或空响应提示
2026-05-20 23:16:38,568 [WARNING]     第15页第1次服务端异常或空响应提示
2026-05-20 23:16:40,874 [INFO]   ✓ 2023-11-16 10:02:30 (策略A: 10点后首条) 折算价=717.24
2026-05-20 23:16:40,875 [INFO] >>> 补抓进度: 320/731 (43.8%) <<<
2026-05-20 23:16:41,704 [INFO] === 2023-11-17 ===
2026-05-20 23:16:41,988 [INFO]     第 1 页 20 条 共 19 页
2026-05-20 23:16:43,008 [WARNING]     第3页第1次服务端异常或空响应提示
2026-05-20 23:16:54,293 [INFO]   ✓ 2023-11-17 10:05:18 (策略A: 10点后首条) 折算价=717.28
2026-05-20 23:16:54,855 [INFO] === 2023-11-18 ===
2026-05-20 23:16:55,763 [INFO]     第 1 页 20 条 共 4 页
2026-05-20 23:16:55,764 [INFO]   ✓ 2023-11-18 10:30:00 (策略A: 10点后首条) 折算价=717.28
2026-05-20 23:16:56,365 [INFO] === 2023-11-19 ===
2026-05-20 23:16:56,844 [INFO]     第 1 页 18 条 共 1 页
2026-05-20 23:16:56,845 [INFO]   ✓ 2023-11-19 10:30:00 (策略A: 10点后首条) 折算价=717.28
2026-05-20 23:16:57,788 [INFO] === 2023-11-20 ===
2026-05-20 23:16:58,089 [INFO]     第 1 页 20 条 共 28 页
2026-05-20 23:16:58,153 [WARNING]     第2页第1次服务端异常或空响应提示
2026-05-20 23:16:59,710 [WARNING]     第2页第2次服务端异常或空响应提示
2026-05-20 23:17:06,169 [WARNING]     第7页第1次服务端异常或空响应提示
2026-05-20 23:17:08,348 [WARNING]     第8页第1次服务端异常或空响应提示
2026-05-20 23:17:14,078 [WARNING]     第14页第1次服务端异常或空响应提示
2026-05-20 23:17:22,747 [WARNING]     第23页第1次服务端异常或空响应提示
2026-05-20 23:17:25,811 [WARNING]     第25页第1次服务端异常或空响应提示
2026-05-20 23:17:28,274 [INFO]   ✓ 2023-11-20 10:02:06 (策略A: 10点后首条) 折算价=716.12
2026-05-20 23:17:29,201 [INFO] === 2023-11-21 ===
2026-05-20 23:17:29,518 [INFO]     第 1 页 20 条 共 24 页
2026-05-20 23:17:43,173 [INFO]   ✓ 2023-11-21 10:10:02 (策略A: 10点后首条) 折算价=714.06
2026-05-20 23:17:43,822 [INFO] === 2023-11-22 ===
2026-05-20 23:17:44,338 [INFO]     第 1 页 20 条 共 16 页
2026-05-20 23:17:53,206 [INFO]   ✓ 2023-11-22 10:03:48 (策略A: 10点后首条) 折算价=712.54
2026-05-20 23:17:53,892 [INFO] === 2023-11-23 ===
2026-05-20 23:17:54,198 [INFO]     第 1 页 20 条 共 17 页
2026-05-20 23:18:04,017 [INFO]   ✓ 2023-11-23 10:00:46 (策略A: 10点后首条) 折算价=712.12
2026-05-20 23:18:04,675 [INFO] === 2023-11-24 ===
2026-05-20 23:18:05,017 [INFO]     第 1 页 20 条 共 13 页
2026-05-20 23:18:06,546 [WARNING]     第4页第1次服务端异常或空响应提示
2026-05-20 23:18:10,657 [WARNING]     第8页第1次服务端异常或空响应提示
2026-05-20 23:18:14,570 [INFO]   ✓ 2023-11-24 10:03:24 (策略A: 10点后首条) 折算价=711.51
2026-05-20 23:18:15,413 [INFO] === 2023-11-25 ===
2026-05-20 23:18:15,707 [INFO]     第 1 页 20 条 共 2 页
2026-05-20 23:18:15,707 [INFO]   ✓ 2023-11-25 10:30:00 (策略A: 10点后首条) 折算价=711.51
2026-05-20 23:18:16,396 [INFO] === 2023-11-26 ===
2026-05-20 23:18:16,712 [INFO]     第 1 页 18 条 共 1 页
2026-05-20 23:18:16,713 [INFO]   ✓ 2023-11-26 10:30:00 (策略A: 10点后首条) 折算价=711.51
2026-05-20 23:18:16,715 [INFO] >>> 补抓进度: 330/731 (45.1%) <<<
2026-05-20 23:18:17,368 [INFO] === 2023-11-27 ===
2026-05-20 23:18:17,615 [INFO]     第 1 页 20 条 共 14 页
2026-05-20 23:18:17,672 [WARNING]     第2页第1次服务端异常或空响应提示
2026-05-20 23:18:21,504 [WARNING]     第5页第1次服务端异常或空响应提示
2026-05-20 23:18:23,711 [WARNING]     第6页第1次服务端异常或空响应提示
2026-05-20 23:18:28,403 [WARNING]     第10页第1次服务端异常或空响应提示
2026-05-20 23:18:31,483 [WARNING]     第12页第1次服务端异常或空响应提示
2026-05-20 23:18:33,759 [INFO]   ✓ 2023-11-27 10:00:35 (策略A: 10点后首条) 折算价=711.59
2026-05-20 23:18:34,542 [INFO] === 2023-11-28 ===
2026-05-20 23:18:34,943 [INFO]     第 1 页 20 条 共 16 页
2026-05-20 23:18:35,950 [WARNING]     第3页第1次服务端异常或空响应提示
2026-05-20 23:18:44,735 [INFO]   ✓ 2023-11-28 10:01:47 (策略A: 10点后首条) 折算价=711.32
2026-05-20 23:18:45,348 [INFO] === 2023-11-29 ===
2026-05-20 23:18:45,837 [INFO]     第 1 页 20 条 共 16 页
2026-05-20 23:18:53,058 [INFO]   ✓ 2023-11-29 10:03:59 (策略A: 10点后首条) 折算价=710.31
2026-05-20 23:18:53,601 [INFO] === 2023-11-30 ===
2026-05-20 23:18:53,902 [INFO]     第 1 页 20 条 共 18 页
2026-05-20 23:19:00,152 [WARNING]     第11页第1次服务端异常或空响应提示
2026-05-20 23:19:01,707 [WARNING]     第11页第2次服务端异常或空响应提示
2026-05-20 23:19:04,762 [WARNING]     第11页第3次服务端异常或空响应提示
2026-05-20 23:19:09,263 [WARNING]   第11页翻页重试失败
2026-05-20 23:19:09,264 [INFO]   ✓ 2023-11-30 10:54:41 (策略A: 10点后首条) 折算价=710.18
2026-05-20 23:19:09,837 [INFO] === 2023-12-01 ===
2026-05-20 23:19:10,410 [INFO]     第 1 页 20 条 共 15 页
2026-05-20 23:19:12,270 [WARNING]     第4页第1次服务端异常或空响应提示
2026-05-20 23:19:15,598 [WARNING]     第6页第1次服务端异常或空响应提示
2026-05-20 23:19:21,245 [INFO]   ✓ 2023-12-01 10:01:51 (策略A: 10点后首条) 折算价=711.04
2026-05-20 23:19:21,785 [INFO] === 2023-12-02 ===
2026-05-20 23:19:22,282 [INFO]     第 1 页 20 条 共 4 页
2026-05-20 23:19:22,283 [INFO]   ✓ 2023-12-02 10:30:00 (策略A: 10点后首条) 折算价=711.04
2026-05-20 23:19:23,136 [INFO] === 2023-12-03 ===
2026-05-20 23:19:23,379 [INFO]     第 1 页 18 条 共 1 页
2026-05-20 23:19:23,379 [INFO]   ✓ 2023-12-03 10:30:00 (策略A: 10点后首条) 折算价=711.04
2026-05-20 23:19:24,101 [INFO] === 2023-12-04 ===
2026-05-20 23:19:24,465 [INFO]     第 1 页 20 条 共 11 页
2026-05-20 23:19:29,045 [WARNING]     第8页第1次服务端异常或空响应提示
2026-05-20 23:19:31,363 [INFO]   ✓ 2023-12-04 10:00:17 (策略A: 10点后首条) 折算价=710.11
2026-05-20 23:19:32,066 [INFO] === 2023-12-05 ===
2026-05-20 23:19:32,470 [INFO]     第 1 页 20 条 共 14 页
2026-05-20 23:19:39,933 [INFO]   ✓ 2023-12-05 10:00:57 (策略A: 10点后首条) 折算价=711.27
2026-05-20 23:19:40,746 [INFO] === 2023-12-06 ===
2026-05-20 23:19:41,033 [INFO]     第 1 页 20 条 共 12 页
2026-05-20 23:19:45,820 [INFO]   ✓ 2023-12-06 10:00:22 (策略A: 10点后首条) 折算价=711.4
2026-05-20 23:19:45,822 [INFO] >>> 补抓进度: 340/731 (46.5%) <<<
2026-05-20 23:19:46,739 [INFO] === 2023-12-07 ===
2026-05-20 23:19:47,010 [INFO]     第 1 页 20 条 共 17 页
2026-05-20 23:19:56,605 [INFO]   ✓ 2023-12-07 10:03:18 (策略A: 10点后首条) 折算价=711.76
2026-05-20 23:19:57,499 [INFO] === 2023-12-08 ===
2026-05-20 23:19:57,792 [INFO]     第 1 页 20 条 共 16 页
2026-05-20 23:20:04,547 [INFO]   ✓ 2023-12-08 10:01:07 (策略A: 10点后首条) 折算价=711.23
2026-05-20 23:20:05,266 [INFO] === 2023-12-09 ===
2026-05-20 23:20:05,542 [INFO]     第 1 页 20 条 共 3 页
2026-05-20 23:20:05,542 [INFO]   ✓ 2023-12-09 10:30:00 (策略A: 10点后首条) 折算价=711.23
2026-05-20 23:20:06,456 [INFO] === 2023-12-10 ===
2026-05-20 23:20:06,757 [INFO]     第 1 页 16 条 共 1 页
2026-05-20 23:20:06,757 [INFO]   ✓ 2023-12-10 10:30:00 (策略A: 10点后首条) 折算价=711.23
2026-05-20 23:20:07,611 [INFO] === 2023-12-11 ===
2026-05-20 23:20:08,100 [INFO]     第 1 页 20 条 共 13 页
2026-05-20 23:20:11,748 [WARNING]     第7页第1次服务端异常或空响应提示
2026-05-20 23:20:13,305 [WARNING]     第7页第2次服务端异常或空响应提示
2026-05-20 23:20:17,945 [WARNING]     第9页第1次服务端异常或空响应提示
2026-05-20 23:20:21,213 [WARNING]     第11页第1次服务端异常或空响应提示
2026-05-20 23:20:22,867 [INFO]   ✓ 2023-12-11 10:06:10 (策略A: 10点后首条) 折算价=711.63
2026-05-20 23:20:23,608 [INFO] === 2023-12-12 ===
2026-05-20 23:20:24,081 [INFO]     第 1 页 20 条 共 14 页
2026-05-20 23:20:25,085 [WARNING]     第3页第1次服务端异常或空响应提示
2026-05-20 23:20:33,857 [INFO]   ✓ 2023-12-12 10:06:59 (策略A: 10点后首条) 折算价=711.74
2026-05-20 23:20:34,642 [INFO] === 2023-12-13 ===
2026-05-20 23:20:35,150 [INFO]     第 1 页 20 条 共 13 页
2026-05-20 23:20:40,786 [INFO]   ✓ 2023-12-13 10:00:25 (策略A: 10点后首条) 折算价=711.26
2026-05-20 23:20:41,415 [INFO] === 2023-12-14 ===
2026-05-20 23:20:41,719 [INFO]     第 1 页 20 条 共 19 页
2026-05-20 23:20:51,817 [INFO]   ✓ 2023-12-14 10:01:04 (策略A: 10点后首条) 折算价=710.9
2026-05-20 23:20:52,322 [INFO] === 2023-12-15 ===
2026-05-20 23:20:52,894 [INFO]     第 1 页 20 条 共 16 页
2026-05-20 23:21:01,343 [INFO]   ✓ 2023-12-15 10:02:14 (策略A: 10点后首条) 折算价=709.57
2026-05-20 23:21:02,307 [INFO] === 2023-12-16 ===
2026-05-20 23:21:02,618 [INFO]     第 1 页 20 条 共 2 页
2026-05-20 23:21:02,618 [INFO]   ✓ 2023-12-16 10:30:00 (策略A: 10点后首条) 折算价=709.57
2026-05-20 23:21:02,620 [INFO] >>> 补抓进度: 350/731 (47.9%) <<<
2026-05-20 23:21:03,382 [INFO] --- 定期重置 Session (已处理 350 天) ---
2026-05-20 23:21:03,703 [INFO] === 2023-12-17 ===
2026-05-20 23:21:04,239 [INFO]     第 1 页 12 条 共 1 页
2026-05-20 23:21:04,239 [INFO]   ✓ 2023-12-17 10:30:00 (策略A: 10点后首条) 折算价=709.57
2026-05-20 23:21:04,748 [INFO] === 2023-12-18 ===
2026-05-20 23:21:05,275 [INFO]     第 1 页 20 条 共 10 页
2026-05-20 23:21:10,615 [INFO]   ✓ 2023-12-18 10:00:19 (策略A: 10点后首条) 折算价=709.33
2026-05-20 23:21:11,220 [INFO] === 2023-12-19 ===
2026-05-20 23:21:11,488 [INFO]     第 1 页 20 条 共 14 页
2026-05-20 23:21:19,176 [INFO]   ✓ 2023-12-19 10:07:14 (策略A: 10点后首条) 折算价=709.82
2026-05-20 23:21:20,175 [INFO] === 2023-12-20 ===
2026-05-20 23:21:21,148 [INFO]     第 1 页 20 条 共 11 页
2026-05-20 23:21:23,271 [WARNING]     第5页第1次服务端异常或空响应提示
2026-05-20 23:21:26,889 [WARNING]     第8页第1次服务端异常或空响应提示
2026-05-20 23:21:28,538 [INFO]   ✓ 2023-12-20 10:02:00 (策略A: 10点后首条) 折算价=709.66
2026-05-20 23:21:29,367 [INFO] === 2023-12-21 ===
2026-05-20 23:21:29,700 [INFO]     第 1 页 20 条 共 14 页
2026-05-20 23:21:31,012 [WARNING]     第4页第1次服务端异常或空响应提示
2026-05-20 23:21:38,907 [INFO]   ✓ 2023-12-21 10:00:51 (策略A: 10点后首条) 折算价=710.12
2026-05-20 23:21:39,470 [INFO] === 2023-12-22 ===
2026-05-20 23:21:39,790 [INFO]     第 1 页 20 条 共 13 页
2026-05-20 23:21:44,311 [WARNING]     第8页第1次服务端异常或空响应提示
2026-05-20 23:21:48,205 [INFO]   ✓ 2023-12-22 10:02:03 (策略A: 10点后首条) 折算价=709.53
2026-05-20 23:21:48,756 [INFO] === 2023-12-23 ===
2026-05-20 23:21:49,291 [INFO]     第 1 页 20 条 共 2 页
2026-05-20 23:21:49,292 [INFO]   ✓ 2023-12-23 10:30:00 (策略A: 10点后首条) 折算价=709.53
2026-05-20 23:21:50,141 [INFO] === 2023-12-24 ===
2026-05-20 23:21:50,449 [INFO]     第 1 页 12 条 共 1 页
2026-05-20 23:21:50,450 [INFO]   ✓ 2023-12-24 10:30:00 (策略A: 10点后首条) 折算价=709.53
2026-05-20 23:21:51,186 [INFO] === 2023-12-25 ===
2026-05-20 23:21:51,469 [INFO]     第 1 页 20 条 共 8 页
2026-05-20 23:21:54,333 [INFO]   ✓ 2023-12-25 10:02:41 (策略A: 10点后首条) 折算价=710.1
2026-05-20 23:21:55,075 [INFO] === 2023-12-26 ===
2026-05-20 23:21:55,516 [INFO]     第 1 页 20 条 共 8 页
2026-05-20 23:21:59,614 [INFO]   ✓ 2023-12-26 10:05:30 (策略A: 10点后首条) 折算价=709.65
2026-05-20 23:21:59,616 [INFO] >>> 补抓进度: 360/731 (49.2%) <<<
2026-05-20 23:22:00,540 [INFO] === 2023-12-27 ===
2026-05-20 23:22:01,077 [INFO]     第 1 页 20 条 共 10 页
2026-05-20 23:22:05,326 [INFO]   ✓ 2023-12-27 10:02:06 (策略A: 10点后首条) 折算价=710.02
2026-05-20 23:22:06,184 [INFO] === 2023-12-28 ===
2026-05-20 23:22:06,977 [INFO]     第 1 页 20 条 共 18 页
2026-05-20 23:22:07,581 [WARNING]     第3页第1次服务端异常或空响应提示
2026-05-20 23:22:18,260 [INFO]   ✓ 2023-12-28 10:02:29 (策略A: 10点后首条) 折算价=709.74
2026-05-20 23:22:19,255 [INFO] === 2023-12-29 ===
2026-05-20 23:22:19,530 [INFO]     第 1 页 20 条 共 19 页
2026-05-20 23:22:20,533 [WARNING]     第3页第1次服务端异常或空响应提示
2026-05-20 23:22:23,093 [WARNING]     第4页第1次服务端异常或空响应提示
2026-05-20 23:22:30,828 [INFO]   ✓ 2023-12-29 10:02:20 (策略A: 10点后首条) 折算价=708.27
2026-05-20 23:22:31,569 [INFO] === 2023-12-30 ===
2026-05-20 23:22:31,773 [INFO]     第 1 页 20 条 共 3 页
2026-05-20 23:22:31,774 [INFO]   ✓ 2023-12-30 10:30:00 (策略A: 10点后首条) 折算价=708.27
2026-05-20 23:22:32,668 [INFO] === 2023-12-31 ===
2026-05-20 23:22:32,974 [INFO]     第 1 页 20 条 共 2 页
2026-05-20 23:22:32,974 [INFO]   ✓ 2023-12-31 10:30:00 (策略A: 10点后首条) 折算价=708.27
2026-05-20 23:22:33,693 [INFO] === 2024-01-01 ===
2026-05-20 23:22:34,440 [INFO]     第 1 页 12 条 共 1 页
2026-05-20 23:22:34,441 [INFO]   ✓ 2024-01-01 10:30:00 (策略A: 10点后首条) 折算价=708.27
2026-05-20 23:22:35,292 [INFO] === 2024-01-02 ===
2026-05-20 23:22:35,573 [INFO]     第 1 页 20 条 共 14 页
2026-05-20 23:22:38,108 [WARNING]     第5页第1次服务端异常或空响应提示
2026-05-20 23:22:44,902 [INFO]   ✓ 2024-01-02 10:01:59 (策略A: 10点后首条) 折算价=707.7
2026-05-20 23:22:45,615 [INFO] === 2024-01-03 ===
2026-05-20 23:22:45,906 [INFO]     第 1 页 20 条 共 16 页
2026-05-20 23:22:45,965 [WARNING]     第2页第1次服务端异常或空响应提示
2026-05-20 23:22:56,113 [INFO]   ✓ 2024-01-03 10:04:44 (策略A: 10点后首条) 折算价=710.02
2026-05-20 23:22:56,708 [INFO] === 2024-01-04 ===
2026-05-20 23:22:56,970 [INFO]     第 1 页 20 条 共 12 页
2026-05-20 23:23:02,341 [INFO]   ✓ 2024-01-04 10:00:36 (策略A: 10点后首条) 折算价=709.97
2026-05-20 23:23:02,997 [INFO] === 2024-01-05 ===
2026-05-20 23:23:03,514 [INFO]     第 1 页 20 条 共 16 页
2026-05-20 23:23:04,971 [WARNING]     第4页第1次服务端异常或空响应提示
2026-05-20 23:23:11,916 [WARNING]     第11页第1次服务端异常或空响应提示
2026-05-20 23:23:14,292 [INFO]   ✓ 2024-01-05 10:01:36 (策略A: 10点后首条) 折算价=710.29
2026-05-20 23:23:14,295 [INFO] >>> 补抓进度: 370/731 (50.6%) <<<
2026-05-20 23:23:15,272 [INFO] === 2024-01-06 ===
2026-05-20 23:23:15,829 [INFO]     第 1 页 20 条 共 2 页
2026-05-20 23:23:15,830 [INFO]   ✓ 2024-01-06 10:30:00 (策略A: 10点后首条) 折算价=710.29
2026-05-20 23:23:16,356 [INFO] === 2024-01-07 ===
2026-05-20 23:23:16,632 [INFO]     第 1 页 12 条 共 1 页
2026-05-20 23:23:16,632 [INFO]   ✓ 2024-01-07 10:30:00 (策略A: 10点后首条) 折算价=710.29
2026-05-20 23:23:17,623 [INFO] === 2024-01-08 ===
2026-05-20 23:23:17,904 [INFO]     第 1 页 20 条 共 11 页
2026-05-20 23:23:23,000 [INFO]   ✓ 2024-01-08 10:00:09 (策略A: 10点后首条) 折算价=710.06
2026-05-20 23:23:23,543 [INFO] === 2024-01-09 ===
2026-05-20 23:23:24,125 [INFO]     第 1 页 20 条 共 12 页
2026-05-20 23:23:29,429 [INFO]   ✓ 2024-01-09 10:02:35 (策略A: 10点后首条) 折算价=710.1
2026-05-20 23:23:30,315 [INFO] === 2024-01-10 ===
2026-05-20 23:23:30,616 [INFO]     第 1 页 20 条 共 12 页
2026-05-20 23:23:32,471 [WARNING]     第4页第1次服务端异常或空响应提示
2026-05-20 23:23:37,812 [INFO]   ✓ 2024-01-10 10:00:06 (策略A: 10点后首条) 折算价=710.55
2026-05-20 23:23:38,620 [INFO] === 2024-01-11 ===
2026-05-20 23:23:38,914 [INFO]     第 1 页 20 条 共 14 页
2026-05-20 23:23:46,252 [INFO]   ✓ 2024-01-11 10:07:14 (策略A: 10点后首条) 折算价=710.87
2026-05-20 23:23:46,812 [INFO] === 2024-01-12 ===
2026-05-20 23:23:47,092 [INFO]     第 1 页 20 条 共 10 页
2026-05-20 23:23:48,055 [WARNING]     第3页第1次服务端异常或空响应提示
2026-05-20 23:23:51,236 [WARNING]     第5页第1次服务端异常或空响应提示
2026-05-20 23:23:52,798 [WARNING]     第5页第2次服务端异常或空响应提示
2026-05-20 23:23:58,169 [INFO]   ✓ 2024-01-12 10:02:17 (策略A: 10点后首条) 折算价=710.5
2026-05-20 23:23:58,973 [INFO] === 2024-01-13 ===
2026-05-20 23:23:59,260 [INFO]     第 1 页 20 条 共 2 页
2026-05-20 23:23:59,260 [INFO]   ✓ 2024-01-13 10:30:00 (策略A: 10点后首条) 折算价=710.5
2026-05-20 23:23:59,953 [INFO] === 2024-01-14 ===
2026-05-20 23:24:00,854 [INFO]     第 1 页 12 条 共 1 页
2026-05-20 23:24:00,855 [INFO]   ✓ 2024-01-14 10:30:00 (策略A: 10点后首条) 折算价=710.5
2026-05-20 23:24:01,435 [INFO] === 2024-01-15 ===
2026-05-20 23:24:01,718 [INFO]     第 1 页 20 条 共 13 页
2026-05-20 23:24:03,908 [WARNING]     第5页第1次服务端异常或空响应提示
2026-05-20 23:24:05,470 [WARNING]     第5页第2次服务端异常或空响应提示
2026-05-20 23:24:12,805 [INFO]   ✓ 2024-01-15 10:04:56 (策略A: 10点后首条) 折算价=710.84
2026-05-20 23:24:12,807 [INFO] >>> 补抓进度: 380/731 (52.0%) <<<
2026-05-20 23:24:13,373 [INFO] === 2024-01-16 ===
2026-05-20 23:24:13,698 [INFO]     第 1 页 20 条 共 12 页
2026-05-20 23:24:19,761 [INFO]   ✓ 2024-01-16 10:01:08 (策略A: 10点后首条) 折算价=711.34
2026-05-20 23:24:20,324 [INFO] === 2024-01-17 ===
2026-05-20 23:24:20,614 [INFO]     第 1 页 20 条 共 13 页
2026-05-20 23:24:25,455 [INFO]   ✓ 2024-01-17 10:05:14 (策略A: 10点后首条) 折算价=711.68
2026-05-20 23:24:25,988 [INFO] === 2024-01-18 ===
2026-05-20 23:24:26,270 [INFO]     第 1 页 20 条 共 11 页
2026-05-20 23:24:31,153 [INFO]   ✓ 2024-01-18 10:01:59 (策略A: 10点后首条) 折算价=711.74
2026-05-20 23:24:31,959 [INFO] === 2024-01-19 ===
2026-05-20 23:24:32,249 [INFO]     第 1 页 20 条 共 11 页
2026-05-20 23:24:36,156 [WARNING]     第7页第1次服务端异常或空响应提示
2026-05-20 23:24:39,223 [INFO]   ✓ 2024-01-19 10:06:58 (策略A: 10点后首条) 折算价=711.67
2026-05-20 23:24:39,930 [INFO] === 2024-01-20 ===
2026-05-20 23:24:40,446 [INFO]     第 1 页 20 条 共 2 页
2026-05-20 23:24:40,447 [INFO]   ✓ 2024-01-20 10:30:00 (策略A: 10点后首条) 折算价=711.67
2026-05-20 23:24:41,157 [INFO] === 2024-01-21 ===
2026-05-20 23:24:41,456 [INFO]     第 1 页 12 条 共 1 页
2026-05-20 23:24:41,457 [INFO]   ✓ 2024-01-21 10:30:00 (策略A: 10点后首条) 折算价=711.67
2026-05-20 23:24:42,024 [INFO] === 2024-01-22 ===
2026-05-20 23:24:42,668 [INFO]     第 1 页 20 条 共 9 页
2026-05-20 23:24:46,625 [INFO]   ✓ 2024-01-22 10:03:47 (策略A: 10点后首条) 折算价=711.05
2026-05-20 23:24:47,268 [INFO] === 2024-01-23 ===
2026-05-20 23:24:47,762 [INFO]     第 1 页 20 条 共 18 页
2026-05-20 23:24:52,744 [WARNING]     第8页第1次服务端异常或空响应提示
2026-05-20 23:24:54,915 [WARNING]     第9页第1次服务端异常或空响应提示
2026-05-20 23:24:56,475 [WARNING]     第9页第2次服务端异常或空响应提示
2026-05-20 23:25:00,419 [WARNING]     第10页第1次服务端异常或空响应提示
2026-05-20 23:25:05,628 [INFO]   ✓ 2024-01-23 10:00:34 (策略A: 10点后首条) 折算价=711.17
2026-05-20 23:25:06,183 [INFO] === 2024-01-24 ===
2026-05-20 23:25:06,534 [INFO]     第 1 页 20 条 共 17 页
2026-05-20 23:25:08,579 [WARNING]     第5页第1次服务端异常或空响应提示
2026-05-20 23:25:17,034 [INFO]   ✓ 2024-01-24 10:02:13 (策略A: 10点后首条) 折算价=710.53
2026-05-20 23:25:17,954 [INFO] === 2024-01-25 ===
2026-05-20 23:25:18,236 [INFO]     第 1 页 20 条 共 13 页
2026-05-20 23:25:24,803 [INFO]   ✓ 2024-01-25 10:10:02 (策略A: 10点后首条) 折算价=710.44
2026-05-20 23:25:24,805 [INFO] >>> 补抓进度: 390/731 (53.4%) <<<
2026-05-20 23:25:25,603 [INFO] === 2024-01-26 ===
2026-05-20 23:25:25,887 [INFO]     第 1 页 20 条 共 11 页
2026-05-20 23:25:28,070 [WARNING]     第5页第1次服务端异常或空响应提示
2026-05-20 23:25:31,844 [INFO]   ✓ 2024-01-26 10:10:10 (策略A: 10点后首条) 折算价=710.74
2026-05-20 23:25:32,661 [INFO] === 2024-01-27 ===
2026-05-20 23:25:32,960 [INFO]     第 1 页 20 条 共 2 页
2026-05-20 23:25:32,960 [INFO]   ✓ 2024-01-27 10:30:00 (策略A: 10点后首条) 折算价=710.74
2026-05-20 23:25:33,526 [INFO] === 2024-01-28 ===
2026-05-20 23:25:33,833 [INFO]     第 1 页 12 条 共 1 页
2026-05-20 23:25:33,834 [INFO]   ✓ 2024-01-28 10:30:00 (策略A: 10点后首条) 折算价=710.74
2026-05-20 23:25:34,394 [INFO] === 2024-01-29 ===
2026-05-20 23:25:35,229 [INFO]     第 1 页 20 条 共 13 页
2026-05-20 23:25:42,555 [INFO]   ✓ 2024-01-29 10:04:29 (策略A: 10点后首条) 折算价=710.97
2026-05-20 23:25:43,431 [INFO] === 2024-01-30 ===
2026-05-20 23:25:43,720 [INFO]     第 1 页 20 条 共 11 页
2026-05-20 23:25:49,609 [INFO]   ✓ 2024-01-30 10:01:17 (策略A: 10点后首条) 折算价=710.55
2026-05-20 23:25:50,245 [INFO] === 2024-01-31 ===
2026-05-20 23:25:50,525 [INFO]     第 1 页 20 条 共 12 页
2026-05-20 23:25:55,186 [WARNING]     第8页第1次服务端异常或空响应提示
2026-05-20 23:25:57,405 [WARNING]     第9页第1次服务端异常或空响应提示
2026-05-20 23:25:59,720 [INFO]   ✓ 2024-01-31 10:02:57 (策略A: 10点后首条) 折算价=710.39
2026-05-20 23:26:00,471 [INFO] === 2024-02-01 ===
2026-05-20 23:26:00,778 [INFO]     第 1 页 20 条 共 13 页
2026-05-20 23:26:01,619 [WARNING]     第3页第1次服务端异常或空响应提示
2026-05-20 23:26:03,809 [WARNING]     第4页第1次服务端异常或空响应提示
2026-05-20 23:26:10,188 [INFO]   ✓ 2024-02-01 10:00:53 (策略A: 10点后首条) 折算价=710.49
2026-05-20 23:26:10,739 [INFO] === 2024-02-02 ===
2026-05-20 23:26:10,990 [INFO]     第 1 页 20 条 共 14 页
2026-05-20 23:26:16,101 [WARNING]     第9页第1次服务端异常或空响应提示
2026-05-20 23:26:18,298 [WARNING]     第10页第1次服务端异常或空响应提示
2026-05-20 23:26:19,948 [INFO]   ✓ 2024-02-02 10:03:28 (策略A: 10点后首条) 折算价=710.06
2026-05-20 23:26:20,556 [INFO] === 2024-02-03 ===
2026-05-20 23:26:20,849 [INFO]     第 1 页 20 条 共 2 页
2026-05-20 23:26:20,850 [INFO]   ✓ 2024-02-03 10:30:00 (策略A: 10点后首条) 折算价=710.06
2026-05-20 23:26:21,531 [INFO] === 2024-02-04 ===
2026-05-20 23:26:22,663 [INFO]     第 1 页 20 条 共 1 页
2026-05-20 23:26:22,663 [INFO]   ✓ 2024-02-04 10:30:00 (策略A: 10点后首条) 折算价=710.06
2026-05-20 23:26:22,667 [INFO] >>> 补抓进度: 400/731 (54.7%) <<<
2026-05-20 23:26:23,405 [INFO] --- 定期重置 Session (已处理 400 天) ---
2026-05-20 23:26:23,785 [INFO] === 2024-02-05 ===
2026-05-20 23:26:24,059 [INFO]     第 1 页 20 条 共 8 页
2026-05-20 23:26:24,130 [WARNING]     第2页第1次服务端异常或空响应提示
2026-05-20 23:26:28,496 [INFO]   ✓ 2024-02-05 10:03:03 (策略A: 10点后首条) 折算价=710.7
2026-05-20 23:26:29,370 [INFO] === 2024-02-06 ===
2026-05-20 23:26:29,599 [INFO]     第 1 页 20 条 共 14 页
2026-05-20 23:26:37,881 [INFO]   ✓ 2024-02-06 10:01:25 (策略A: 10点后首条) 折算价=710.82
2026-05-20 23:26:38,611 [INFO] === 2024-02-07 ===
2026-05-20 23:26:38,860 [INFO]     第 1 页 20 条 共 13 页
2026-05-20 23:26:44,999 [INFO]   ✓ 2024-02-07 10:02:16 (策略A: 10点后首条) 折算价=710.49
2026-05-20 23:26:45,664 [INFO] === 2024-02-08 ===
2026-05-20 23:26:45,874 [INFO]     第 1 页 20 条 共 11 页
2026-05-20 23:26:49,658 [WARNING]     第7页第1次服务端异常或空响应提示
2026-05-20 23:26:52,043 [INFO]   ✓ 2024-02-08 10:10:24 (策略A: 10点后首条) 折算价=710.63
2026-05-20 23:26:52,945 [INFO] === 2024-02-09 ===
2026-05-20 23:26:53,218 [INFO]     第 1 页 20 条 共 11 页
2026-05-20 23:26:53,282 [WARNING]     第2页第1次服务端异常或空响应提示
2026-05-20 23:26:57,380 [WARNING]     第5页第1次服务端异常或空响应提示
2026-05-20 23:26:58,946 [WARNING]     第5页第2次服务端异常或空响应提示
2026-05-20 23:27:02,014 [WARNING]     第5页第3次服务端异常或空响应提示
2026-05-20 23:27:06,515 [WARNING]   第5页翻页重试失败
2026-05-20 23:27:06,516 [INFO]   ✓ 2024-02-09 17:09:54 (策略A: 10点后首条) 折算价=710.36
2026-05-20 23:27:07,282 [INFO] === 2024-02-10 ===
2026-05-20 23:27:07,727 [INFO]     第 1 页 20 条 共 2 页
2026-05-20 23:27:07,727 [INFO]   ✓ 2024-02-10 10:30:00 (策略A: 10点后首条) 折算价=710.36
2026-05-20 23:27:08,552 [INFO] === 2024-02-11 ===
2026-05-20 23:27:09,538 [INFO]     第 1 页 12 条 共 1 页
2026-05-20 23:27:09,539 [INFO]   ✓ 2024-02-11 10:30:00 (策略A: 10点后首条) 折算价=710.36
2026-05-20 23:27:10,303 [INFO] === 2024-02-12 ===
2026-05-20 23:27:11,514 [INFO]     第 1 页 20 条 共 7 页
2026-05-20 23:27:14,530 [INFO]   ✓ 2024-02-12 10:30:00 (策略A: 10点后首条) 折算价=710.36
2026-05-20 23:27:15,514 [INFO] === 2024-02-13 ===
2026-05-20 23:27:17,058 [INFO]     第 1 页 20 条 共 9 页
2026-05-20 23:27:20,673 [INFO]   ✓ 2024-02-13 10:30:00 (策略A: 10点后首条) 折算价=710.36
2026-05-20 23:27:21,322 [INFO] === 2024-02-14 ===
2026-05-20 23:27:21,734 [INFO]     第 1 页 20 条 共 7 页
2026-05-20 23:27:25,286 [INFO]   ✓ 2024-02-14 10:20:02 (策略A: 10点后首条) 折算价=710.36
2026-05-20 23:27:25,288 [INFO] >>> 补抓进度: 410/731 (56.1%) <<<
2026-05-20 23:27:26,107 [INFO] === 2024-02-15 ===
2026-05-20 23:27:26,966 [INFO]     第 1 页 20 条 共 7 页
2026-05-20 23:27:29,243 [INFO]   ✓ 2024-02-15 10:30:00 (策略A: 10点后首条) 折算价=710.36
2026-05-20 23:27:29,850 [INFO] === 2024-02-16 ===
2026-05-20 23:27:30,314 [INFO]     第 1 页 20 条 共 8 页
2026-05-20 23:27:33,397 [INFO]   ✓ 2024-02-16 10:12:23 (策略A: 10点后首条) 折算价=710.36
2026-05-20 23:27:34,048 [INFO] === 2024-02-17 ===
2026-05-20 23:27:34,470 [INFO]     第 1 页 14 条 共 1 页
2026-05-20 23:27:34,471 [INFO]   ✓ 2024-02-17 10:30:00 (策略A: 10点后首条) 折算价=710.36
2026-05-20 23:27:35,127 [INFO] === 2024-02-18 ===
2026-05-20 23:27:35,554 [INFO]     第 1 页 18 条 共 1 页
2026-05-20 23:27:35,554 [INFO]   ✓ 2024-02-18 10:30:00 (策略A: 10点后首条) 折算价=710.36
2026-05-20 23:27:36,277 [INFO] === 2024-02-19 ===
2026-05-20 23:27:36,666 [INFO]     第 1 页 20 条 共 7 页
2026-05-20 23:27:38,830 [INFO]   ✓ 2024-02-19 10:01:52 (策略A: 10点后首条) 折算价=710.32
2026-05-20 23:27:39,591 [INFO] === 2024-02-20 ===
2026-05-20 23:27:39,858 [INFO]     第 1 页 20 条 共 11 页
2026-05-20 23:27:45,900 [INFO]   ✓ 2024-02-20 10:10:01 (策略A: 10点后首条) 折算价=710.68
2026-05-20 23:27:46,891 [INFO] === 2024-02-21 ===
2026-05-20 23:27:47,699 [INFO]     第 1 页 20 条 共 16 页
2026-05-20 23:27:57,110 [INFO]   ✓ 2024-02-21 10:03:45 (策略A: 10点后首条) 折算价=710.3
2026-05-20 23:27:57,886 [INFO] === 2024-02-22 ===
2026-05-20 23:27:58,345 [INFO]     第 1 页 20 条 共 15 页
2026-05-20 23:28:05,181 [WARNING]     第11页第1次服务端异常或空响应提示
2026-05-20 23:28:06,740 [WARNING]     第11页第2次服务端异常或空响应提示
2026-05-20 23:28:11,704 [INFO]   ✓ 2024-02-22 10:03:33 (策略A: 10点后首条) 折算价=710.18
2026-05-20 23:28:12,451 [INFO] === 2024-02-23 ===
2026-05-20 23:28:12,709 [INFO]     第 1 页 20 条 共 9 页
2026-05-20 23:28:16,564 [INFO]   ✓ 2024-02-23 10:00:24 (策略A: 10点后首条) 折算价=710.64
2026-05-20 23:28:17,342 [INFO] === 2024-02-24 ===
2026-05-20 23:28:17,746 [INFO]     第 1 页 20 条 共 2 页
2026-05-20 23:28:17,746 [INFO]   ✓ 2024-02-24 10:30:00 (策略A: 10点后首条) 折算价=710.64
2026-05-20 23:28:17,748 [INFO] >>> 补抓进度: 420/731 (57.5%) <<<
2026-05-20 23:28:18,653 [INFO] === 2024-02-25 ===
2026-05-20 23:28:18,930 [INFO]     第 1 页 12 条 共 1 页
2026-05-20 23:28:18,931 [INFO]   ✓ 2024-02-25 10:30:00 (策略A: 10点后首条) 折算价=710.64
2026-05-20 23:28:19,544 [INFO] === 2024-02-26 ===
2026-05-20 23:28:19,950 [INFO]     第 1 页 20 条 共 8 页
2026-05-20 23:28:23,646 [INFO]   ✓ 2024-02-26 10:05:33 (策略A: 10点后首条) 折算价=710.8
2026-05-20 23:28:24,212 [INFO] === 2024-02-27 ===
2026-05-20 23:28:24,606 [INFO]     第 1 页 20 条 共 9 页
2026-05-20 23:28:28,833 [INFO]   ✓ 2024-02-27 10:10:12 (策略A: 10点后首条) 折算价=710.57
2026-05-20 23:28:29,743 [INFO] === 2024-02-28 ===
2026-05-20 23:28:30,128 [INFO]     第 1 页 20 条 共 7 页
2026-05-20 23:28:32,557 [INFO]   ✓ 2024-02-28 10:10:21 (策略A: 10点后首条) 折算价=710.75
2026-05-20 23:28:33,075 [INFO] === 2024-02-29 ===
2026-05-20 23:28:33,767 [INFO]     第 1 页 20 条 共 12 页
2026-05-20 23:28:39,857 [INFO]   ✓ 2024-02-29 10:00:42 (策略A: 10点后首条) 折算价=710.36
2026-05-20 23:28:40,486 [INFO] === 2024-03-01 ===
2026-05-20 23:28:40,721 [INFO]     第 1 页 20 条 共 8 页
2026-05-20 23:28:42,719 [WARNING]     第5页第1次服务端异常或空响应提示
2026-05-20 23:28:44,353 [INFO]   ✓ 2024-03-01 10:02:35 (策略A: 10点后首条) 折算价=710.59
2026-05-20 23:28:45,336 [INFO] === 2024-03-02 ===
2026-05-20 23:28:45,717 [INFO]     第 1 页 20 条 共 2 页
2026-05-20 23:28:45,718 [INFO]   ✓ 2024-03-02 10:30:00 (策略A: 10点后首条) 折算价=710.59
2026-05-20 23:28:46,507 [INFO] === 2024-03-03 ===
2026-05-20 23:28:47,292 [INFO]     第 1 页 12 条 共 1 页
2026-05-20 23:28:47,292 [INFO]   ✓ 2024-03-03 10:30:00 (策略A: 10点后首条) 折算价=710.59
2026-05-20 23:28:48,180 [INFO] === 2024-03-04 ===
2026-05-20 23:28:50,185 [INFO]     第 1 页 20 条 共 8 页
2026-05-20 23:28:53,380 [INFO]   ✓ 2024-03-04 10:02:40 (策略A: 10点后首条) 折算价=710.2
2026-05-20 23:28:54,304 [INFO] === 2024-03-05 ===
2026-05-20 23:28:54,693 [INFO]     第 1 页 20 条 共 10 页
2026-05-20 23:28:54,753 [WARNING]     第2页第1次服务端异常或空响应提示
2026-05-20 23:28:56,935 [WARNING]     第3页第1次服务端异常或空响应提示
2026-05-20 23:28:59,685 [WARNING]     第5页第1次服务端异常或空响应提示
2026-05-20 23:29:02,893 [WARNING]     第7页第1次服务端异常或空响应提示
2026-05-20 23:29:04,584 [INFO]   ✓ 2024-03-05 10:08:34 (策略A: 10点后首条) 折算价=710.27
2026-05-20 23:29:04,586 [INFO] >>> 补抓进度: 430/731 (58.8%) <<<
2026-05-20 23:29:05,183 [INFO] === 2024-03-06 ===
2026-05-20 23:29:05,560 [INFO]     第 1 页 20 条 共 9 页
2026-05-20 23:29:07,283 [WARNING]     第5页第1次服务端异常或空响应提示
2026-05-20 23:29:08,847 [WARNING]     第5页第2次服务端异常或空响应提示
2026-05-20 23:29:12,760 [INFO]   ✓ 2024-03-06 10:04:04 (策略A: 10点后首条) 折算价=710.16
2026-05-20 23:29:13,359 [INFO] === 2024-03-07 ===
2026-05-20 23:29:13,734 [INFO]     第 1 页 20 条 共 11 页
2026-05-20 23:29:18,331 [INFO]   ✓ 2024-03-07 10:09:17 (策略A: 10点后首条) 折算价=710.02
2026-05-20 23:29:19,210 [INFO] === 2024-03-08 ===
2026-05-20 23:29:20,078 [INFO]     第 1 页 20 条 共 15 页
2026-05-20 23:29:27,870 [INFO]   ✓ 2024-03-08 10:02:15 (策略A: 10点后首条) 折算价=709.78
2026-05-20 23:29:28,863 [INFO] === 2024-03-09 ===
2026-05-20 23:29:29,878 [INFO]     第 1 页 20 条 共 2 页
2026-05-20 23:29:29,878 [INFO]   ✓ 2024-03-09 10:30:00 (策略A: 10点后首条) 折算价=709.78
2026-05-20 23:29:30,666 [INFO] === 2024-03-10 ===
2026-05-20 23:29:31,050 [INFO]     第 1 页 12 条 共 1 页
2026-05-20 23:29:31,050 [INFO]   ✓ 2024-03-10 10:30:00 (策略A: 10点后首条) 折算价=709.78
2026-05-20 23:29:31,762 [INFO] === 2024-03-11 ===
2026-05-20 23:29:32,131 [INFO]     第 1 页 20 条 共 13 页
2026-05-20 23:29:39,022 [INFO]   ✓ 2024-03-11 10:00:50 (策略A: 10点后首条) 折算价=709.69
2026-05-20 23:29:39,852 [INFO] === 2024-03-12 ===
2026-05-20 23:29:40,390 [INFO]     第 1 页 20 条 共 14 页
2026-05-20 23:29:44,962 [WARNING]     第8页第1次服务端异常或空响应提示
2026-05-20 23:29:48,741 [INFO]   ✓ 2024-03-12 10:02:31 (策略A: 10点后首条) 折算价=709.63
2026-05-20 23:29:49,701 [INFO] === 2024-03-13 ===
2026-05-20 23:29:49,986 [INFO]     第 1 页 20 条 共 10 页
2026-05-20 23:29:50,814 [WARNING]     第3页第1次服务端异常或空响应提示
2026-05-20 23:29:54,599 [WARNING]     第6页第1次服务端异常或空响应提示
2026-05-20 23:29:57,814 [INFO]   ✓ 2024-03-13 10:06:51 (策略A: 10点后首条) 折算价=709.3
2026-05-20 23:29:58,500 [INFO] === 2024-03-14 ===
2026-05-20 23:29:59,204 [INFO]     第 1 页 20 条 共 12 页
2026-05-20 23:30:04,679 [INFO]   ✓ 2024-03-14 10:00:19 (策略A: 10点后首条) 折算价=709.74
2026-05-20 23:30:05,234 [INFO] === 2024-03-15 ===
2026-05-20 23:30:05,517 [INFO]     第 1 页 20 条 共 8 页
2026-05-20 23:30:08,106 [WARNING]     第6页第1次服务端异常或空响应提示
2026-05-20 23:30:09,762 [INFO]   ✓ 2024-03-15 10:00:22 (策略A: 10点后首条) 折算价=709.75
2026-05-20 23:30:09,765 [INFO] >>> 补抓进度: 440/731 (60.2%) <<<
2026-05-20 23:30:10,740 [INFO] === 2024-03-16 ===
2026-05-20 23:30:11,021 [INFO]     第 1 页 20 条 共 2 页
2026-05-20 23:30:11,021 [INFO]   ✓ 2024-03-16 10:30:00 (策略A: 10点后首条) 折算价=709.75
2026-05-20 23:30:11,859 [INFO] === 2024-03-17 ===
2026-05-20 23:30:12,156 [INFO]     第 1 页 12 条 共 1 页
2026-05-20 23:30:12,156 [INFO]   ✓ 2024-03-17 10:30:00 (策略A: 10点后首条) 折算价=709.75
2026-05-20 23:30:13,086 [INFO] === 2024-03-18 ===
2026-05-20 23:30:13,485 [INFO]     第 1 页 20 条 共 5 页
2026-05-20 23:30:13,545 [WARNING]     第2页第1次服务端异常或空响应提示
2026-05-20 23:30:16,658 [INFO]   ✓ 2024-03-18 10:00:36 (策略A: 10点后首条) 折算价=709.43
2026-05-20 23:30:17,582 [INFO] === 2024-03-19 ===
2026-05-20 23:30:17,893 [INFO]     第 1 页 20 条 共 8 页
2026-05-20 23:30:21,015 [INFO]   ✓ 2024-03-19 10:00:48 (策略A: 10点后首条) 折算价=709.85
2026-05-20 23:30:21,793 [INFO] === 2024-03-20 ===
2026-05-20 23:30:21,994 [INFO]     第 1 页 20 条 共 6 页
2026-05-20 23:30:23,372 [INFO]   ✓ 2024-03-20 10:10:01 (策略A: 10点后首条) 折算价=709.68
2026-05-20 23:30:24,267 [INFO] === 2024-03-21 ===
2026-05-20 23:30:24,574 [INFO]     第 1 页 20 条 共 9 页
2026-05-20 23:30:27,162 [INFO]   ✓ 2024-03-21 10:10:09 (策略A: 10点后首条) 折算价=709.42
2026-05-20 23:30:27,747 [INFO] === 2024-03-22 ===
2026-05-20 23:30:28,065 [INFO]     第 1 页 20 条 共 17 页
2026-05-20 23:30:35,515 [WARNING]     第11页第1次服务端异常或空响应提示
2026-05-20 23:30:38,890 [INFO]   ✓ 2024-03-22 10:01:19 (策略A: 10点后首条) 折算价=710.04
2026-05-20 23:30:39,693 [INFO] === 2024-03-23 ===
2026-05-20 23:30:40,214 [INFO]     第 1 页 20 条 共 2 页
2026-05-20 23:30:40,214 [INFO]   ✓ 2024-03-23 10:30:00 (策略A: 10点后首条) 折算价=710.04
2026-05-20 23:30:40,879 [INFO] === 2024-03-24 ===
2026-05-20 23:30:41,166 [INFO]     第 1 页 12 条 共 1 页
2026-05-20 23:30:41,166 [INFO]   ✓ 2024-03-24 10:30:00 (策略A: 10点后首条) 折算价=710.04
2026-05-20 23:30:42,038 [INFO] === 2024-03-25 ===
2026-05-20 23:30:42,366 [INFO]     第 1 页 20 条 共 13 页
2026-05-20 23:30:48,611 [INFO]   ✓ 2024-03-25 10:00:15 (策略A: 10点后首条) 折算价=709.96
2026-05-20 23:30:48,613 [INFO] >>> 补抓进度: 450/731 (61.6%) <<<
2026-05-20 23:30:49,351 [INFO] --- 定期重置 Session (已处理 450 天) ---
2026-05-20 23:30:49,530 [INFO] === 2024-03-26 ===
2026-05-20 23:30:49,722 [INFO]     第 1 页 20 条 共 11 页
2026-05-20 23:30:53,977 [INFO]   ✓ 2024-03-26 10:06:55 (策略A: 10点后首条) 折算价=709.43
2026-05-20 23:30:54,598 [INFO] === 2024-03-27 ===
2026-05-20 23:30:54,850 [INFO]     第 1 页 20 条 共 10 页
2026-05-20 23:30:58,727 [INFO]   ✓ 2024-03-27 10:00:36 (策略A: 10点后首条) 折算价=709.46
2026-05-20 23:30:59,264 [INFO] === 2024-03-28 ===
2026-05-20 23:30:59,668 [INFO]     第 1 页 20 条 共 13 页
2026-05-20 23:31:05,735 [INFO]   ✓ 2024-03-28 10:01:35 (策略A: 10点后首条) 折算价=709.48
2026-05-20 23:31:06,298 [INFO] === 2024-03-29 ===
2026-05-20 23:31:07,044 [INFO]     第 1 页 20 条 共 11 页
2026-05-20 23:31:07,843 [WARNING]     第3页第1次服务端异常或空响应提示
2026-05-20 23:31:11,977 [WARNING]     第6页第1次服务端异常或空响应提示
2026-05-20 23:31:13,513 [WARNING]     第6页第2次服务端异常或空响应提示
2026-05-20 23:31:17,418 [WARNING]     第7页第1次服务端异常或空响应提示
2026-05-20 23:31:20,259 [WARNING]     第9页第1次服务端异常或空响应提示
2026-05-20 23:31:21,796 [WARNING]     第9页第2次服务端异常或空响应提示
2026-05-20 23:31:24,834 [WARNING]     第9页第3次服务端异常或空响应提示
2026-05-20 23:31:29,335 [WARNING]   第9页翻页重试失败
2026-05-20 23:31:29,336 [INFO]   ✓ 2024-03-29 10:25:20 (策略A: 10点后首条) 折算价=709.5
2026-05-20 23:31:30,316 [INFO] === 2024-03-30 ===
2026-05-20 23:31:31,145 [INFO]     第 1 页 18 条 共 1 页
2026-05-20 23:31:31,146 [INFO]   ✓ 2024-03-30 10:30:00 (策略A: 10点后首条) 折算价=709.5
2026-05-20 23:31:31,930 [INFO] === 2024-03-31 ===
2026-05-20 23:31:32,179 [INFO]     第 1 页 12 条 共 1 页
2026-05-20 23:31:32,179 [INFO]   ✓ 2024-03-31 10:30:00 (策略A: 10点后首条) 折算价=709.5
2026-05-20 23:31:32,702 [INFO] === 2024-04-01 ===
2026-05-20 23:31:33,230 [INFO]     第 1 页 20 条 共 7 页
2026-05-20 23:31:33,267 [WARNING]     第2页第1次服务端异常或空响应提示
2026-05-20 23:31:36,134 [WARNING]     第4页第1次服务端异常或空响应提示
2026-05-20 23:31:38,453 [WARNING]     第5页第1次服务端异常或空响应提示
2026-05-20 23:31:39,989 [WARNING]     第5页第2次服务端异常或空响应提示
2026-05-20 23:31:43,026 [WARNING]     第5页第3次服务端异常或空响应提示
2026-05-20 23:31:47,527 [WARNING]   第5页翻页重试失败
2026-05-20 23:31:47,528 [INFO]   ✓ 2024-04-01 15:15:57 (策略A: 10点后首条) 折算价=709.38
2026-05-20 23:31:48,091 [INFO] === 2024-04-02 ===
2026-05-20 23:31:48,648 [INFO]     第 1 页 20 条 共 8 页
2026-05-20 23:31:48,686 [WARNING]     第2页第1次服务端异常或空响应提示
2026-05-20 23:31:50,221 [WARNING]     第2页第2次服务端异常或空响应提示
2026-05-20 23:31:56,327 [INFO]   ✓ 2024-04-02 10:01:26 (策略A: 10点后首条) 折算价=709.57
2026-05-20 23:31:56,865 [INFO] === 2024-04-03 ===
2026-05-20 23:31:57,110 [INFO]     第 1 页 20 条 共 7 页
2026-05-20 23:31:59,016 [INFO]   ✓ 2024-04-03 10:10:25 (策略A: 10点后首条) 折算价=709.49
2026-05-20 23:31:59,726 [INFO] === 2024-04-04 ===
2026-05-20 23:32:00,184 [INFO]     第 1 页 20 条 共 4 页
2026-05-20 23:32:00,290 [INFO]   ✓ 2024-04-04 10:30:00 (策略A: 10点后首条) 折算价=709.49
2026-05-20 23:32:00,292 [INFO] >>> 补抓进度: 460/731 (62.9%) <<<
2026-05-20 23:32:00,834 [INFO] === 2024-04-05 ===
2026-05-20 23:32:01,089 [INFO]     第 1 页 20 条 共 3 页
2026-05-20 23:32:01,888 [INFO]   ✓ 2024-04-05 10:00:47 (策略A: 10点后首条) 折算价=709.49
2026-05-20 23:32:02,408 [INFO] === 2024-04-06 ===
2026-05-20 23:32:03,042 [INFO]     第 1 页 7 条 共 1 页
2026-05-20 23:32:03,043 [INFO]   ✓ 2024-04-06 10:30:00 (策略A: 10点后首条) 折算价=709.49
2026-05-20 23:32:03,862 [INFO] === 2024-04-07 ===
2026-05-20 23:32:04,089 [INFO]     第 1 页 9 条 共 1 页
2026-05-20 23:32:04,089 [INFO]   ✓ 2024-04-07 10:30:00 (策略A: 10点后首条) 折算价=709.49
2026-05-20 23:32:05,058 [INFO] === 2024-04-08 ===
2026-05-20 23:32:05,351 [INFO]     第 1 页 20 条 共 4 页
2026-05-20 23:32:06,308 [INFO]   ✓ 2024-04-08 10:10:21 (策略A: 10点后首条) 折算价=709.47
2026-05-20 23:32:06,894 [INFO] === 2024-04-09 ===
2026-05-20 23:32:07,203 [INFO]     第 1 页 20 条 共 4 页
2026-05-20 23:32:08,662 [INFO]   ✓ 2024-04-09 10:00:27 (策略A: 10点后首条) 折算价=709.56
2026-05-20 23:32:09,221 [INFO] === 2024-04-10 ===
2026-05-20 23:32:09,438 [INFO]     第 1 页 20 条 共 4 页
2026-05-20 23:32:10,273 [INFO]   ✓ 2024-04-10 10:00:37 (策略A: 10点后首条) 折算价=709.59
2026-05-20 23:32:11,047 [INFO] === 2024-04-11 ===
2026-05-20 23:32:11,408 [INFO]     第 1 页 20 条 共 4 页
2026-05-20 23:32:12,089 [WARNING]     第3页第1次服务端异常或空响应提示
2026-05-20 23:32:13,627 [WARNING]     第3页第2次服务端异常或空响应提示
2026-05-20 23:32:16,665 [WARNING]     第3页第3次服务端异常或空响应提示
2026-05-20 23:32:21,166 [WARNING]   第3页翻页重试失败
2026-05-20 23:32:21,167 [INFO]   ✓ 2024-04-11 10:30:00 (策略A: 10点后首条) 折算价=709.68
2026-05-20 23:32:21,825 [INFO] === 2024-04-12 ===
2026-05-20 23:32:22,047 [INFO]     第 1 页 20 条 共 5 页
2026-05-20 23:32:22,085 [WARNING]     第2页第1次服务端异常或空响应提示
2026-05-20 23:32:24,480 [WARNING]     第3页第1次服务端异常或空响应提示
2026-05-20 23:32:26,708 [INFO]   ✓ 2024-04-12 10:00:45 (策略A: 10点后首条) 折算价=709.67
2026-05-20 23:32:27,423 [INFO] === 2024-04-13 ===
2026-05-20 23:32:28,068 [INFO]     第 1 页 19 条 共 1 页
2026-05-20 23:32:28,069 [INFO]   ✓ 2024-04-13 10:30:00 (策略A: 10点后首条) 折算价=709.67
2026-05-20 23:32:28,730 [INFO] === 2024-04-14 ===
2026-05-20 23:32:29,355 [INFO]     第 1 页 6 条 共 1 页
2026-05-20 23:32:29,356 [INFO]   ✓ 2024-04-14 10:30:00 (策略A: 10点后首条) 折算价=709.67
2026-05-20 23:32:29,357 [INFO] >>> 补抓进度: 470/731 (64.3%) <<<
2026-05-20 23:32:30,203 [INFO] === 2024-04-15 ===
2026-05-20 23:32:30,730 [INFO]     第 1 页 20 条 共 5 页
2026-05-20 23:32:31,555 [WARNING]     第3页第1次服务端异常或空响应提示
2026-05-20 23:32:33,749 [WARNING]     第4页第1次服务端异常或空响应提示
2026-05-20 23:32:35,284 [WARNING]     第4页第2次服务端异常或空响应提示
2026-05-20 23:32:38,322 [WARNING]     第4页第3次服务端异常或空响应提示
2026-05-20 23:32:42,822 [WARNING]   第4页翻页重试失败
2026-05-20 23:32:42,823 [INFO]   ✓ 2024-04-15 10:30:00 (策略A: 10点后首条) 折算价=709.79
2026-05-20 23:32:43,672 [INFO] === 2024-04-16 ===
2026-05-20 23:32:44,885 [INFO]     第 1 页 20 条 共 6 页
2026-05-20 23:32:45,799 [WARNING]     第3页第1次服务端异常或空响应提示
2026-05-20 23:32:47,334 [WARNING]     第3页第2次服务端异常或空响应提示
2026-05-20 23:32:50,372 [WARNING]     第3页第3次服务端异常或空响应提示
2026-05-20 23:32:54,873 [WARNING]   第3页翻页重试失败
2026-05-20 23:32:54,874 [INFO]   ✓ 2024-04-16 19:25:28 (策略A: 10点后首条) 折算价=710.28
2026-05-20 23:32:55,452 [INFO] === 2024-04-17 ===
2026-05-20 23:32:55,901 [INFO]     第 1 页 20 条 共 6 页
2026-05-20 23:32:58,185 [INFO]   ✓ 2024-04-17 10:06:08 (策略A: 10点后首条) 折算价=710.25
2026-05-20 23:32:59,153 [INFO] === 2024-04-18 ===
2026-05-20 23:32:59,416 [INFO]     第 1 页 20 条 共 5 页
2026-05-20 23:33:00,154 [WARNING]     第3页第1次服务端异常或空响应提示
2026-05-20 23:33:02,661 [INFO]   ✓ 2024-04-18 10:00:08 (策略A: 10点后首条) 折算价=710.2
2026-05-20 23:33:03,630 [INFO] === 2024-04-19 ===
2026-05-20 23:33:03,878 [INFO]     第 1 页 20 条 共 7 页
2026-05-20 23:33:06,571 [INFO]   ✓ 2024-04-19 10:00:44 (策略A: 10点后首条) 折算价=710.46
2026-05-20 23:33:07,572 [INFO] === 2024-04-20 ===
2026-05-20 23:33:07,923 [INFO]     第 1 页 17 条 共 1 页
2026-05-20 23:33:07,924 [INFO]   ✓ 2024-04-20 10:30:00 (策略A: 10点后首条) 折算价=710.46
2026-05-20 23:33:08,824 [INFO] === 2024-04-21 ===
2026-05-20 23:33:09,200 [INFO]     第 1 页 6 条 共 1 页
2026-05-20 23:33:09,201 [INFO]   ✓ 2024-04-21 10:30:00 (策略A: 10点后首条) 折算价=710.46
2026-05-20 23:33:10,021 [INFO] === 2024-04-22 ===
2026-05-20 23:33:10,520 [INFO]     第 1 页 20 条 共 4 页
2026-05-20 23:33:11,563 [INFO]   ✓ 2024-04-22 10:02:42 (策略A: 10点后首条) 折算价=710.43
2026-05-20 23:33:12,312 [INFO] === 2024-04-23 ===
2026-05-20 23:33:12,566 [INFO]     第 1 页 20 条 共 5 页
2026-05-20 23:33:13,730 [INFO]   ✓ 2024-04-23 10:02:32 (策略A: 10点后首条) 折算价=710.59
2026-05-20 23:33:14,516 [INFO] === 2024-04-24 ===
2026-05-20 23:33:14,749 [INFO]     第 1 页 20 条 共 3 页
2026-05-20 23:33:15,586 [INFO]   ✓ 2024-04-24 10:00:21 (策略A: 10点后首条) 折算价=710.48
2026-05-20 23:33:15,588 [INFO] >>> 补抓进度: 480/731 (65.7%) <<<
2026-05-20 23:33:16,220 [INFO] === 2024-04-25 ===
2026-05-20 23:33:16,480 [INFO]     第 1 页 20 条 共 5 页
2026-05-20 23:33:18,149 [INFO]   ✓ 2024-04-25 10:10:05 (策略A: 10点后首条) 折算价=710.58
2026-05-20 23:33:18,858 [INFO] === 2024-04-26 ===
2026-05-20 23:33:19,117 [INFO]     第 1 页 20 条 共 6 页
2026-05-20 23:33:20,808 [WARNING]     第4页第1次服务端异常或空响应提示
2026-05-20 23:33:23,118 [WARNING]     第5页第1次服务端异常或空响应提示
2026-05-20 23:33:24,657 [WARNING]     第5页第2次服务端异常或空响应提示
2026-05-20 23:33:27,693 [WARNING]     第5页第3次服务端异常或空响应提示
2026-05-20 23:33:32,194 [WARNING]   第5页翻页重试失败
2026-05-20 23:33:32,196 [INFO]   ✓ 2024-04-26 10:27:28 (策略A: 10点后首条) 折算价=710.56
2026-05-20 23:33:32,770 [INFO] === 2024-04-27 ===
2026-05-20 23:33:33,169 [INFO]     第 1 页 17 条 共 1 页
2026-05-20 23:33:33,170 [INFO]   ✓ 2024-04-27 10:30:00 (策略A: 10点后首条) 折算价=710.56
2026-05-20 23:33:33,841 [INFO] === 2024-04-28 ===
2026-05-20 23:33:34,914 [INFO]     第 1 页 8 条 共 1 页
2026-05-20 23:33:34,915 [INFO]   ✓ 2024-04-28 10:30:00 (策略A: 10点后首条) 折算价=710.56
2026-05-20 23:33:35,865 [INFO] === 2024-04-29 ===
2026-05-20 23:33:36,431 [INFO]     第 1 页 20 条 共 10 页
2026-05-20 23:33:36,467 [WARNING]     第2页第1次服务端异常或空响应提示
2026-05-20 23:33:38,602 [WARNING]     第3页第1次服务端异常或空响应提示
2026-05-20 23:33:40,138 [WARNING]     第3页第2次服务端异常或空响应提示
2026-05-20 23:33:43,174 [WARNING]     第3页第3次服务端异常或空响应提示
2026-05-20 23:33:47,675 [WARNING]   第3页翻页重试失败
2026-05-20 23:33:47,676 [INFO]   ✓ 2024-04-29 19:14:44 (策略A: 10点后首条) 折算价=710.66
2026-05-20 23:33:48,187 [INFO] === 2024-04-30 ===
2026-05-20 23:33:49,086 [INFO]     第 1 页 20 条 共 6 页
2026-05-20 23:33:49,121 [WARNING]     第2页第1次服务端异常或空响应提示
2026-05-20 23:33:50,656 [WARNING]     第2页第2次服务端异常或空响应提示
2026-05-20 23:33:53,691 [WARNING]     第2页第3次服务端异常或空响应提示
2026-05-20 23:33:58,192 [WARNING]   第2页翻页重试失败
2026-05-20 23:33:58,192 [INFO]   ✓ 2024-04-30 20:30:11 (策略A: 10点后首条) 折算价=710.63
2026-05-20 23:33:59,058 [INFO] === 2024-05-01 ===
2026-05-20 23:33:59,317 [INFO]     第 1 页 20 条 共 3 页
2026-05-20 23:33:59,442 [INFO]   ✓ 2024-05-01 10:30:00 (策略A: 10点后首条) 折算价=710.63
2026-05-20 23:34:00,325 [INFO] === 2024-05-02 ===
2026-05-20 23:34:00,742 [INFO]     第 1 页 20 条 共 5 页
2026-05-20 23:34:02,400 [INFO]   ✓ 2024-05-02 10:11:01 (策略A: 10点后首条) 折算价=710.63
2026-05-20 23:34:03,353 [INFO] === 2024-05-03 ===
2026-05-20 23:34:03,777 [INFO]     第 1 页 20 条 共 5 页
2026-05-20 23:34:05,662 [INFO]   ✓ 2024-05-03 10:01:59 (策略A: 10点后首条) 折算价=710.63
2026-05-20 23:34:06,321 [INFO] === 2024-05-04 ===
2026-05-20 23:34:06,614 [INFO]     第 1 页 7 条 共 1 页
2026-05-20 23:34:06,614 [INFO]   ✓ 2024-05-04 10:30:00 (策略A: 10点后首条) 折算价=710.63
2026-05-20 23:34:06,616 [INFO] >>> 补抓进度: 490/731 (67.0%) <<<
2026-05-20 23:34:07,123 [INFO] === 2024-05-05 ===
2026-05-20 23:34:07,361 [INFO]     第 1 页 6 条 共 1 页
2026-05-20 23:34:07,362 [INFO]   ✓ 2024-05-05 10:30:00 (策略A: 10点后首条) 折算价=710.63
2026-05-20 23:34:08,087 [INFO] === 2024-05-06 ===
2026-05-20 23:34:08,318 [INFO]     第 1 页 20 条 共 7 页
2026-05-20 23:34:11,641 [INFO]   ✓ 2024-05-06 10:03:24 (策略A: 10点后首条) 折算价=709.94
2026-05-20 23:34:12,515 [INFO] === 2024-05-07 ===
2026-05-20 23:34:12,798 [INFO]     第 1 页 20 条 共 7 页
2026-05-20 23:34:12,833 [WARNING]     第2页第1次服务端异常或空响应提示
2026-05-20 23:34:15,976 [WARNING]     第4页第1次服务端异常或空响应提示
2026-05-20 23:34:18,039 [WARNING]     第5页第1次服务端异常或空响应提示
2026-05-20 23:34:19,577 [WARNING]     第5页第2次服务端异常或空响应提示
2026-05-20 23:34:22,611 [WARNING]     第5页第3次服务端异常或空响应提示
2026-05-20 23:34:27,111 [WARNING]   第5页翻页重试失败
2026-05-20 23:34:27,112 [INFO]   ✓ 2024-05-07 11:27:41 (策略A: 10点后首条) 折算价=710.02
2026-05-20 23:34:27,729 [INFO] === 2024-05-08 ===
2026-05-20 23:34:28,781 [INFO]     第 1 页 20 条 共 5 页
2026-05-20 23:34:30,661 [INFO]   ✓ 2024-05-08 10:10:11 (策略A: 10点后首条) 折算价=710.16
2026-05-20 23:34:31,414 [INFO] === 2024-05-09 ===
2026-05-20 23:34:31,800 [INFO]     第 1 页 20 条 共 6 页
2026-05-20 23:34:31,834 [WARNING]     第2页第1次服务端异常或空响应提示
2026-05-20 23:34:34,123 [WARNING]     第3页第1次服务端异常或空响应提示
2026-05-20 23:34:37,246 [INFO]   ✓ 2024-05-09 10:10:00 (策略A: 10点后首条) 折算价=710.28
2026-05-20 23:34:38,222 [INFO] === 2024-05-10 ===
2026-05-20 23:34:38,617 [INFO]     第 1 页 20 条 共 5 页
2026-05-20 23:34:40,216 [WARNING]     第4页第1次服务端异常或空响应提示
2026-05-20 23:34:41,755 [WARNING]     第4页第2次服务端异常或空响应提示
2026-05-20 23:34:44,879 [INFO]   ✓ 2024-05-10 10:01:41 (策略A: 10点后首条) 折算价=710.11
2026-05-20 23:34:45,677 [INFO] === 2024-05-11 ===
2026-05-20 23:34:46,410 [INFO]     第 1 页 17 条 共 1 页
2026-05-20 23:34:46,410 [INFO]   ✓ 2024-05-11 10:30:00 (策略A: 10点后首条) 折算价=710.11
2026-05-20 23:34:47,266 [INFO] === 2024-05-12 ===
2026-05-20 23:34:48,268 [INFO]     第 1 页 6 条 共 1 页
2026-05-20 23:34:48,269 [INFO]   ✓ 2024-05-12 10:30:00 (策略A: 10点后首条) 折算价=710.11
2026-05-20 23:34:48,848 [INFO] === 2024-05-13 ===
2026-05-20 23:34:49,624 [INFO]     第 1 页 20 条 共 7 页
2026-05-20 23:34:49,689 [WARNING]     第2页第1次服务端异常或空响应提示
2026-05-20 23:34:52,011 [WARNING]     第3页第1次服务端异常或空响应提示
2026-05-20 23:34:54,187 [WARNING]     第4页第1次服务端异常或空响应提示
2026-05-20 23:34:55,721 [WARNING]     第4页第2次服务端异常或空响应提示
2026-05-20 23:34:58,755 [WARNING]     第4页第3次服务端异常或空响应提示
2026-05-20 23:35:03,256 [WARNING]   第4页翻页重试失败
2026-05-20 23:35:03,257 [INFO]   ✓ 2024-05-13 15:13:55 (策略A: 10点后首条) 折算价=710.3
2026-05-20 23:35:04,031 [INFO] === 2024-05-14 ===
2026-05-20 23:35:04,278 [INFO]     第 1 页 20 条 共 8 页
2026-05-20 23:35:07,262 [INFO]   ✓ 2024-05-14 10:04:26 (策略A: 10点后首条) 折算价=710.53
2026-05-20 23:35:07,264 [INFO] >>> 补抓进度: 500/731 (68.4%) <<<
2026-05-20 23:35:07,986 [INFO] --- 定期重置 Session (已处理 500 天) ---
2026-05-20 23:35:08,330 [INFO] === 2024-05-15 ===
2026-05-20 23:35:08,539 [INFO]     第 1 页 20 条 共 10 页
2026-05-20 23:35:13,209 [INFO]   ✓ 2024-05-15 10:02:06 (策略A: 10点后首条) 折算价=710.49
2026-05-20 23:35:14,032 [INFO] === 2024-05-16 ===
2026-05-20 23:35:14,336 [INFO]     第 1 页 20 条 共 9 页
2026-05-20 23:35:17,506 [INFO]   ✓ 2024-05-16 10:02:02 (策略A: 10点后首条) 折算价=710.2
2026-05-20 23:35:18,131 [INFO] === 2024-05-17 ===
2026-05-20 23:35:18,590 [INFO]     第 1 页 20 条 共 8 页
2026-05-20 23:35:22,596 [INFO]   ✓ 2024-05-17 10:02:00 (策略A: 10点后首条) 折算价=710.45
2026-05-20 23:35:23,177 [INFO] === 2024-05-18 ===
2026-05-20 23:35:23,473 [INFO]     第 1 页 16 条 共 1 页
2026-05-20 23:35:23,473 [INFO]   ✓ 2024-05-18 10:30:00 (策略A: 10点后首条) 折算价=710.45
2026-05-20 23:35:24,471 [INFO] === 2024-05-19 ===
2026-05-20 23:35:25,623 [INFO]     第 1 页 6 条 共 1 页
2026-05-20 23:35:25,623 [INFO]   ✓ 2024-05-19 10:30:00 (策略A: 10点后首条) 折算价=710.45
2026-05-20 23:35:26,529 [INFO] === 2024-05-20 ===
2026-05-20 23:35:26,805 [INFO]     第 1 页 20 条 共 5 页
2026-05-20 23:35:28,270 [INFO]   ✓ 2024-05-20 10:04:09 (策略A: 10点后首条) 折算价=710.42
2026-05-20 23:35:28,896 [INFO] === 2024-05-21 ===
2026-05-20 23:35:29,184 [INFO]     第 1 页 20 条 共 6 页
2026-05-20 23:35:31,843 [INFO]   ✓ 2024-05-21 10:02:40 (策略A: 10点后首条) 折算价=710.69
2026-05-20 23:35:32,387 [INFO] === 2024-05-22 ===
2026-05-20 23:35:32,675 [INFO]     第 1 页 20 条 共 5 页
2026-05-20 23:35:34,113 [INFO]   ✓ 2024-05-22 10:00:40 (策略A: 10点后首条) 折算价=710.77
2026-05-20 23:35:34,990 [INFO] === 2024-05-23 ===
2026-05-20 23:35:35,575 [INFO]     第 1 页 20 条 共 6 页
2026-05-20 23:35:37,158 [INFO]   ✓ 2024-05-23 10:05:11 (策略A: 10点后首条) 折算价=710.98
2026-05-20 23:35:37,673 [INFO] === 2024-05-24 ===
2026-05-20 23:35:37,955 [INFO]     第 1 页 20 条 共 5 页
2026-05-20 23:35:39,695 [INFO]   ✓ 2024-05-24 10:05:38 (策略A: 10点后首条) 折算价=711.02
2026-05-20 23:35:39,697 [INFO] >>> 补抓进度: 510/731 (69.8%) <<<
2026-05-20 23:35:40,208 [INFO] === 2024-05-25 ===
2026-05-20 23:35:40,488 [INFO]     第 1 页 16 条 共 1 页
2026-05-20 23:35:40,488 [INFO]   ✓ 2024-05-25 10:30:00 (策略A: 10点后首条) 折算价=711.02
2026-05-20 23:35:41,472 [INFO] === 2024-05-26 ===
2026-05-20 23:35:41,969 [INFO]     第 1 页 6 条 共 1 页
2026-05-20 23:35:41,969 [INFO]   ✓ 2024-05-26 10:30:00 (策略A: 10点后首条) 折算价=711.02
2026-05-20 23:35:42,642 [INFO] === 2024-05-27 ===
2026-05-20 23:35:42,916 [INFO]     第 1 页 20 条 共 5 页
2026-05-20 23:35:44,304 [INFO]   ✓ 2024-05-27 10:02:36 (策略A: 10点后首条) 折算价=710.91
2026-05-20 23:35:45,156 [INFO] === 2024-05-28 ===
2026-05-20 23:35:45,453 [INFO]     第 1 页 20 条 共 6 页
2026-05-20 23:35:47,790 [INFO]   ✓ 2024-05-28 10:01:15 (策略A: 10点后首条) 折算价=711.01
2026-05-20 23:35:48,758 [INFO] === 2024-05-29 ===
2026-05-20 23:35:49,273 [INFO]     第 1 页 20 条 共 7 页
2026-05-20 23:35:51,653 [INFO]   ✓ 2024-05-29 10:06:34 (策略A: 10点后首条) 折算价=711.06
2026-05-20 23:35:52,229 [INFO] === 2024-05-30 ===
2026-05-20 23:35:52,795 [INFO]     第 1 页 20 条 共 7 页
2026-05-20 23:35:55,147 [INFO]   ✓ 2024-05-30 10:06:32 (策略A: 10点后首条) 折算价=711.11
2026-05-20 23:35:56,035 [INFO] === 2024-05-31 ===
2026-05-20 23:35:56,760 [INFO]     第 1 页 20 条 共 7 页
2026-05-20 23:35:59,378 [INFO]   ✓ 2024-05-31 10:00:34 (策略A: 10点后首条) 折算价=710.88
2026-05-20 23:36:00,173 [INFO] === 2024-06-01 ===
2026-05-20 23:36:00,460 [INFO]     第 1 页 18 条 共 1 页
2026-05-20 23:36:00,460 [INFO]   ✓ 2024-06-01 10:30:00 (策略A: 10点后首条) 折算价=710.88
2026-05-20 23:36:01,104 [INFO] === 2024-06-02 ===
2026-05-20 23:36:01,609 [INFO]     第 1 页 6 条 共 1 页
2026-05-20 23:36:01,609 [INFO]   ✓ 2024-06-02 10:30:00 (策略A: 10点后首条) 折算价=710.88
2026-05-20 23:36:02,279 [INFO] === 2024-06-03 ===
2026-05-20 23:36:03,067 [INFO]     第 1 页 20 条 共 5 页
2026-05-20 23:36:04,008 [WARNING]     第3页第1次服务端异常或空响应提示
2026-05-20 23:36:05,571 [WARNING]     第3页第2次服务端异常或空响应提示
2026-05-20 23:36:08,630 [WARNING]     第3页第3次服务端异常或空响应提示
2026-05-20 23:36:13,131 [WARNING]   第3页翻页重试失败
2026-05-20 23:36:13,131 [INFO]   ✓ 2024-06-03 18:33:54 (策略A: 10点后首条) 折算价=710.86
2026-05-20 23:36:13,133 [INFO] >>> 补抓进度: 520/731 (71.1%) <<<
2026-05-20 23:36:14,078 [INFO] === 2024-06-04 ===
2026-05-20 23:36:14,564 [INFO]     第 1 页 20 条 共 7 页
2026-05-20 23:36:17,708 [INFO]   ✓ 2024-06-04 10:06:38 (策略A: 10点后首条) 折算价=710.83
2026-05-20 23:36:18,687 [INFO] === 2024-06-05 ===
2026-05-20 23:36:18,968 [INFO]     第 1 页 20 条 共 7 页
2026-05-20 23:36:21,189 [INFO]   ✓ 2024-06-05 10:02:46 (策略A: 10点后首条) 折算价=710.97
2026-05-20 23:36:21,698 [INFO] === 2024-06-06 ===
2026-05-20 23:36:21,980 [INFO]     第 1 页 20 条 共 6 页
2026-05-20 23:36:23,567 [INFO]   ✓ 2024-06-06 10:00:08 (策略A: 10点后首条) 折算价=711.08
2026-05-20 23:36:24,126 [INFO] === 2024-06-07 ===
2026-05-20 23:36:24,448 [INFO]     第 1 页 20 条 共 7 页
2026-05-20 23:36:27,857 [INFO]   ✓ 2024-06-07 10:00:15 (策略A: 10点后首条) 折算价=711.06
2026-05-20 23:36:28,398 [INFO] === 2024-06-08 ===
2026-05-20 23:36:28,674 [INFO]     第 1 页 18 条 共 1 页
2026-05-20 23:36:28,674 [INFO]   ✓ 2024-06-08 10:30:00 (策略A: 10点后首条) 折算价=711.06
2026-05-20 23:36:29,321 [INFO] === 2024-06-09 ===
2026-05-20 23:36:29,601 [INFO]     第 1 页 6 条 共 1 页
2026-05-20 23:36:29,602 [INFO]   ✓ 2024-06-09 10:30:00 (策略A: 10点后首条) 折算价=711.06
2026-05-20 23:36:30,421 [INFO] === 2024-06-10 ===
2026-05-20 23:36:30,708 [INFO]     第 1 页 20 条 共 2 页
2026-05-20 23:36:30,838 [INFO]   ✓ 2024-06-10 10:10:35 (策略A: 10点后首条) 折算价=711.06
2026-05-20 23:36:31,805 [INFO] === 2024-06-11 ===
2026-05-20 23:36:32,103 [INFO]     第 1 页 20 条 共 5 页
2026-05-20 23:36:34,579 [INFO]   ✓ 2024-06-11 10:01:46 (策略A: 10点后首条) 折算价=711.35
2026-05-20 23:36:35,439 [INFO] === 2024-06-12 ===
2026-05-20 23:36:35,749 [INFO]     第 1 页 20 条 共 6 页
2026-05-20 23:36:38,312 [INFO]   ✓ 2024-06-12 10:10:08 (策略A: 10点后首条) 折算价=711.33
2026-05-20 23:36:39,077 [INFO] === 2024-06-13 ===
2026-05-20 23:36:39,399 [INFO]     第 1 页 20 条 共 6 页
2026-05-20 23:36:42,058 [INFO]   ✓ 2024-06-13 10:02:02 (策略A: 10点后首条) 折算价=711.22
2026-05-20 23:36:42,059 [INFO] >>> 补抓进度: 530/731 (72.5%) <<<
2026-05-20 23:36:42,631 [INFO] === 2024-06-14 ===
2026-05-20 23:36:43,078 [INFO]     第 1 页 20 条 共 7 页
2026-05-20 23:36:45,838 [INFO]   ✓ 2024-06-14 10:03:45 (策略A: 10点后首条) 折算价=711.51
2026-05-20 23:36:46,710 [INFO] === 2024-06-15 ===
2026-05-20 23:36:47,515 [INFO]     第 1 页 16 条 共 1 页
2026-05-20 23:36:47,516 [INFO]   ✓ 2024-06-15 10:30:00 (策略A: 10点后首条) 折算价=711.51
2026-05-20 23:36:48,103 [INFO] === 2024-06-16 ===
2026-05-20 23:36:48,400 [INFO]     第 1 页 6 条 共 1 页
2026-05-20 23:36:48,400 [INFO]   ✓ 2024-06-16 10:30:00 (策略A: 10点后首条) 折算价=711.51
2026-05-20 23:36:48,925 [INFO] === 2024-06-17 ===
2026-05-20 23:36:49,225 [INFO]     第 1 页 20 条 共 5 页
2026-05-20 23:36:50,727 [INFO]   ✓ 2024-06-17 10:08:43 (策略A: 10点后首条) 折算价=711.49
2026-05-20 23:36:51,349 [INFO] === 2024-06-18 ===
2026-05-20 23:36:51,640 [INFO]     第 1 页 20 条 共 5 页
2026-05-20 23:36:52,642 [INFO]   ✓ 2024-06-18 10:10:22 (策略A: 10点后首条) 折算价=711.48
2026-05-20 23:36:53,638 [INFO] === 2024-06-19 ===
2026-05-20 23:36:53,961 [INFO]     第 1 页 20 条 共 4 页
2026-05-20 23:36:55,034 [INFO]   ✓ 2024-06-19 10:10:01 (策略A: 10点后首条) 折算价=711.59
2026-05-20 23:36:55,805 [INFO] === 2024-06-20 ===
2026-05-20 23:36:56,755 [INFO]     第 1 页 20 条 共 4 页
2026-05-20 23:36:57,483 [INFO]   ✓ 2024-06-20 10:10:11 (策略A: 10点后首条) 折算价=711.92
2026-05-20 23:36:58,460 [INFO] === 2024-06-21 ===
2026-05-20 23:36:58,761 [INFO]     第 1 页 20 条 共 4 页
2026-05-20 23:36:58,821 [WARNING]     第2页第1次服务端异常或空响应提示
2026-05-20 23:37:01,930 [INFO]   ✓ 2024-06-21 10:00:38 (策略A: 10点后首条) 折算价=711.96
2026-05-20 23:37:02,856 [INFO] === 2024-06-22 ===
2026-05-20 23:37:03,350 [INFO]     第 1 页 10 条 共 1 页
2026-05-20 23:37:03,350 [INFO]   ✓ 2024-06-22 10:30:00 (策略A: 10点后首条) 折算价=711.96
2026-05-20 23:37:04,204 [INFO] === 2024-06-23 ===
2026-05-20 23:37:04,484 [INFO]     第 1 页 11 条 共 1 页
2026-05-20 23:37:04,485 [INFO]   ✓ 2024-06-23 10:30:00 (策略A: 10点后首条) 折算价=711.96
2026-05-20 23:37:04,486 [INFO] >>> 补抓进度: 540/731 (73.9%) <<<
2026-05-20 23:37:05,398 [INFO] === 2024-06-24 ===
2026-05-20 23:37:05,907 [INFO]     第 1 页 20 条 共 4 页
2026-05-20 23:37:05,966 [WARNING]     第2页第1次服务端异常或空响应提示
2026-05-20 23:37:08,434 [INFO]   ✓ 2024-06-24 10:04:56 (策略A: 10点后首条) 折算价=712.01
2026-05-20 23:37:08,972 [INFO] === 2024-06-25 ===
2026-05-20 23:37:09,310 [INFO]     第 1 页 20 条 共 6 页
2026-05-20 23:37:09,370 [WARNING]     第2页第1次服务端异常或空响应提示
2026-05-20 23:37:10,932 [WARNING]     第2页第2次服务端异常或空响应提示
2026-05-20 23:37:15,501 [WARNING]     第4页第1次服务端异常或空响应提示
2026-05-20 23:37:17,951 [WARNING]     第5页第1次服务端异常或空响应提示
2026-05-20 23:37:19,603 [INFO]   ✓ 2024-06-25 10:05:07 (策略A: 10点后首条) 折算价=712.25
2026-05-20 23:37:20,196 [INFO] === 2024-06-26 ===
2026-05-20 23:37:20,495 [INFO]     第 1 页 20 条 共 6 页
2026-05-20 23:37:22,560 [INFO]   ✓ 2024-06-26 10:05:52 (策略A: 10点后首条) 折算价=712.48
2026-05-20 23:37:23,279 [INFO] === 2024-06-27 ===
2026-05-20 23:37:23,560 [INFO]     第 1 页 20 条 共 6 页
2026-05-20 23:37:25,785 [INFO]   ✓ 2024-06-27 10:09:25 (策略A: 10点后首条) 折算价=712.7
2026-05-20 23:37:26,720 [INFO] === 2024-06-28 ===
2026-05-20 23:37:26,923 [INFO]     第 1 页 20 条 共 6 页
2026-05-20 23:37:29,178 [INFO]   ✓ 2024-06-28 10:07:45 (策略A: 10点后首条) 折算价=712.68
2026-05-20 23:37:29,789 [INFO] === 2024-06-29 ===
2026-05-20 23:37:30,086 [INFO]     第 1 页 19 条 共 1 页
2026-05-20 23:37:30,087 [INFO]   ✓ 2024-06-29 10:30:00 (策略A: 10点后首条) 折算价=712.68
2026-05-20 23:37:30,637 [INFO] === 2024-06-30 ===
2026-05-20 23:37:31,152 [INFO]     第 1 页 11 条 共 1 页
2026-05-20 23:37:31,153 [INFO]   ✓ 2024-06-30 10:30:00 (策略A: 10点后首条) 折算价=712.68
2026-05-20 23:37:31,835 [INFO] === 2024-07-01 ===
2026-05-20 23:37:32,110 [INFO]     第 1 页 20 条 共 5 页
2026-05-20 23:37:34,209 [INFO]   ✓ 2024-07-01 10:10:14 (策略A: 10点后首条) 折算价=712.65
2026-05-20 23:37:35,110 [INFO] === 2024-07-02 ===
2026-05-20 23:37:35,405 [INFO]     第 1 页 20 条 共 5 页
2026-05-20 23:37:37,709 [INFO]   ✓ 2024-07-02 10:01:18 (策略A: 10点后首条) 折算价=712.91
2026-05-20 23:37:38,705 [INFO] === 2024-07-03 ===
2026-05-20 23:37:39,647 [INFO]     第 1 页 20 条 共 5 页
2026-05-20 23:37:41,130 [INFO]   ✓ 2024-07-03 10:10:03 (策略A: 10点后首条) 折算价=713.12
2026-05-20 23:37:41,132 [INFO] >>> 补抓进度: 550/731 (75.2%) <<<
2026-05-20 23:37:42,069 [INFO] --- 定期重置 Session (已处理 550 天) ---
2026-05-20 23:37:42,408 [INFO] === 2024-07-04 ===
2026-05-20 23:37:42,738 [INFO]     第 1 页 20 条 共 6 页
2026-05-20 23:37:45,156 [INFO]   ✓ 2024-07-04 10:00:08 (策略A: 10点后首条) 折算价=713.05
2026-05-20 23:37:46,128 [INFO] === 2024-07-05 ===
2026-05-20 23:37:46,429 [INFO]     第 1 页 20 条 共 6 页
2026-05-20 23:37:48,872 [INFO]   ✓ 2024-07-05 10:00:45 (策略A: 10点后首条) 折算价=712.89
2026-05-20 23:37:49,768 [INFO] === 2024-07-06 ===
2026-05-20 23:37:50,096 [INFO]     第 1 页 10 条 共 1 页
2026-05-20 23:37:50,096 [INFO]   ✓ 2024-07-06 10:30:00 (策略A: 10点后首条) 折算价=712.89
2026-05-20 23:37:50,636 [INFO] === 2024-07-07 ===
2026-05-20 23:37:50,926 [INFO]     第 1 页 6 条 共 1 页
2026-05-20 23:37:50,927 [INFO]   ✓ 2024-07-07 10:30:00 (策略A: 10点后首条) 折算价=712.89
2026-05-20 23:37:51,779 [INFO] === 2024-07-08 ===
2026-05-20 23:37:52,280 [INFO]     第 1 页 20 条 共 5 页
2026-05-20 23:37:53,962 [INFO]   ✓ 2024-07-08 10:02:07 (策略A: 10点后首条) 折算价=712.86
2026-05-20 23:37:54,944 [INFO] === 2024-07-09 ===
2026-05-20 23:37:55,616 [INFO]     第 1 页 20 条 共 5 页
2026-05-20 23:37:57,039 [INFO]   ✓ 2024-07-09 10:04:38 (策略A: 10点后首条) 折算价=713.1
2026-05-20 23:37:57,915 [INFO] === 2024-07-10 ===
2026-05-20 23:37:58,199 [INFO]     第 1 页 20 条 共 5 页
2026-05-20 23:37:58,865 [WARNING]     第3页第1次服务端异常或空响应提示
2026-05-20 23:38:01,194 [INFO]   ✓ 2024-07-10 10:01:27 (策略A: 10点后首条) 折算价=713.42
2026-05-20 23:38:01,969 [INFO] === 2024-07-11 ===
2026-05-20 23:38:02,291 [INFO]     第 1 页 20 条 共 10 页
2026-05-20 23:38:03,953 [WARNING]     第4页第1次服务端异常或空响应提示
2026-05-20 23:38:08,052 [WARNING]     第8页第1次服务端异常或空响应提示
2026-05-20 23:38:09,671 [WARNING]     第8页第2次服务端异常或空响应提示
2026-05-20 23:38:12,736 [WARNING]     第8页第3次服务端异常或空响应提示
2026-05-20 23:38:17,236 [WARNING]   第8页翻页重试失败
2026-05-20 23:38:17,237 [INFO]   ✓ 2024-07-11 10:30:00 (策略A: 10点后首条) 折算价=713.39
2026-05-20 23:38:17,786 [INFO] === 2024-07-12 ===
2026-05-20 23:38:18,517 [INFO]     第 1 页 20 条 共 10 页
2026-05-20 23:38:18,579 [WARNING]     第2页第1次服务端异常或空响应提示
2026-05-20 23:38:24,901 [INFO]   ✓ 2024-07-12 10:01:36 (策略A: 10点后首条) 折算价=713.15
2026-05-20 23:38:25,734 [INFO] === 2024-07-13 ===
2026-05-20 23:38:26,019 [INFO]     第 1 页 11 条 共 1 页
2026-05-20 23:38:26,019 [INFO]   ✓ 2024-07-13 10:30:00 (策略A: 10点后首条) 折算价=713.15
2026-05-20 23:38:26,022 [INFO] >>> 补抓进度: 560/731 (76.6%) <<<
2026-05-20 23:38:26,671 [INFO] === 2024-07-14 ===
2026-05-20 23:38:26,957 [INFO]     第 1 页 6 条 共 1 页
2026-05-20 23:38:26,957 [INFO]   ✓ 2024-07-14 10:30:00 (策略A: 10点后首条) 折算价=713.15
2026-05-20 23:38:27,810 [INFO] === 2024-07-15 ===
2026-05-20 23:38:28,123 [INFO]     第 1 页 20 条 共 8 页
2026-05-20 23:38:31,862 [INFO]   ✓ 2024-07-15 10:00:07 (策略A: 10点后首条) 折算价=713.13
2026-05-20 23:38:32,697 [INFO] === 2024-07-16 ===
2026-05-20 23:38:33,221 [INFO]     第 1 页 20 条 共 6 页
2026-05-20 23:38:35,521 [INFO]   ✓ 2024-07-16 10:01:09 (策略A: 10点后首条) 折算价=713.28
2026-05-20 23:38:36,327 [INFO] === 2024-07-17 ===
2026-05-20 23:38:36,616 [INFO]     第 1 页 20 条 共 9 页
2026-05-20 23:38:38,047 [WARNING]     第4页第1次服务端异常或空响应提示
2026-05-20 23:38:41,088 [WARNING]     第6页第1次服务端异常或空响应提示
2026-05-20 23:38:44,371 [INFO]   ✓ 2024-07-17 10:00:19 (策略A: 10点后首条) 折算价=713.18
2026-05-20 23:38:45,270 [INFO] === 2024-07-18 ===
2026-05-20 23:38:45,560 [INFO]     第 1 页 20 条 共 8 页
2026-05-20 23:38:49,741 [INFO]   ✓ 2024-07-18 10:00:30 (策略A: 10点后首条) 折算价=712.85
2026-05-20 23:38:50,578 [INFO] === 2024-07-19 ===
2026-05-20 23:38:50,874 [INFO]     第 1 页 20 条 共 5 页
2026-05-20 23:38:52,533 [INFO]   ✓ 2024-07-19 10:02:45 (策略A: 10点后首条) 折算价=713.15
2026-05-20 23:38:53,266 [INFO] === 2024-07-20 ===
2026-05-20 23:38:53,573 [INFO]     第 1 页 11 条 共 1 页
2026-05-20 23:38:53,573 [INFO]   ✓ 2024-07-20 10:30:00 (策略A: 10点后首条) 折算价=713.15
2026-05-20 23:38:54,231 [INFO] === 2024-07-21 ===
2026-05-20 23:38:54,766 [INFO]     第 1 页 6 条 共 1 页
2026-05-20 23:38:54,767 [INFO]   ✓ 2024-07-21 10:30:00 (策略A: 10点后首条) 折算价=713.15
2026-05-20 23:38:55,609 [INFO] === 2024-07-22 ===
2026-05-20 23:38:56,133 [INFO]     第 1 页 20 条 共 6 页
2026-05-20 23:38:58,086 [INFO]   ✓ 2024-07-22 10:03:56 (策略A: 10点后首条) 折算价=713.35
2026-05-20 23:38:58,625 [INFO] === 2024-07-23 ===
2026-05-20 23:38:58,915 [INFO]     第 1 页 20 条 共 6 页
2026-05-20 23:39:01,254 [INFO]   ✓ 2024-07-23 10:06:25 (策略A: 10点后首条) 折算价=713.34
2026-05-20 23:39:01,255 [INFO] >>> 补抓进度: 570/731 (78.0%) <<<
2026-05-20 23:39:01,831 [INFO] === 2024-07-24 ===
2026-05-20 23:39:02,133 [INFO]     第 1 页 20 条 共 6 页
2026-05-20 23:39:04,622 [INFO]   ✓ 2024-07-24 10:07:19 (策略A: 10点后首条) 折算价=713.58
2026-05-20 23:39:05,143 [INFO] === 2024-07-25 ===
2026-05-20 23:39:05,446 [INFO]     第 1 页 20 条 共 13 页
2026-05-20 23:39:05,506 [WARNING]     第2页第1次服务端异常或空响应提示
2026-05-20 23:39:07,071 [WARNING]     第2页第2次服务端异常或空响应提示
2026-05-20 23:39:16,898 [INFO]   ✓ 2024-07-25 10:00:40 (策略A: 10点后首条) 折算价=713.21
2026-05-20 23:39:17,417 [INFO] === 2024-07-26 ===
2026-05-20 23:39:18,128 [INFO]     第 1 页 20 条 共 8 页
2026-05-20 23:39:18,193 [WARNING]     第2页第1次服务端异常或空响应提示
2026-05-20 23:39:21,242 [WARNING]     第4页第1次服务端异常或空响应提示
2026-05-20 23:39:24,113 [WARNING]     第6页第1次服务端异常或空响应提示
2026-05-20 23:39:26,561 [INFO]   ✓ 2024-07-26 10:02:54 (策略A: 10点后首条) 折算价=712.7
2026-05-20 23:39:27,273 [INFO] === 2024-07-27 ===
2026-05-20 23:39:27,592 [INFO]     第 1 页 14 条 共 1 页
2026-05-20 23:39:27,592 [INFO]   ✓ 2024-07-27 10:30:00 (策略A: 10点后首条) 折算价=712.7
2026-05-20 23:39:28,149 [INFO] === 2024-07-28 ===
2026-05-20 23:39:28,650 [INFO]     第 1 页 6 条 共 1 页
2026-05-20 23:39:28,650 [INFO]   ✓ 2024-07-28 10:30:00 (策略A: 10点后首条) 折算价=712.7
2026-05-20 23:39:29,274 [INFO] === 2024-07-29 ===
2026-05-20 23:39:29,573 [INFO]     第 1 页 20 条 共 9 页
2026-05-20 23:39:34,124 [INFO]   ✓ 2024-07-29 10:02:14 (策略A: 10点后首条) 折算价=713.16
2026-05-20 23:39:34,832 [INFO] === 2024-07-30 ===
2026-05-20 23:39:35,119 [INFO]     第 1 页 20 条 共 12 页
2026-05-20 23:39:41,180 [INFO]   ✓ 2024-07-30 10:02:11 (策略A: 10点后首条) 折算价=713.64
2026-05-20 23:39:41,870 [INFO] === 2024-07-31 ===
2026-05-20 23:39:42,097 [INFO]     第 1 页 20 条 共 16 页
2026-05-20 23:39:45,318 [WARNING]     第6页第1次服务端异常或空响应提示
2026-05-20 23:39:51,837 [INFO]   ✓ 2024-07-31 10:00:24 (策略A: 10点后首条) 折算价=713.46
2026-05-20 23:39:52,520 [INFO] === 2024-08-01 ===
2026-05-20 23:39:53,927 [INFO]     第 1 页 20 条 共 14 页
2026-05-20 23:40:00,566 [INFO]   ✓ 2024-08-01 10:00:15 (策略A: 10点后首条) 折算价=713.23
2026-05-20 23:40:01,361 [INFO] === 2024-08-02 ===
2026-05-20 23:40:01,928 [INFO]     第 1 页 20 条 共 18 页
2026-05-20 23:40:12,313 [INFO]   ✓ 2024-08-02 10:00:33 (策略A: 10点后首条) 折算价=713.76
2026-05-20 23:40:12,315 [INFO] >>> 补抓进度: 580/731 (79.3%) <<<
2026-05-20 23:40:13,211 [INFO] === 2024-08-03 ===
2026-05-20 23:40:13,523 [INFO]     第 1 页 15 条 共 1 页
2026-05-20 23:40:13,523 [INFO]   ✓ 2024-08-03 10:30:00 (策略A: 10点后首条) 折算价=713.76
2026-05-20 23:40:14,265 [INFO] === 2024-08-04 ===
2026-05-20 23:40:14,488 [INFO]     第 1 页 6 条 共 1 页
2026-05-20 23:40:14,495 [INFO]   ✓ 2024-08-04 10:30:00 (策略A: 10点后首条) 折算价=713.76
2026-05-20 23:40:15,227 [INFO] === 2024-08-05 ===
2026-05-20 23:40:15,555 [INFO]     第 1 页 20 条 共 18 页
2026-05-20 23:40:24,355 [WARNING]     第13页第1次服务端异常或空响应提示
2026-05-20 23:40:25,930 [WARNING]     第13页第2次服务端异常或空响应提示
2026-05-20 23:40:30,645 [WARNING]     第15页第1次服务端异常或空响应提示
2026-05-20 23:40:32,888 [INFO]   ✓ 2024-08-05 10:01:36 (策略A: 10点后首条) 折算价=713.45
2026-05-20 23:40:33,536 [INFO] === 2024-08-06 ===
2026-05-20 23:40:33,853 [INFO]     第 1 页 20 条 共 14 页
2026-05-20 23:40:40,120 [INFO]   ✓ 2024-08-06 10:04:16 (策略A: 10点后首条) 折算价=713.18
2026-05-20 23:40:41,112 [INFO] === 2024-08-07 ===
2026-05-20 23:40:41,836 [INFO]     第 1 页 20 条 共 12 页
2026-05-20 23:40:48,431 [INFO]   ✓ 2024-08-07 10:03:04 (策略A: 10点后首条) 折算价=713.86
2026-05-20 23:40:49,208 [INFO] === 2024-08-08 ===
2026-05-20 23:40:49,707 [INFO]     第 1 页 20 条 共 14 页
2026-05-20 23:40:56,109 [INFO]   ✓ 2024-08-08 10:00:04 (策略A: 10点后首条) 折算价=714.6
2026-05-20 23:40:56,907 [INFO] === 2024-08-09 ===
2026-05-20 23:40:57,229 [INFO]     第 1 页 20 条 共 11 页
2026-05-20 23:41:03,629 [INFO]   ✓ 2024-08-09 10:00:18 (策略A: 10点后首条) 折算价=714.49
2026-05-20 23:41:04,381 [INFO] === 2024-08-10 ===
2026-05-20 23:41:05,446 [INFO]     第 1 页 16 条 共 1 页
2026-05-20 23:41:05,446 [INFO]   ✓ 2024-08-10 10:30:00 (策略A: 10点后首条) 折算价=714.49
2026-05-20 23:41:06,152 [INFO] === 2024-08-11 ===
2026-05-20 23:41:06,688 [INFO]     第 1 页 6 条 共 1 页
2026-05-20 23:41:06,688 [INFO]   ✓ 2024-08-11 10:30:00 (策略A: 10点后首条) 折算价=714.49
2026-05-20 23:41:07,539 [INFO] === 2024-08-12 ===
2026-05-20 23:41:07,894 [INFO]     第 1 页 20 条 共 9 页
2026-05-20 23:41:12,678 [INFO]   ✓ 2024-08-12 10:00:03 (策略A: 10点后首条) 折算价=714.58
2026-05-20 23:41:12,680 [INFO] >>> 补抓进度: 590/731 (80.7%) <<<
2026-05-20 23:41:13,451 [INFO] === 2024-08-13 ===
2026-05-20 23:41:13,728 [INFO]     第 1 页 20 条 共 11 页
2026-05-20 23:41:18,140 [WARNING]     第8页第1次服务端异常或空响应提示
2026-05-20 23:41:19,700 [WARNING]     第8页第2次服务端异常或空响应提示
2026-05-20 23:41:23,631 [WARNING]     第9页第1次服务端异常或空响应提示
2026-05-20 23:41:26,042 [INFO]   ✓ 2024-08-13 10:00:10 (策略A: 10点后首条) 折算价=714.79
2026-05-20 23:41:26,905 [INFO] === 2024-08-14 ===
2026-05-20 23:41:27,414 [INFO]     第 1 页 20 条 共 12 页
2026-05-20 23:41:27,474 [WARNING]     第2页第1次服务端异常或空响应提示
2026-05-20 23:41:29,035 [WARNING]     第2页第2次服务端异常或空响应提示
2026-05-20 23:41:37,590 [INFO]   ✓ 2024-08-14 10:02:33 (策略A: 10点后首条) 折算价=714.15
2026-05-20 23:41:38,475 [INFO] === 2024-08-15 ===
2026-05-20 23:41:38,780 [INFO]     第 1 页 20 条 共 11 页
2026-05-20 23:41:44,191 [INFO]   ✓ 2024-08-15 10:03:38 (策略A: 10点后首条) 折算价=713.99
2026-05-20 23:41:44,959 [INFO] === 2024-08-16 ===
2026-05-20 23:41:45,260 [INFO]     第 1 页 20 条 共 9 页
2026-05-20 23:41:47,718 [WARNING]     第5页第1次服务端异常或空响应提示
2026-05-20 23:41:51,037 [INFO]   ✓ 2024-08-16 10:01:21 (策略A: 10点后首条) 折算价=714.64
2026-05-20 23:41:51,883 [INFO] === 2024-08-17 ===
2026-05-20 23:41:52,296 [INFO]     第 1 页 13 条 共 1 页
2026-05-20 23:41:52,296 [INFO]   ✓ 2024-08-17 10:30:00 (策略A: 10点后首条) 折算价=714.64
2026-05-20 23:41:52,846 [INFO] === 2024-08-18 ===
2026-05-20 23:41:53,123 [INFO]     第 1 页 6 条 共 1 页
2026-05-20 23:41:53,124 [INFO]   ✓ 2024-08-18 10:30:00 (策略A: 10点后首条) 折算价=714.64
2026-05-20 23:41:53,826 [INFO] === 2024-08-19 ===
2026-05-20 23:41:54,343 [INFO]     第 1 页 20 条 共 12 页
2026-05-20 23:42:01,910 [INFO]   ✓ 2024-08-19 10:00:25 (策略A: 10点后首条) 折算价=714.15
2026-05-20 23:42:02,781 [INFO] === 2024-08-20 ===
2026-05-20 23:42:03,280 [INFO]     第 1 页 20 条 共 11 页
2026-05-20 23:42:08,585 [INFO]   ✓ 2024-08-20 10:00:15 (策略A: 10点后首条) 折算价=713.25
2026-05-20 23:42:09,372 [INFO] === 2024-08-21 ===
2026-05-20 23:42:09,735 [INFO]     第 1 页 20 条 共 10 页
2026-05-20 23:42:13,591 [INFO]   ✓ 2024-08-21 10:04:17 (策略A: 10点后首条) 折算价=713.07
2026-05-20 23:42:14,329 [INFO] === 2024-08-22 ===
2026-05-20 23:42:14,843 [INFO]     第 1 页 20 条 共 8 页
2026-05-20 23:42:16,475 [WARNING]     第4页第1次服务端异常或空响应提示
2026-05-20 23:42:18,625 [WARNING]     第5页第1次服务端异常或空响应提示
2026-05-20 23:42:21,101 [WARNING]     第6页第1次服务端异常或空响应提示
2026-05-20 23:42:23,472 [INFO]   ✓ 2024-08-22 10:00:17 (策略A: 10点后首条) 折算价=712.28
2026-05-20 23:42:23,474 [INFO] >>> 补抓进度: 600/731 (82.1%) <<<
2026-05-20 23:42:24,280 [INFO] --- 定期重置 Session (已处理 600 天) ---
2026-05-20 23:42:24,470 [INFO] === 2024-08-23 ===
2026-05-20 23:42:24,751 [INFO]     第 1 页 20 条 共 8 页
2026-05-20 23:42:27,612 [INFO]   ✓ 2024-08-23 10:04:24 (策略A: 10点后首条) 折算价=713.58
2026-05-20 23:42:28,367 [INFO] === 2024-08-24 ===
2026-05-20 23:42:28,655 [INFO]     第 1 页 19 条 共 1 页
2026-05-20 23:42:28,656 [INFO]   ✓ 2024-08-24 10:30:00 (策略A: 10点后首条) 折算价=713.58
2026-05-20 23:42:29,525 [INFO] === 2024-08-25 ===
2026-05-20 23:42:29,772 [INFO]     第 1 页 6 条 共 1 页
2026-05-20 23:42:29,772 [INFO]   ✓ 2024-08-25 10:30:00 (策略A: 10点后首条) 折算价=713.58
2026-05-20 23:42:30,476 [INFO] === 2024-08-26 ===
2026-05-20 23:42:30,780 [INFO]     第 1 页 20 条 共 9 页
2026-05-20 23:42:34,910 [INFO]   ✓ 2024-08-26 10:03:42 (策略A: 10点后首条) 折算价=711.39
2026-05-20 23:42:35,878 [INFO] === 2024-08-27 ===
2026-05-20 23:42:36,289 [INFO]     第 1 页 20 条 共 10 页
2026-05-20 23:42:41,179 [INFO]   ✓ 2024-08-27 10:02:02 (策略A: 10点后首条) 折算价=712.49
2026-05-20 23:42:42,160 [INFO] === 2024-08-28 ===
2026-05-20 23:42:42,394 [INFO]     第 1 页 20 条 共 10 页
2026-05-20 23:42:47,051 [WARNING]     第8页第1次服务端异常或空响应提示
2026-05-20 23:42:48,585 [WARNING]     第8页第2次服务端异常或空响应提示
2026-05-20 23:42:51,722 [INFO]   ✓ 2024-08-28 10:02:18 (策略A: 10点后首条) 折算价=712.16
2026-05-20 23:42:52,472 [INFO] === 2024-08-29 ===
2026-05-20 23:42:52,938 [INFO]     第 1 页 20 条 共 16 页
2026-05-20 23:42:52,972 [WARNING]     第2页第1次服务端异常或空响应提示
2026-05-20 23:42:54,516 [WARNING]     第2页第2次服务端异常或空响应提示
2026-05-20 23:42:58,460 [WARNING]     第3页第1次服务端异常或空响应提示
2026-05-20 23:42:59,995 [WARNING]     第3页第2次服务端异常或空响应提示
2026-05-20 23:43:03,756 [WARNING]     第4页第1次服务端异常或空响应提示
2026-05-20 23:43:05,290 [WARNING]     第4页第2次服务端异常或空响应提示
2026-05-20 23:43:08,326 [WARNING]     第4页第3次服务端异常或空响应提示
2026-05-20 23:43:12,827 [WARNING]   第4页翻页重试失败
2026-05-20 23:43:12,828 [INFO]   ✓ 2024-08-29 17:14:35 (策略A: 10点后首条) 折算价=712.99
2026-05-20 23:43:13,352 [INFO] === 2024-08-30 ===
2026-05-20 23:43:13,601 [INFO]     第 1 页 20 条 共 12 页
2026-05-20 23:43:15,239 [WARNING]     第4页第1次服务端异常或空响应提示
2026-05-20 23:43:16,775 [WARNING]     第4页第2次服务端异常或空响应提示
2026-05-20 23:43:20,576 [WARNING]     第5页第1次服务端异常或空响应提示
2026-05-20 23:43:23,649 [WARNING]     第7页第1次服务端异常或空响应提示
2026-05-20 23:43:26,463 [INFO]   ✓ 2024-08-30 10:00:22 (策略A: 10点后首条) 折算价=711.24
2026-05-20 23:43:27,016 [INFO] === 2024-08-31 ===
2026-05-20 23:43:27,517 [INFO]     第 1 页 12 条 共 1 页
2026-05-20 23:43:27,518 [INFO]   ✓ 2024-08-31 10:30:00 (策略A: 10点后首条) 折算价=711.24
2026-05-20 23:43:28,338 [INFO] === 2024-09-01 ===
2026-05-20 23:43:28,840 [INFO]     第 1 页 6 条 共 1 页
2026-05-20 23:43:28,840 [INFO]   ✓ 2024-09-01 10:30:00 (策略A: 10点后首条) 折算价=711.24
2026-05-20 23:43:28,842 [INFO] >>> 补抓进度: 610/731 (83.4%) <<<
2026-05-20 23:43:29,443 [INFO] === 2024-09-02 ===
2026-05-20 23:43:29,688 [INFO]     第 1 页 20 条 共 11 页
2026-05-20 23:43:35,028 [INFO]   ✓ 2024-09-02 10:00:50 (策略A: 10点后首条) 折算价=710.27
2026-05-20 23:43:35,764 [INFO] === 2024-09-03 ===
2026-05-20 23:43:36,022 [INFO]     第 1 页 20 条 共 8 页
2026-05-20 23:43:39,972 [INFO]   ✓ 2024-09-03 10:03:14 (策略A: 10点后首条) 折算价=711.12
2026-05-20 23:43:40,694 [INFO] === 2024-09-04 ===
2026-05-20 23:43:40,988 [INFO]     第 1 页 20 条 共 8 页
2026-05-20 23:43:44,032 [INFO]   ✓ 2024-09-04 10:01:28 (策略A: 10点后首条) 折算价=711.48
2026-05-20 23:43:44,665 [INFO] === 2024-09-05 ===
2026-05-20 23:43:45,061 [INFO]     第 1 页 20 条 共 7 页
2026-05-20 23:43:47,117 [INFO]   ✓ 2024-09-05 10:03:16 (策略A: 10点后首条) 折算价=709.89
2026-05-20 23:43:47,754 [INFO] === 2024-09-06 ===
2026-05-20 23:43:48,149 [INFO]     第 1 页 20 条 共 9 页
2026-05-20 23:43:48,184 [WARNING]     第2页第1次服务端异常或空响应提示
2026-05-20 23:43:49,720 [WARNING]     第2页第2次服务端异常或空响应提示
2026-05-20 23:43:52,768 [WARNING]     第2页第3次服务端异常或空响应提示
2026-05-20 23:43:57,269 [WARNING]   第2页翻页重试失败
2026-05-20 23:43:57,270 [INFO]   ✓ 2024-09-06 22:40:16 (策略A: 10点后首条) 折算价=709.25
2026-05-20 23:43:57,858 [INFO] === 2024-09-07 ===
2026-05-20 23:43:58,356 [INFO]     第 1 页 20 条 共 1 页
2026-05-20 23:43:58,356 [INFO]   ✓ 2024-09-07 10:30:00 (策略A: 10点后首条) 折算价=709.25
2026-05-20 23:43:59,017 [INFO] === 2024-09-08 ===
2026-05-20 23:43:59,396 [INFO]     第 1 页 6 条 共 1 页
2026-05-20 23:43:59,396 [INFO]   ✓ 2024-09-08 10:30:00 (策略A: 10点后首条) 折算价=709.25
2026-05-20 23:44:00,022 [INFO] === 2024-09-09 ===
2026-05-20 23:44:00,713 [INFO]     第 1 页 20 条 共 10 页
2026-05-20 23:44:01,574 [WARNING]     第3页第1次服务端异常或空响应提示
2026-05-20 23:44:03,671 [WARNING]     第4页第1次服务端异常或空响应提示
2026-05-20 23:44:05,205 [WARNING]     第4页第2次服务端异常或空响应提示
2026-05-20 23:44:08,262 [WARNING]     第4页第3次服务端异常或空响应提示
2026-05-20 23:44:12,763 [WARNING]   第4页翻页重试失败
2026-05-20 23:44:12,764 [INFO]   ✓ 2024-09-09 16:26:11 (策略A: 10点后首条) 折算价=709.89
2026-05-20 23:44:13,432 [INFO] === 2024-09-10 ===
2026-05-20 23:44:14,472 [INFO]     第 1 页 20 条 共 8 页
2026-05-20 23:44:14,506 [WARNING]     第2页第1次服务端异常或空响应提示
2026-05-20 23:44:16,829 [WARNING]     第3页第1次服务端异常或空响应提示
2026-05-20 23:44:18,364 [WARNING]     第3页第2次服务端异常或空响应提示
2026-05-20 23:44:21,399 [WARNING]     第3页第3次服务端异常或空响应提示
2026-05-20 23:44:25,900 [WARNING]   第3页翻页重试失败
2026-05-20 23:44:25,900 [INFO]   ✓ 2024-09-10 16:58:47 (策略A: 10点后首条) 折算价=711.36
2026-05-20 23:44:26,723 [INFO] === 2024-09-11 ===
2026-05-20 23:44:26,963 [INFO]     第 1 页 20 条 共 11 页
2026-05-20 23:44:26,997 [WARNING]     第2页第1次服务端异常或空响应提示
2026-05-20 23:44:29,407 [WARNING]     第3页第1次服务端异常或空响应提示
2026-05-20 23:44:30,974 [WARNING]     第3页第2次服务端异常或空响应提示
2026-05-20 23:44:37,924 [INFO]   ✓ 2024-09-11 10:01:56 (策略A: 10点后首条) 折算价=711.82
2026-05-20 23:44:37,925 [INFO] >>> 补抓进度: 620/731 (84.8%) <<<
2026-05-20 23:44:38,736 [INFO] === 2024-09-12 ===
2026-05-20 23:44:39,021 [INFO]     第 1 页 20 条 共 9 页
2026-05-20 23:44:42,388 [INFO]   ✓ 2024-09-12 10:00:20 (策略A: 10点后首条) 折算价=712.14
2026-05-20 23:44:43,320 [INFO] === 2024-09-13 ===
2026-05-20 23:44:43,574 [INFO]     第 1 页 20 条 共 11 页
2026-05-20 23:44:46,672 [WARNING]     第7页第1次服务端异常或空响应提示
2026-05-20 23:44:49,898 [INFO]   ✓ 2024-09-13 10:01:06 (策略A: 10点后首条) 折算价=710.3
2026-05-20 23:44:50,557 [INFO] === 2024-09-14 ===
2026-05-20 23:44:50,947 [INFO]     第 1 页 20 条 共 2 页
2026-05-20 23:44:50,948 [INFO]   ✓ 2024-09-14 10:30:00 (策略A: 10点后首条) 折算价=710.3
2026-05-20 23:44:51,920 [INFO] === 2024-09-15 ===
2026-05-20 23:44:52,642 [INFO]     第 1 页 6 条 共 1 页
2026-05-20 23:44:52,643 [INFO]   ✓ 2024-09-15 10:30:00 (策略A: 10点后首条) 折算价=710.3
2026-05-20 23:44:53,191 [INFO] === 2024-09-16 ===
2026-05-20 23:44:53,584 [INFO]     第 1 页 10 条 共 1 页
2026-05-20 23:44:53,584 [INFO]   ✓ 2024-09-16 10:30:00 (策略A: 10点后首条) 折算价=710.3
2026-05-20 23:44:54,337 [INFO] === 2024-09-17 ===
2026-05-20 23:44:54,566 [INFO]     第 1 页 12 条 共 1 页
2026-05-20 23:44:54,567 [INFO]   ✓ 2024-09-17 10:05:47 (策略A: 10点后首条) 折算价=710.3
2026-05-20 23:44:55,334 [INFO] === 2024-09-18 ===
2026-05-20 23:44:55,583 [INFO]     第 1 页 20 条 共 7 页
2026-05-20 23:44:55,616 [WARNING]     第2页第1次服务端异常或空响应提示
2026-05-20 23:44:58,417 [WARNING]     第4页第1次服务端异常或空响应提示
2026-05-20 23:45:00,573 [WARNING]     第5页第1次服务端异常或空响应提示
2026-05-20 23:45:02,112 [WARNING]     第5页第2次服务端异常或空响应提示
2026-05-20 23:45:05,868 [WARNING]     第6页第1次服务端异常或空响应提示
2026-05-20 23:45:07,482 [INFO]   ✓ 2024-09-18 10:01:02 (策略A: 10点后首条) 折算价=708.7
2026-05-20 23:45:08,082 [INFO] === 2024-09-19 ===
2026-05-20 23:45:09,788 [ERROR]   ✗ 2024-09-19 已达最大重试次数，跳过
2026-05-20 23:45:10,671 [INFO] === 2024-09-20 ===
2026-05-20 23:45:11,678 [INFO]     第 1 页 20 条 共 12 页
2026-05-20 23:45:13,416 [WARNING]     第4页第1次服务端异常或空响应提示
2026-05-20 23:45:14,950 [WARNING]     第4页第2次服务端异常或空响应提示
2026-05-20 23:45:17,987 [WARNING]     第4页第3次服务端异常或空响应提示
2026-05-20 23:45:22,488 [WARNING]   第4页翻页重试失败
2026-05-20 23:45:22,489 [INFO]   ✓ 2024-09-20 10:30:00 (策略A: 10点后首条) 折算价=706.44
2026-05-20 23:45:23,087 [INFO] === 2024-09-21 ===
2026-05-20 23:45:23,482 [INFO]     第 1 页 20 条 共 1 页
2026-05-20 23:45:23,483 [INFO]   ✓ 2024-09-21 10:30:00 (策略A: 10点后首条) 折算价=706.44
2026-05-20 23:45:23,484 [INFO] >>> 补抓进度: 630/731 (86.2%) <<<
2026-05-20 23:45:24,229 [INFO] === 2024-09-22 ===
2026-05-20 23:45:24,964 [INFO]     第 1 页 6 条 共 1 页
2026-05-20 23:45:24,965 [INFO]   ✓ 2024-09-22 10:30:00 (策略A: 10点后首条) 折算价=706.44
2026-05-20 23:45:25,866 [INFO] === 2024-09-23 ===
2026-05-20 23:45:26,983 [ERROR]   ✗ 2024-09-23 已达最大重试次数，跳过
2026-05-20 23:45:27,892 [INFO] === 2024-09-24 ===
2026-05-20 23:45:28,133 [INFO]     第 1 页 20 条 共 13 页
2026-05-20 23:45:28,167 [WARNING]     第2页第1次服务端异常或空响应提示
2026-05-20 23:45:30,480 [WARNING]     第3页第1次服务端异常或空响应提示
2026-05-20 23:45:32,018 [WARNING]     第3页第2次服务端异常或空响应提示
2026-05-20 23:45:35,055 [WARNING]     第3页第3次服务端异常或空响应提示
2026-05-20 23:45:39,555 [WARNING]   第3页翻页重试失败
2026-05-20 23:45:39,556 [INFO]   ✓ 2024-09-24 17:23:00 (策略A: 10点后首条) 折算价=705.1
2026-05-20 23:45:40,151 [INFO] === 2024-09-25 ===
2026-05-20 23:45:40,986 [INFO]     第 1 页 20 条 共 11 页
2026-05-20 23:45:42,946 [WARNING]     第5页第1次服务端异常或空响应提示
2026-05-20 23:45:44,480 [WARNING]     第5页第2次服务端异常或空响应提示
2026-05-20 23:45:48,228 [WARNING]     第6页第1次服务端异常或空响应提示
2026-05-20 23:45:50,492 [WARNING]     第7页第1次服务端异常或空响应提示
2026-05-20 23:45:53,389 [WARNING]     第9页第1次服务端异常或空响应提示
2026-05-20 23:45:55,015 [INFO]   ✓ 2024-09-25 10:04:18 (策略A: 10点后首条) 折算价=702.02
2026-05-20 23:45:55,910 [INFO] === 2024-09-26 ===
2026-05-20 23:45:56,171 [INFO]     第 1 页 20 条 共 11 页
2026-05-20 23:46:01,317 [INFO]   ✓ 2024-09-26 10:00:46 (策略A: 10点后首条) 折算价=703.54
2026-05-20 23:46:02,274 [INFO] === 2024-09-27 ===
2026-05-20 23:46:02,524 [INFO]     第 1 页 20 条 共 9 页
2026-05-20 23:46:06,730 [INFO]   ✓ 2024-09-27 10:05:34 (策略A: 10点后首条) 折算价=701.01
2026-05-20 23:46:07,502 [INFO] === 2024-09-28 ===
2026-05-20 23:46:07,767 [INFO]     第 1 页 12 条 共 1 页
2026-05-20 23:46:07,767 [INFO]   ✓ 2024-09-28 10:30:00 (策略A: 10点后首条) 折算价=701.01
2026-05-20 23:46:08,624 [INFO] === 2024-09-29 ===
2026-05-20 23:46:08,868 [INFO]     第 1 页 16 条 共 1 页
2026-05-20 23:46:08,868 [INFO]   ✓ 2024-09-29 10:25:18 (策略A: 10点后首条) 折算价=701.01
2026-05-20 23:46:09,549 [INFO] === 2024-09-30 ===
2026-05-20 23:46:09,944 [INFO]     第 1 页 20 条 共 8 页
2026-05-20 23:46:09,978 [WARNING]     第2页第1次服务端异常或空响应提示
2026-05-20 23:46:12,062 [WARNING]     第3页第1次服务端异常或空响应提示
2026-05-20 23:46:16,512 [WARNING]     第7页第1次服务端异常或空响应提示
2026-05-20 23:46:18,051 [WARNING]     第7页第2次服务端异常或空响应提示
2026-05-20 23:46:21,156 [INFO]   ✓ 2024-09-30 10:04:07 (策略A: 10点后首条) 折算价=700.74
2026-05-20 23:46:22,041 [INFO] === 2024-10-01 ===
2026-05-20 23:46:22,385 [INFO]     第 1 页 20 条 共 2 页
2026-05-20 23:46:22,386 [INFO]   ✓ 2024-10-01 10:12:23 (策略A: 10点后首条) 折算价=700.74
2026-05-20 23:46:22,387 [INFO] >>> 补抓进度: 640/731 (87.6%) <<<
2026-05-20 23:46:23,066 [INFO] === 2024-10-02 ===
2026-05-20 23:46:23,303 [INFO]     第 1 页 20 条 共 1 页
2026-05-20 23:46:23,303 [INFO]   ✓ 2024-10-02 10:30:00 (策略A: 10点后首条) 折算价=700.74
2026-05-20 23:46:24,183 [INFO] === 2024-10-03 ===
2026-05-20 23:46:24,416 [INFO]     第 1 页 20 条 共 2 页
2026-05-20 23:46:24,417 [INFO]   ✓ 2024-10-03 10:30:00 (策略A: 10点后首条) 折算价=700.74
2026-05-20 23:46:25,281 [INFO] === 2024-10-04 ===
2026-05-20 23:46:25,712 [INFO]     第 1 页 20 条 共 2 页
2026-05-20 23:46:25,713 [INFO]   ✓ 2024-10-04 10:30:00 (策略A: 10点后首条) 折算价=700.74
2026-05-20 23:46:26,594 [INFO] === 2024-10-05 ===
2026-05-20 23:46:27,879 [ERROR]   ✗ 2024-10-05 已达最大重试次数，跳过
2026-05-20 23:46:28,804 [INFO] === 2024-10-06 ===
2026-05-20 23:46:30,089 [ERROR]   ✗ 2024-10-06 已达最大重试次数，跳过
2026-05-20 23:46:31,042 [INFO] === 2024-10-07 ===
2026-05-20 23:46:31,272 [INFO]     第 1 页 20 条 共 1 页
2026-05-20 23:46:31,272 [INFO]   ✓ 2024-10-07 10:01:04 (策略A: 10点后首条) 折算价=700.74
2026-05-20 23:46:32,055 [INFO] === 2024-10-08 ===
2026-05-20 23:46:32,306 [INFO]     第 1 页 20 条 共 12 页
2026-05-20 23:46:33,085 [WARNING]     第3页第1次服务端异常或空响应提示
2026-05-20 23:46:34,619 [WARNING]     第3页第2次服务端异常或空响应提示
2026-05-20 23:46:39,038 [WARNING]     第5页第1次服务端异常或空响应提示
2026-05-20 23:46:40,577 [WARNING]     第5页第2次服务端异常或空响应提示
2026-05-20 23:46:44,227 [WARNING]     第6页第1次服务端异常或空响应提示
2026-05-20 23:46:48,447 [INFO]   ✓ 2024-10-08 10:01:14 (策略A: 10点后首条) 折算价=707.09
2026-05-20 23:46:49,263 [INFO] === 2024-10-09 ===
2026-05-20 23:46:49,689 [INFO]     第 1 页 20 条 共 10 页
2026-05-20 23:46:51,812 [WARNING]     第5页第1次服务端异常或空响应提示
2026-05-20 23:46:53,345 [WARNING]     第5页第2次服务端异常或空响应提示
2026-05-20 23:46:58,533 [WARNING]     第8页第1次服务端异常或空响应提示
2026-05-20 23:47:00,660 [WARNING]     第9页第1次服务端异常或空响应提示
2026-05-20 23:47:02,308 [INFO]   ✓ 2024-10-09 10:00:48 (策略A: 10点后首条) 折算价=705.68
2026-05-20 23:47:03,118 [INFO] === 2024-10-10 ===
2026-05-20 23:47:03,355 [INFO]     第 1 页 20 条 共 10 页
2026-05-20 23:47:04,106 [WARNING]     第3页第1次服务端异常或空响应提示
2026-05-20 23:47:05,640 [WARNING]     第3页第2次服务端异常或空响应提示
2026-05-20 23:47:12,209 [INFO]   ✓ 2024-10-10 10:02:24 (策略A: 10点后首条) 折算价=707.42
2026-05-20 23:47:12,917 [INFO] === 2024-10-11 ===
2026-05-20 23:47:13,176 [INFO]     第 1 页 20 条 共 8 页
2026-05-20 23:47:15,224 [WARNING]     第5页第1次服务端异常或空响应提示
2026-05-20 23:47:16,757 [WARNING]     第5页第2次服务端异常或空响应提示
2026-05-20 23:47:19,792 [WARNING]     第5页第3次服务端异常或空响应提示
2026-05-20 23:47:24,293 [WARNING]   第5页翻页重试失败
2026-05-20 23:47:24,294 [INFO]   ✓ 2024-10-11 14:21:58 (策略A: 10点后首条) 折算价=707.31
2026-05-20 23:47:24,295 [INFO] >>> 补抓进度: 650/731 (88.9%) <<<
2026-05-20 23:47:24,928 [INFO] --- 定期重置 Session (已处理 650 天) ---
2026-05-20 23:47:25,118 [INFO] === 2024-10-12 ===
2026-05-20 23:47:25,379 [INFO]     第 1 页 14 条 共 1 页
2026-05-20 23:47:25,380 [INFO]   ✓ 2024-10-12 10:30:00 (策略A: 10点后首条) 折算价=707.31
2026-05-20 23:47:26,355 [INFO] === 2024-10-13 ===
2026-05-20 23:47:26,785 [INFO]     第 1 页 6 条 共 1 页
2026-05-20 23:47:26,786 [INFO]   ✓ 2024-10-13 10:30:00 (策略A: 10点后首条) 折算价=707.31
2026-05-20 23:47:27,348 [INFO] === 2024-10-14 ===
2026-05-20 23:47:27,908 [INFO]     第 1 页 20 条 共 9 页
2026-05-20 23:47:27,942 [WARNING]     第2页第1次服务端异常或空响应提示
2026-05-20 23:47:29,478 [WARNING]     第2页第2次服务端异常或空响应提示
2026-05-20 23:47:32,513 [WARNING]     第2页第3次服务端异常或空响应提示
2026-05-20 23:47:37,013 [WARNING]   第2页翻页重试失败
2026-05-20 23:47:37,014 [INFO]   ✓ 2024-10-14 20:39:56 (策略A: 10点后首条) 折算价=707.23
2026-05-20 23:47:37,979 [INFO] === 2024-10-15 ===
2026-05-20 23:47:38,220 [INFO]     第 1 页 20 条 共 13 页
2026-05-20 23:47:38,879 [WARNING]     第3页第1次服务端异常或空响应提示
2026-05-20 23:47:41,587 [WARNING]     第5页第1次服务端异常或空响应提示
2026-05-20 23:47:43,121 [WARNING]     第5页第2次服务端异常或空响应提示
2026-05-20 23:47:51,132 [INFO]   ✓ 2024-10-15 10:01:17 (策略A: 10点后首条) 折算价=708.3
2026-05-20 23:47:51,683 [INFO] === 2024-10-16 ===
2026-05-20 23:47:52,185 [INFO]     第 1 页 20 条 共 11 页
2026-05-20 23:47:56,925 [INFO]   ✓ 2024-10-16 10:00:13 (策略A: 10点后首条) 折算价=711.91
2026-05-20 23:47:57,807 [INFO] === 2024-10-17 ===
2026-05-20 23:47:58,201 [INFO]     第 1 页 20 条 共 10 页
2026-05-20 23:48:03,175 [INFO]   ✓ 2024-10-17 10:03:38 (策略A: 10点后首条) 折算价=712.2
2026-05-20 23:48:04,060 [INFO] === 2024-10-18 ===
2026-05-20 23:48:04,343 [INFO]     第 1 页 20 条 共 11 页
2026-05-20 23:48:06,353 [WARNING]     第5页第1次服务端异常或空响应提示
2026-05-20 23:48:07,890 [WARNING]     第5页第2次服务端异常或空响应提示
2026-05-20 23:48:10,928 [WARNING]     第5页第3次服务端异常或空响应提示
2026-05-20 23:48:15,429 [WARNING]   第5页翻页重试失败
2026-05-20 23:48:15,430 [INFO]   ✓ 2024-10-18 14:43:06 (策略A: 10点后首条) 折算价=712.74
2026-05-20 23:48:16,294 [INFO] === 2024-10-19 ===
2026-05-20 23:48:16,889 [INFO]     第 1 页 13 条 共 1 页
2026-05-20 23:48:16,889 [INFO]   ✓ 2024-10-19 10:30:00 (策略A: 10点后首条) 折算价=712.74
2026-05-20 23:48:17,419 [INFO] === 2024-10-20 ===
2026-05-20 23:48:18,357 [ERROR]   ✗ 2024-10-20 已达最大重试次数，跳过
2026-05-20 23:48:19,004 [INFO] === 2024-10-21 ===
2026-05-20 23:48:19,592 [INFO]     第 1 页 20 条 共 7 页
2026-05-20 23:48:21,823 [WARNING]     第5页第1次服务端异常或空响应提示
2026-05-20 23:48:23,358 [WARNING]     第5页第2次服务端异常或空响应提示
2026-05-20 23:48:27,181 [WARNING]     第6页第1次服务端异常或空响应提示
2026-05-20 23:48:28,794 [INFO]   ✓ 2024-10-21 10:00:50 (策略A: 10点后首条) 折算价=709.82
2026-05-20 23:48:28,796 [INFO] >>> 补抓进度: 660/731 (90.3%) <<<
2026-05-20 23:48:29,389 [INFO] === 2024-10-22 ===
2026-05-20 23:48:30,040 [INFO]     第 1 页 20 条 共 7 页
2026-05-20 23:48:30,611 [WARNING]     第3页第1次服务端异常或空响应提示
2026-05-20 23:48:34,532 [WARNING]     第6页第1次服务端异常或空响应提示
2026-05-20 23:48:36,066 [WARNING]     第6页第2次服务端异常或空响应提示
2026-05-20 23:48:39,103 [WARNING]     第6页第3次服务端异常或空响应提示
2026-05-20 23:48:43,603 [WARNING]   第6页翻页重试失败
2026-05-20 23:48:43,604 [INFO]   ✓ 2024-10-22 10:10:31 (策略A: 10点后首条) 折算价=712.23
2026-05-20 23:48:44,489 [INFO] === 2024-10-23 ===
2026-05-20 23:48:44,742 [INFO]     第 1 页 20 条 共 7 页
2026-05-20 23:48:44,775 [WARNING]     第2页第1次服务端异常或空响应提示
2026-05-20 23:48:46,309 [WARNING]     第2页第2次服务端异常或空响应提示
2026-05-20 23:48:51,871 [INFO]   ✓ 2024-10-23 10:00:22 (策略A: 10点后首条) 折算价=712.45
2026-05-20 23:48:52,470 [INFO] === 2024-10-24 ===
2026-05-20 23:48:52,729 [INFO]     第 1 页 20 条 共 9 页
2026-05-20 23:48:56,092 [INFO]   ✓ 2024-10-24 10:02:22 (策略A: 10点后首条) 折算价=712.86
2026-05-20 23:48:56,789 [INFO] === 2024-10-25 ===
2026-05-20 23:48:57,016 [INFO]     第 1 页 20 条 共 7 页
2026-05-20 23:48:59,670 [INFO]   ✓ 2024-10-25 10:01:21 (策略A: 10点后首条) 折算价=710.9
2026-05-20 23:49:00,321 [INFO] === 2024-10-26 ===
2026-05-20 23:49:00,579 [INFO]     第 1 页 11 条 共 1 页
2026-05-20 23:49:00,579 [INFO]   ✓ 2024-10-26 10:30:00 (策略A: 10点后首条) 折算价=710.9
2026-05-20 23:49:01,579 [INFO] === 2024-10-27 ===
2026-05-20 23:49:01,815 [INFO]     第 1 页 6 条 共 1 页
2026-05-20 23:49:01,816 [INFO]   ✓ 2024-10-27 10:30:00 (策略A: 10点后首条) 折算价=710.9
2026-05-20 23:49:02,786 [INFO] === 2024-10-28 ===
2026-05-20 23:49:03,018 [INFO]     第 1 页 20 条 共 10 页
2026-05-20 23:49:06,285 [WARNING]     第7页第1次服务端异常或空响应提示
2026-05-20 23:49:09,232 [WARNING]     第9页第1次服务端异常或空响应提示
2026-05-20 23:49:10,875 [INFO]   ✓ 2024-10-28 10:00:11 (策略A: 10点后首条) 折算价=713.07
2026-05-20 23:49:11,413 [INFO] === 2024-10-29 ===
2026-05-20 23:49:11,783 [INFO]     第 1 页 20 条 共 10 页
2026-05-20 23:49:11,823 [WARNING]     第2页第1次服务端异常或空响应提示
2026-05-20 23:49:13,935 [WARNING]     第3页第1次服务端异常或空响应提示
2026-05-20 23:49:15,470 [WARNING]     第3页第2次服务端异常或空响应提示
2026-05-20 23:49:18,506 [WARNING]     第3页第3次服务端异常或空响应提示
2026-05-20 23:49:23,007 [WARNING]   第3页翻页重试失败
2026-05-20 23:49:23,008 [INFO]   ✓ 2024-10-29 17:02:22 (策略A: 10点后首条) 折算价=712.83
2026-05-20 23:49:23,687 [INFO] === 2024-10-30 ===
2026-05-20 23:49:24,931 [ERROR]   ✗ 2024-10-30 已达最大重试次数，跳过
2026-05-20 23:49:25,894 [INFO] === 2024-10-31 ===
2026-05-20 23:49:27,066 [ERROR]   ✗ 2024-10-31 已达最大重试次数，跳过
2026-05-20 23:49:27,067 [INFO] >>> 补抓进度: 670/731 (91.7%) <<<
2026-05-20 23:49:27,949 [INFO] === 2024-11-01 ===
2026-05-20 23:49:28,324 [INFO]     第 1 页 20 条 共 9 页
2026-05-20 23:49:29,825 [WARNING]     第4页第1次服务端异常或空响应提示
2026-05-20 23:49:32,251 [WARNING]     第5页第1次服务端异常或空响应提示
2026-05-20 23:49:33,785 [WARNING]     第5页第2次服务端异常或空响应提示
2026-05-20 23:49:37,596 [WARNING]     第6页第1次服务端异常或空响应提示
2026-05-20 23:49:39,791 [WARNING]     第7页第1次服务端异常或空响应提示
2026-05-20 23:49:41,325 [WARNING]     第7页第2次服务端异常或空响应提示
2026-05-20 23:49:44,438 [INFO]   ✓ 2024-11-01 10:00:04 (策略A: 10点后首条) 折算价=711.35
2026-05-20 23:49:45,104 [INFO] === 2024-11-02 ===
2026-05-20 23:49:45,502 [INFO]     第 1 页 11 条 共 1 页
2026-05-20 23:49:45,503 [INFO]   ✓ 2024-11-02 10:30:00 (策略A: 10点后首条) 折算价=711.35
2026-05-20 23:49:46,300 [INFO] === 2024-11-03 ===
2026-05-20 23:49:47,394 [INFO]     第 1 页 6 条 共 1 页
2026-05-20 23:49:47,395 [INFO]   ✓ 2024-11-03 10:30:00 (策略A: 10点后首条) 折算价=711.35
2026-05-20 23:49:48,348 [INFO] === 2024-11-04 ===
2026-05-20 23:49:48,585 [INFO]     第 1 页 20 条 共 10 页
2026-05-20 23:49:48,619 [WARNING]     第2页第1次服务端异常或空响应提示
2026-05-20 23:49:53,275 [WARNING]     第7页第1次服务端异常或空响应提示
2026-05-20 23:49:55,573 [INFO]   ✓ 2024-11-04 10:03:00 (策略A: 10点后首条) 折算价=712.03
2026-05-20 23:49:56,253 [INFO] === 2024-11-05 ===
2026-05-20 23:49:56,551 [INFO]     第 1 页 20 条 共 8 页
2026-05-20 23:49:59,611 [INFO]   ✓ 2024-11-05 10:00:18 (策略A: 10点后首条) 折算价=710.16
2026-05-20 23:50:00,219 [INFO] === 2024-11-06 ===
2026-05-20 23:50:00,469 [INFO]     第 1 页 20 条 共 16 页
2026-05-20 23:50:00,504 [WARNING]     第2页第1次服务端异常或空响应提示
2026-05-20 23:50:10,377 [WARNING]     第13页第1次服务端异常或空响应提示
2026-05-20 23:50:12,480 [WARNING]     第14页第1次服务端异常或空响应提示
2026-05-20 23:50:14,095 [INFO]   ✓ 2024-11-06 10:02:03 (策略A: 10点后首条) 折算价=709.93
2026-05-20 23:50:14,774 [INFO] === 2024-11-07 ===
2026-05-20 23:50:15,241 [INFO]     第 1 页 20 条 共 12 页
2026-05-20 23:50:16,026 [WARNING]     第3页第1次服务端异常或空响应提示
2026-05-20 23:50:17,562 [WARNING]     第3页第2次服务端异常或空响应提示
2026-05-20 23:50:22,701 [WARNING]     第6页第1次服务端异常或空响应提示
2026-05-20 23:50:24,890 [WARNING]     第7页第1次服务端异常或空响应提示
2026-05-20 23:50:28,039 [WARNING]     第9页第1次服务端异常或空响应提示
2026-05-20 23:50:30,322 [WARNING]     第10页第1次服务端异常或空响应提示
2026-05-20 23:50:31,855 [WARNING]     第10页第2次服务端异常或空响应提示
2026-05-20 23:50:35,028 [INFO]   ✓ 2024-11-07 10:03:11 (策略A: 10点后首条) 折算价=716.59
2026-05-20 23:50:35,717 [INFO] === 2024-11-08 ===
2026-05-20 23:50:36,447 [INFO]     第 1 页 20 条 共 11 页
2026-05-20 23:50:36,481 [WARNING]     第2页第1次服务端异常或空响应提示
2026-05-20 23:50:38,791 [WARNING]     第3页第1次服务端异常或空响应提示
2026-05-20 23:50:40,328 [WARNING]     第3页第2次服务端异常或空响应提示
2026-05-20 23:50:43,368 [WARNING]     第3页第3次服务端异常或空响应提示
2026-05-20 23:50:47,869 [WARNING]   第3页翻页重试失败
2026-05-20 23:50:47,870 [INFO]   ✓ 2024-11-08 16:35:25 (策略A: 10点后首条) 折算价=714.33
2026-05-20 23:50:48,760 [INFO] === 2024-11-09 ===
2026-05-20 23:50:49,000 [INFO]     第 1 页 16 条 共 1 页
2026-05-20 23:50:49,001 [INFO]   ✓ 2024-11-09 10:30:00 (策略A: 10点后首条) 折算价=714.33
2026-05-20 23:50:49,935 [INFO] === 2024-11-10 ===
2026-05-20 23:50:50,657 [INFO]     第 1 页 6 条 共 1 页
2026-05-20 23:50:50,657 [INFO]   ✓ 2024-11-10 10:30:00 (策略A: 10点后首条) 折算价=714.33
2026-05-20 23:50:50,659 [INFO] >>> 补抓进度: 680/731 (93.0%) <<<
2026-05-20 23:50:51,602 [INFO] === 2024-11-11 ===
2026-05-20 23:50:51,861 [INFO]     第 1 页 20 条 共 9 页
2026-05-20 23:50:52,585 [WARNING]     第3页第1次服务端异常或空响应提示
2026-05-20 23:50:58,255 [WARNING]     第8页第1次服务端异常或空响应提示
2026-05-20 23:50:59,866 [INFO]   ✓ 2024-11-11 10:01:43 (策略A: 10点后首条) 折算价=717.86
2026-05-20 23:51:00,441 [INFO] === 2024-11-12 ===
2026-05-20 23:51:00,682 [INFO]     第 1 页 20 条 共 14 页
2026-05-20 23:51:00,716 [WARNING]     第2页第1次服务端异常或空响应提示
2026-05-20 23:51:04,474 [WARNING]     第5页第1次服务端异常或空响应提示
2026-05-20 23:51:10,221 [WARNING]     第11页第1次服务端异常或空响应提示
2026-05-20 23:51:11,830 [INFO]   ✓ 2024-11-12 10:00:33 (策略A: 10点后首条) 折算价=719.27
2026-05-20 23:51:12,656 [INFO] === 2024-11-13 ===
2026-05-20 23:51:12,887 [INFO]     第 1 页 20 条 共 13 页
2026-05-20 23:51:17,000 [WARNING]     第7页第1次服务端异常或空响应提示
2026-05-20 23:51:18,534 [WARNING]     第7页第2次服务端异常或空响应提示
2026-05-20 23:51:24,135 [WARNING]     第11页第1次服务端异常或空响应提示
2026-05-20 23:51:25,789 [INFO]   ✓ 2024-11-13 10:00:12 (策略A: 10点后首条) 折算价=719.91
2026-05-20 23:51:26,655 [INFO] === 2024-11-14 ===
2026-05-20 23:51:27,214 [INFO]     第 1 页 20 条 共 10 页
2026-05-20 23:51:27,250 [WARNING]     第2页第1次服务端异常或空响应提示
2026-05-20 23:51:28,786 [WARNING]     第2页第2次服务端异常或空响应提示
2026-05-20 23:51:31,821 [WARNING]     第2页第3次服务端异常或空响应提示
2026-05-20 23:51:36,322 [WARNING]   第2页翻页重试失败
2026-05-20 23:51:36,323 [INFO]   ✓ 2024-11-14 19:03:32 (策略A: 10点后首条) 折算价=719.66
2026-05-20 23:51:36,978 [INFO] === 2024-11-15 ===
2026-05-20 23:51:37,405 [INFO]     第 1 页 20 条 共 11 页
2026-05-20 23:51:38,135 [WARNING]     第3页第1次服务端异常或空响应提示
2026-05-20 23:51:41,000 [WARNING]     第5页第1次服务端异常或空响应提示
2026-05-20 23:51:42,540 [WARNING]     第5页第2次服务端异常或空响应提示
2026-05-20 23:51:45,575 [WARNING]     第5页第3次服务端异常或空响应提示
2026-05-20 23:51:50,076 [WARNING]   第5页翻页重试失败
2026-05-20 23:51:50,076 [INFO]   ✓ 2024-11-15 14:47:13 (策略A: 10点后首条) 折算价=719.92
2026-05-20 23:51:51,034 [INFO] === 2024-11-16 ===
2026-05-20 23:51:51,307 [INFO]     第 1 页 19 条 共 1 页
2026-05-20 23:51:51,307 [INFO]   ✓ 2024-11-16 10:30:00 (策略A: 10点后首条) 折算价=719.92
2026-05-20 23:51:52,185 [INFO] === 2024-11-17 ===
2026-05-20 23:51:52,410 [INFO]     第 1 页 6 条 共 1 页
2026-05-20 23:51:52,410 [INFO]   ✓ 2024-11-17 10:30:00 (策略A: 10点后首条) 折算价=719.92
2026-05-20 23:51:53,195 [INFO] === 2024-11-18 ===
2026-05-20 23:51:54,228 [INFO]     第 1 页 20 条 共 8 页
2026-05-20 23:51:56,568 [WARNING]     第5页第1次服务端异常或空响应提示
2026-05-20 23:51:59,748 [INFO]   ✓ 2024-11-18 10:00:09 (策略A: 10点后首条) 折算价=719.07
2026-05-20 23:52:00,407 [INFO] === 2024-11-19 ===
2026-05-20 23:52:00,645 [INFO]     第 1 页 20 条 共 10 页
2026-05-20 23:52:02,536 [WARNING]     第5页第1次服务端异常或空响应提示
2026-05-20 23:52:04,922 [WARNING]     第6页第1次服务端异常或空响应提示
2026-05-20 23:52:08,085 [INFO]   ✓ 2024-11-19 10:00:20 (策略A: 10点后首条) 折算价=719.11
2026-05-20 23:52:08,832 [INFO] === 2024-11-20 ===
2026-05-20 23:52:09,081 [INFO]     第 1 页 20 条 共 7 页
2026-05-20 23:52:11,299 [INFO]   ✓ 2024-11-20 10:03:37 (策略A: 10点后首条) 折算价=719.35
2026-05-20 23:52:11,301 [INFO] >>> 补抓进度: 690/731 (94.4%) <<<
2026-05-20 23:52:11,938 [INFO] === 2024-11-21 ===
2026-05-20 23:52:12,158 [INFO]     第 1 页 20 条 共 6 页
2026-05-20 23:52:14,341 [INFO]   ✓ 2024-11-21 10:04:43 (策略A: 10点后首条) 折算价=719.34
2026-05-20 23:52:14,864 [INFO] === 2024-11-22 ===
2026-05-20 23:52:15,094 [INFO]     第 1 页 20 条 共 7 页
2026-05-20 23:52:15,129 [WARNING]     第2页第1次服务端异常或空响应提示
2026-05-20 23:52:16,669 [WARNING]     第2页第2次服务端异常或空响应提示
2026-05-20 23:52:23,063 [INFO]   ✓ 2024-11-22 10:02:10 (策略A: 10点后首条) 折算价=719.42
2026-05-20 23:52:23,798 [INFO] === 2024-11-23 ===
2026-05-20 23:52:24,019 [INFO]     第 1 页 13 条 共 1 页
2026-05-20 23:52:24,019 [INFO]   ✓ 2024-11-23 10:30:00 (策略A: 10点后首条) 折算价=719.42
2026-05-20 23:52:24,726 [INFO] === 2024-11-24 ===
2026-05-20 23:52:25,319 [INFO]     第 1 页 6 条 共 1 页
2026-05-20 23:52:25,319 [INFO]   ✓ 2024-11-24 10:30:00 (策略A: 10点后首条) 折算价=719.42
2026-05-20 23:52:25,893 [INFO] === 2024-11-25 ===
2026-05-20 23:52:26,288 [INFO]     第 1 页 20 条 共 6 页
2026-05-20 23:52:27,101 [WARNING]     第3页第1次服务端异常或空响应提示
2026-05-20 23:52:28,635 [WARNING]     第3页第2次服务端异常或空响应提示
2026-05-20 23:52:32,344 [WARNING]     第4页第1次服务端异常或空响应提示
2026-05-20 23:52:33,954 [INFO]   ✓ 2024-11-25 10:03:38 (策略A: 10点后首条) 折算价=719.18
2026-05-20 23:52:34,490 [INFO] === 2024-11-26 ===
2026-05-20 23:52:34,886 [INFO]     第 1 页 20 条 共 8 页
2026-05-20 23:52:34,920 [WARNING]     第2页第1次服务端异常或空响应提示
2026-05-20 23:52:36,454 [WARNING]     第2页第2次服务端异常或空响应提示
2026-05-20 23:52:39,488 [WARNING]     第2页第3次服务端异常或空响应提示
2026-05-20 23:52:43,989 [WARNING]   第2页翻页重试失败
2026-05-20 23:52:43,990 [INFO]   ✓ 2024-11-26 20:54:12 (策略A: 10点后首条) 折算价=719.1
2026-05-20 23:52:44,857 [INFO] === 2024-11-27 ===
2026-05-20 23:52:46,131 [ERROR]   ✗ 2024-11-27 已达最大重试次数，跳过
2026-05-20 23:52:46,769 [INFO] === 2024-11-28 ===
2026-05-20 23:52:47,539 [INFO]     第 1 页 20 条 共 7 页
2026-05-20 23:52:47,574 [WARNING]     第2页第1次服务端异常或空响应提示
2026-05-20 23:52:49,111 [WARNING]     第2页第2次服务端异常或空响应提示
2026-05-20 23:52:53,002 [WARNING]     第3页第1次服务端异常或空响应提示
2026-05-20 23:52:55,845 [INFO]   ✓ 2024-11-28 10:01:49 (策略A: 10点后首条) 折算价=718.94
2026-05-20 23:52:56,797 [INFO] === 2024-11-29 ===
2026-05-20 23:52:57,350 [INFO]     第 1 页 20 条 共 9 页
2026-05-20 23:52:57,387 [WARNING]     第2页第1次服务端异常或空响应提示
2026-05-20 23:53:02,807 [INFO]   ✓ 2024-11-29 10:00:10 (策略A: 10点后首条) 折算价=718.77
2026-05-20 23:53:03,601 [INFO] === 2024-11-30 ===
2026-05-20 23:53:04,138 [INFO]     第 1 页 20 条 共 2 页
2026-05-20 23:53:04,138 [INFO]   ✓ 2024-11-30 10:30:00 (策略A: 10点后首条) 折算价=718.77
2026-05-20 23:53:04,140 [INFO] >>> 补抓进度: 700/731 (95.8%) <<<
2026-05-20 23:53:04,774 [INFO] --- 定期重置 Session (已处理 700 天) ---
2026-05-20 23:53:04,956 [INFO] === 2024-12-01 ===
2026-05-20 23:53:05,727 [INFO]     第 1 页 6 条 共 1 页
2026-05-20 23:53:05,727 [INFO]   ✓ 2024-12-01 10:30:00 (策略A: 10点后首条) 折算价=718.77
2026-05-20 23:53:06,350 [INFO] === 2024-12-02 ===
2026-05-20 23:53:06,766 [INFO]     第 1 页 20 条 共 9 页
2026-05-20 23:53:06,801 [WARNING]     第2页第1次服务端异常或空响应提示
2026-05-20 23:53:08,336 [WARNING]     第2页第2次服务端异常或空响应提示
2026-05-20 23:53:14,594 [INFO]   ✓ 2024-12-02 10:04:04 (策略A: 10点后首条) 折算价=718.65
2026-05-20 23:53:15,415 [INFO] === 2024-12-03 ===
2026-05-20 23:53:15,806 [INFO]     第 1 页 20 条 共 12 页
2026-05-20 23:53:20,928 [INFO]   ✓ 2024-12-03 10:00:11 (策略A: 10点后首条) 折算价=719.96
2026-05-20 23:53:21,921 [INFO] === 2024-12-04 ===
2026-05-20 23:53:22,162 [INFO]     第 1 页 20 条 共 11 页
2026-05-20 23:53:22,200 [WARNING]     第2页第1次服务端异常或空响应提示
2026-05-20 23:53:23,734 [WARNING]     第2页第2次服务端异常或空响应提示
2026-05-20 23:53:27,481 [WARNING]     第3页第1次服务端异常或空响应提示
2026-05-20 23:53:29,020 [WARNING]     第3页第2次服务端异常或空响应提示
2026-05-20 23:53:32,055 [WARNING]     第3页第3次服务端异常或空响应提示
2026-05-20 23:53:36,556 [WARNING]   第3页翻页重试失败
2026-05-20 23:53:36,556 [INFO]   ✓ 2024-12-04 16:59:57 (策略A: 10点后首条) 折算价=719.34
2026-05-20 23:53:37,546 [INFO] === 2024-12-05 ===
2026-05-20 23:53:37,780 [INFO]     第 1 页 20 条 共 9 页
2026-05-20 23:53:38,695 [WARNING]     第3页第1次服务端异常或空响应提示
2026-05-20 23:53:41,088 [WARNING]     第4页第1次服务端异常或空响应提示
2026-05-20 23:53:43,234 [WARNING]     第5页第1次服务端异常或空响应提示
2026-05-20 23:53:44,771 [WARNING]     第5页第2次服务端异常或空响应提示
2026-05-20 23:53:48,466 [WARNING]     第6页第1次服务端异常或空响应提示
2026-05-20 23:53:50,005 [WARNING]     第6页第2次服务端异常或空响应提示
2026-05-20 23:53:53,039 [WARNING]     第6页第3次服务端异常或空响应提示
2026-05-20 23:53:57,540 [WARNING]   第6页翻页重试失败
2026-05-20 23:53:57,541 [INFO]   ✓ 2024-12-05 11:45:20 (策略A: 10点后首条) 折算价=718.79
2026-05-20 23:53:58,495 [INFO] === 2024-12-06 ===
2026-05-20 23:53:58,869 [INFO]     第 1 页 20 条 共 9 页
2026-05-20 23:54:02,438 [INFO]   ✓ 2024-12-06 10:03:29 (策略A: 10点后首条) 折算价=718.48
2026-05-20 23:54:02,946 [INFO] === 2024-12-07 ===
2026-05-20 23:54:03,168 [INFO]     第 1 页 14 条 共 1 页
2026-05-20 23:54:03,168 [INFO]   ✓ 2024-12-07 10:30:00 (策略A: 10点后首条) 折算价=718.48
2026-05-20 23:54:04,166 [INFO] === 2024-12-08 ===
2026-05-20 23:54:04,701 [INFO]     第 1 页 6 条 共 1 页
2026-05-20 23:54:04,702 [INFO]   ✓ 2024-12-08 10:30:00 (策略A: 10点后首条) 折算价=718.48
2026-05-20 23:54:05,557 [INFO] === 2024-12-09 ===
2026-05-20 23:54:05,936 [INFO]     第 1 页 20 条 共 7 页
2026-05-20 23:54:05,970 [WARNING]     第2页第1次服务端异常或空响应提示
2026-05-20 23:54:10,477 [INFO]   ✓ 2024-12-09 10:01:48 (策略A: 10点后首条) 折算价=718.7
2026-05-20 23:54:11,072 [INFO] === 2024-12-10 ===
2026-05-20 23:54:11,330 [INFO]     第 1 页 20 条 共 11 页
2026-05-20 23:54:11,366 [WARNING]     第2页第1次服务端异常或空响应提示
2026-05-20 23:54:18,409 [INFO]   ✓ 2024-12-10 10:00:54 (策略A: 10点后首条) 折算价=718.96
2026-05-20 23:54:18,411 [INFO] >>> 补抓进度: 710/731 (97.1%) <<<
2026-05-20 23:54:19,091 [INFO] === 2024-12-11 ===
2026-05-20 23:54:19,310 [INFO]     第 1 页 20 条 共 13 页
2026-05-20 23:54:22,293 [WARNING]     第6页第1次服务端异常或空响应提示
2026-05-20 23:54:26,832 [WARNING]     第10页第1次服务端异常或空响应提示
2026-05-20 23:54:28,374 [WARNING]     第10页第2次服务端异常或空响应提示
2026-05-20 23:54:32,178 [INFO]   ✓ 2024-12-11 10:01:12 (策略A: 10点后首条) 折算价=718.43
2026-05-20 23:54:32,901 [INFO] === 2024-12-12 ===
2026-05-20 23:54:34,001 [INFO]     第 1 页 20 条 共 10 页
2026-05-20 23:54:34,040 [WARNING]     第2页第1次服务端异常或空响应提示
2026-05-20 23:54:35,578 [WARNING]     第2页第2次服务端异常或空响应提示
2026-05-20 23:54:38,616 [WARNING]     第2页第3次服务端异常或空响应提示
2026-05-20 23:54:43,117 [WARNING]   第2页翻页重试失败
2026-05-20 23:54:43,118 [INFO]   ✓ 2024-12-12 21:30:43 (策略A: 10点后首条) 折算价=718.54
2026-05-20 23:54:43,936 [INFO] === 2024-12-13 ===
2026-05-20 23:54:44,879 [INFO]     第 1 页 20 条 共 7 页
2026-05-20 23:54:44,917 [WARNING]     第2页第1次服务端异常或空响应提示
2026-05-20 23:54:46,456 [WARNING]     第2页第2次服务端异常或空响应提示
2026-05-20 23:54:50,331 [WARNING]     第3页第1次服务端异常或空响应提示
2026-05-20 23:54:53,127 [WARNING]     第5页第1次服务端异常或空响应提示
2026-05-20 23:54:54,664 [WARNING]     第5页第2次服务端异常或空响应提示
2026-05-20 23:54:58,385 [WARNING]     第6页第1次服务端异常或空响应提示
2026-05-20 23:54:59,999 [INFO]   ✓ 2024-12-13 10:02:30 (策略A: 10点后首条) 折算价=718.76
2026-05-20 23:55:00,936 [INFO] === 2024-12-14 ===
2026-05-20 23:55:01,207 [INFO]     第 1 页 12 条 共 1 页
2026-05-20 23:55:01,208 [INFO]   ✓ 2024-12-14 10:30:00 (策略A: 10点后首条) 折算价=718.76
2026-05-20 23:55:02,105 [INFO] === 2024-12-15 ===
2026-05-20 23:55:02,724 [INFO]     第 1 页 7 条 共 1 页
2026-05-20 23:55:02,725 [INFO]   ✓ 2024-12-15 10:30:00 (策略A: 10点后首条) 折算价=718.76
2026-05-20 23:55:03,256 [INFO] === 2024-12-16 ===
2026-05-20 23:55:03,515 [INFO]     第 1 页 20 条 共 5 页
2026-05-20 23:55:04,109 [WARNING]     第3页第1次服务端异常或空响应提示
2026-05-20 23:55:06,456 [INFO]   ✓ 2024-12-16 10:00:36 (策略A: 10点后首条) 折算价=718.82
2026-05-20 23:55:07,349 [INFO] === 2024-12-17 ===
2026-05-20 23:55:07,736 [INFO]     第 1 页 20 条 共 4 页
2026-05-20 23:55:07,771 [WARNING]     第2页第1次服务端异常或空响应提示
2026-05-20 23:55:09,306 [WARNING]     第2页第2次服务端异常或空响应提示
2026-05-20 23:55:13,194 [INFO]   ✓ 2024-12-17 10:04:17 (策略A: 10点后首条) 折算价=718.91
2026-05-20 23:55:14,014 [INFO] === 2024-12-18 ===
2026-05-20 23:55:14,190 [INFO]     第 1 页 20 条 共 5 页
2026-05-20 23:55:15,929 [INFO]   ✓ 2024-12-18 10:00:28 (策略A: 10点后首条) 折算价=718.8
2026-05-20 23:55:16,796 [INFO] === 2024-12-19 ===
2026-05-20 23:55:17,193 [INFO]     第 1 页 20 条 共 5 页
2026-05-20 23:55:18,718 [INFO]   ✓ 2024-12-19 10:01:40 (策略A: 10点后首条) 折算价=719.11
2026-05-20 23:55:19,401 [INFO] === 2024-12-20 ===
2026-05-20 23:55:19,561 [INFO]     第 1 页 20 条 共 4 页
2026-05-20 23:55:20,520 [INFO]   ✓ 2024-12-20 10:00:12 (策略A: 10点后首条) 折算价=719.01
2026-05-20 23:55:20,522 [INFO] >>> 补抓进度: 720/731 (98.5%) <<<
2026-05-20 23:55:21,112 [INFO] === 2024-12-21 ===
2026-05-20 23:55:21,374 [INFO]     第 1 页 19 条 共 1 页
2026-05-20 23:55:21,375 [INFO]   ✓ 2024-12-21 10:30:00 (策略A: 10点后首条) 折算价=719.01
2026-05-20 23:55:22,364 [INFO] === 2024-12-22 ===
2026-05-20 23:55:22,655 [INFO]     第 1 页 6 条 共 1 页
2026-05-20 23:55:22,656 [INFO]   ✓ 2024-12-22 10:30:00 (策略A: 10点后首条) 折算价=719.01
2026-05-20 23:55:23,170 [INFO] === 2024-12-23 ===
2026-05-20 23:55:23,375 [INFO]     第 1 页 20 条 共 4 页
2026-05-20 23:55:24,150 [INFO]   ✓ 2024-12-23 10:02:25 (策略A: 10点后首条) 折算价=718.7
2026-05-20 23:55:25,117 [INFO] === 2024-12-24 ===
2026-05-20 23:55:25,300 [INFO]     第 1 页 20 条 共 4 页
2026-05-20 23:55:26,273 [INFO]   ✓ 2024-12-24 10:04:35 (策略A: 10点后首条) 折算价=718.76
2026-05-20 23:55:26,980 [INFO] === 2024-12-25 ===
2026-05-20 23:55:27,206 [INFO]     第 1 页 20 条 共 3 页
2026-05-20 23:55:27,327 [INFO]   ✓ 2024-12-25 10:08:00 (策略A: 10点后首条) 折算价=718.68
2026-05-20 23:55:28,063 [INFO] === 2024-12-26 ===
2026-05-20 23:55:28,341 [INFO]     第 1 页 20 条 共 2 页
2026-05-20 23:55:28,541 [INFO]   ✓ 2024-12-26 10:00:57 (策略A: 10点后首条) 折算价=718.97
2026-05-20 23:55:29,405 [INFO] === 2024-12-27 ===
2026-05-20 23:55:29,631 [INFO]     第 1 页 20 条 共 3 页
2026-05-20 23:55:29,744 [INFO]   ✓ 2024-12-27 10:10:28 (策略A: 10点后首条) 折算价=718.93
2026-05-20 23:55:30,552 [INFO] === 2024-12-28 ===
2026-05-20 23:55:30,726 [INFO]     第 1 页 18 条 共 1 页
2026-05-20 23:55:30,726 [INFO]   ✓ 2024-12-28 10:30:00 (策略A: 10点后首条) 折算价=718.93
2026-05-20 23:55:31,707 [INFO] === 2024-12-29 ===
2026-05-20 23:55:31,939 [INFO]     第 1 页 6 条 共 1 页
2026-05-20 23:55:31,939 [INFO]   ✓ 2024-12-29 10:30:00 (策略A: 10点后首条) 折算价=718.93
2026-05-20 23:55:32,637 [INFO] === 2024-12-30 ===
2026-05-20 23:55:32,825 [INFO]     第 1 页 20 条 共 3 页
2026-05-20 23:55:33,797 [INFO]   ✓ 2024-12-30 10:05:18 (策略A: 10点后首条) 折算价=718.89
2026-05-20 23:55:33,799 [INFO] >>> 补抓进度: 730/731 (99.9%) <<<
2026-05-20 23:55:34,683 [INFO] === 2024-12-31 ===
2026-05-20 23:55:35,115 [INFO]     第 1 页 20 条 共 5 页
2026-05-20 23:55:35,758 [WARNING]     第3页第1次服务端异常或空响应提示
2026-05-20 23:55:37,385 [INFO]   ✓ 2024-12-31 10:00:19 (策略A: 10点后首条) 折算价=718.84
2026-05-20 23:55:38,257 [INFO] == 运行结束，全量数据已安全闭环 ==
